country,year,wage_gap,education_gap,employment_gap,native_gap,immigrant_gap,overall_gap,gdp_pc,part_time_gap
Australia,2010,20.38123167,-6.382107000000005,16.347199000000003,11.27996064,17.517486570000003,14.398723605,122.776402,-43.77199999999999
Australia,2011,19.45830364,-7.470134999999999,16.211098000000007,10.694274899999996,17.213684079999993,13.953979489999996,123.987878,-44.94200000000001
Australia,2012,20.37659718,-7.444217999999999,15.574737,10.181480409999992,17.214630119999995,13.698055264999994,124.053932,-45.444
Australia,2013,21.38690862,-8.811260000000004,14.506141999999995,10.264289860000003,16.628097530000005,13.446193695000003,123.738538,-44.164
Australia,2014,19.94496811,-6.950085000000001,14.499283000000004,9.615394589999994,16.270225519999997,12.942810054999995,122.649471,-43.356
Australia,2015,18.83669352,-8.798638000000004,14.062331999999998,9.129066469999998,17.692085269999993,13.410575869999988,121.821384,-42.404
Australia,2016,18.41601994,-7.862380999999999,13.000876999999988,8.393630979999998,16.750579830000007,12.572105405000002,121.155888,-40.74199999999999
Australia,2017,15.31138461,-9.701331999999994,12.322699999999998,7.599998470000003,16.299995420000002,11.94999694500001,120.03279,-41.146
Australia,2018,16.34133128,-10.395481000000004,11.407425000000003,7.400001529999997,15.0,11.200000765,118.734749,-41.042
Australia,2019,17.77653193,-9.173278000000003,11.981910999999997,7.016799930000005,13.853698730000003,10.435249330000005,115.56982,-40.542
Australia,2020,14.29781268,-10.354563999999996,11.870681000000005,6.207496649999996,14.461708060000008,10.334602354999989,121.892351,-40.056
Australia,2021,15.77333185,-10.092650999999996,9.873787000000007,5.738075249999994,13.063377379999991,9.400726314999986,119.829367,-38.672
Australia,2022,15.23969964,-10.729599,9.29274749000001,4.550498959999999,12.13919068,8.344844820000006,119.313938,-39.694
Australia,2023,13.00002495,-11.33921051,8.280204780000005,4.766006470000008,11.237571720000004,8.001789095000007,116.881332,-37.286
Austria,2010,24.14373323,3.746296000000001,10.852035999999998,10.53620911,15.970764159999987,13.253486635000002,135.26606,-64.482
Austria,2011,23.55489666,4.020661999999998,10.563026000000008,10.290191650000011,16.88879394,13.589492795000012,136.743927,-65.16399999999999
Austria,2012,22.97117524,3.965084000000001,10.164879,8.526260379999997,17.42667771,12.976469045000002,135.935758,-65.416
Austria,2013,22.74180543,3.1937560000000005,9.709450000000004,8.10141754,16.65059662,12.376007079999994,133.311482,-62.31999999999999
Austria,2014,22.37372994,2.579626000000001,9.152595000000003,7.892829890000002,14.235176079999988,11.064002984999988,131.208664,-61.768
Austria,2015,21.76276734,2.826449,8.692709999999991,7.428565979999988,15.865043639999996,11.646804809999992,129.047126,-61.652
Austria,2016,19.83322424,1.569942000000001,8.697845999999998,7.280136110000001,15.015945439999996,11.148040774999998,128.512772,-59.7
Austria,2017,19.6190795,1.0448129999999978,9.041740999999988,7.518081659999993,14.869377139999996,11.193729399999995,127.863894,-59.708
Austria,2018,19.21299348,1.887406000000002,9.637642,7.699996940000005,15.900001520000004,11.799999229999996,128.159638,-61.49199999999999
Austria,2019,18.39321854,0.8334699999999984,9.271156999999988,8.260093690000005,13.32148742999999,10.79079055999999,128.396248,-62.554
Austria,2020,16.9025604,0.384762000000002,8.714264,8.007087709999993,13.77830505,10.892696380000004,125.229505,-61.324000000000005
Austria,2021,16.81950144,-0.1257050000000035,8.471710000000002,7.162216190000009,15.706909180000013,11.434562685000015,123.608337,-60.608
Austria,2022,16.58532495,0.3295749999999984,8.15420499999999,6.772277839999987,14.429229739999997,10.600753789999985,125.508618,-59.99199999999999
Austria,2023,16.16614083,-0.6310653699999946,7.9628372200000115,6.490005499999995,14.064544679999996,10.277275090000003,122.162446,-56.52799999999999
Belgium,2010,10.02514142,-3.986267999999996,12.572891000000006,10.17235565,19.500698090000007,14.836526870000014,128.3651,-62.756
Belgium,2011,8.072437078,-4.401412999999998,12.107893999999996,9.35429001,20.46752549,14.910907749999993,127.267187,-61.99799999999999
Belgium,2012,7.259036145,-5.203994000000002,11.354392999999988,9.311786649999997,19.81270598999999,14.562246319999986,125.782045,-61.97999999999999
Belgium,2013,6.525625745,-5.483897999999996,10.649010000000004,8.411232000000012,20.08126449,14.246248245000018,124.204493,-63.94200000000001
Belgium,2014,6.309420916,-5.995086999999998,9.251175000000003,7.353385919999994,19.657547,13.505466459999994,123.890361,-60.844
Belgium,2015,6.082238721,-6.452223999999994,8.641067000000007,7.172340390000002,18.29012299,12.73123169,122.564529,-60.88
Belgium,2016,5.254237288,-6.635719000000002,9.863449000000005,7.415168769999994,18.61695099,13.01605988,121.880724,-60.592000000000006
Belgium,2017,5.099778271,-6.798774999999999,10.239936,7.0899505600000055,19.90491104000001,13.497430800000004,120.614438,-59.20400000000001
Belgium,2018,5.082454718,-7.384712999999998,8.770659999999992,6.3000030599999945,17.5,11.900001529999995,120.211937,-59.858
Belgium,2019,4.098791382,-8.264423,8.678069999999991,6.153869630000003,16.23561478,11.194742205000011,121.139607,-58.614
Belgium,2020,0.416992442,-9.018634999999996,8.601387000000003,5.504234319999995,17.683517459999997,11.593875889999993,120.086987,-55.646
Belgium,2021,0.642013354,-9.053165999999996,8.300071000000003,5.503852839999993,17.761589049999998,11.632720944999996,120.00783,-52.136
Belgium,2022,0.783162017,-8.822074999999998,8.104897000000008,4.93399810999999,16.76708603,10.850542069999989,120.646,-48.824000000000005
Belgium,2023,1.189691351,-9.098297120000003,8.1613617,4.940002449999994,17.333778380000005,11.136890414999996,120.395603,-48.114
Canada,2010,19.29934989,-9.757332000000003,7.483604,5.689910890000007,12.39685059,9.043380740000003,110.089726,-36.962
Canada,2011,18.74217081,-10.06951141357422,8.678901672363281,5.872467049999997,12.33918,9.105823524999993,110.799944,-35.614000000000004
Canada,2012,18.5265915,-10.927555084228525,8.649078369140625,5.49362945,12.27708435000001,8.885356900000005,110.674644,-36.50800000000001
Canada,2013,18.47757423,-11.43856048583985,8.299995422363281,5.221458440000006,12.019363400000003,8.620410919999998,110.841011,-35.548
Canada,2014,18.3583841,-10.95417022705078,8.63970947265625,5.558975220000008,12.177619929999992,8.868297575,111.143507,-35.370000000000005
Canada,2015,17.99712911,-11.701690673828123,8.820884704589844,5.648269659999997,14.09862518,9.87344741999999,108.863577,-34.808
Canada,2016,17.69040345,-12.086589813232417,8.488639831542969,5.2494430499999964,14.01352691999999,9.631484985,107.416483,-33.087999999999994
Canada,2017,18.03417481,-12.510860443115227,8.368736267089844,5.207672119999998,12.17979432,8.693733219999984,107.063649,-32.34
Canada,2018,17.3550548,-12.92095947265625,8.347389221191406,4.5,12.0,8.25,106.565031,-33.756
Canada,2019,16.97332896,-12.25490951538086,8.14825439453125,5.035476680000002,12.13063812,8.583057400000001,105.847265,-31.736
Canada,2020,15.90400787,-12.972290039062491,8.297477722167969,5.594078069999995,12.049255369999996,8.821666719999996,103.976347,-31.620000000000005
Canada,2021,15.84975038,-12.922576904296877,7.8961181640625,5.100616450000004,11.03640747,8.068511959999995,103.463337,-28.866000000000007
Canada,2022,16.26509369,-13.50299072265625,7.811309814453125,4.358665469999991,10.509956360000004,7.434310914999997,103.212559,-32.172
Canada,2023,16.20368533,-13.719253540039062,7.34979248046875,4.1592788700000085,10.639556889999994,7.3994178800000014,100.720565,-28.904
Chile,2010,,,,,,,54.686317,-17.352000000000004
Chile,2011,13.08551538,0.177664,33.10349299999999,26.82789612,17.84970091999999,22.33879852,56.610849,-22.296000000000006
Chile,2012,,,,,,,58.987306,-24.39
Chile,2013,15.96968668,-0.0928439999999994,30.157943,25.05073929,17.471389770000002,21.26106453,59.698541,-24.052000000000007
Chile,2014,,,,,,,59.237673,-25.144000000000005
Chile,2015,14.59520155,-0.0391079999999988,27.897006999999995,23.087478640000008,18.40676117,20.747119905000005,58.730908,-24.166
Chile,2016,,,,,,,58.388225,-23.730000000000004
Chile,2017,10.65840922,-0.9900684356689524,25.6196060180664,22.113525390000007,15.11767578,18.61560058500001,57.145379,-23.21
Chile,2018,,,,,,,57.366002,-20.966
Chile,2019,,,,,,,56.032533,-20.15600000000001
Chile,2020,14.83171859,-1.017548999999999,22.843147,18.299999230000005,16.3999939,17.349996565000012,54.002331,-15.415999999999997
Chile,2021,16.06367699,,,20.90999985,18.18999481,19.54999733,56.135346,-14.629999999999995
Chile,2022,19.72992693,-2.415491104125977,22.50870895385743,18.7100029,16.980003359999998,17.845003129999995,55.481447,-20.122
Chile,2023,18.8593827,,,19.587726759999995,15.289937539999997,17.438832149999996,54.818732,-19.372
Colombia,2010,13.96253308,-1.9252520000000004,29.913581,,,,33.441652,-33.452
Colombia,2011,10.60217166,-2.232564999999997,29.303109,,,,34.881252,-34.462
Colombia,2012,12.91111885,-2.744387,28.10923,,,,35.617302,-34.01
Colombia,2013,9.749305064,-3.31138,28.063755000000008,,,,36.69205,-35.13399999999999
Colombia,2014,14.91505387,-3.571826999999999,28.075497,,,,37.119786,-36.636
Colombia,2015,11.44422481,-3.79044914,27.36505509,,,,37.116237,-38.49000000000001
Colombia,2016,9.850291028,-3.944963450000003,27.79653931,,,,37.019113,-40.136
Colombia,2017,8.871017801,-3.637748720000001,27.69649124,21.500003810000003,22.90000153,22.20000266999999,36.277649,-39.55
Colombia,2018,6.510817966,-4.408870689999997,28.394653320000003,22.099998470000003,23.0,22.549999235,35.932055,-39.238
Colombia,2019,7.930337471,-4.5512619,28.793769829999995,22.10000229,25.59999848,23.850000385,35.849016,-37.02000000000001
Colombia,2020,2.461095933,-4.976818090000002,30.72948837,24.29999542,28.79999924,26.54999733000001,34.131533,-32.602000000000004
Colombia,2021,2.092951817,-4.700082779999999,32.002872460000006,28.99999619,36.0,32.49999809500001,35.22874,-25.212000000000003
Colombia,2022,0.100390482,-5.095922469999998,28.931327820000007,,,,36.456933,-29.196
Colombia,2023,1.656794958,-5.260303499999999,27.73673629999999,25.771232470000008,33.149255090000004,29.460243780000013,35.951489,-34.68000000000001
Costa Rica,2010,11.94730418,-1.897312,35.36279699999999,,,,43.382558,-32.858000000000004
Costa Rica,2011,12.3461108,-1.2303950000000017,34.579621,,,,44.213782,-31.360000000000007
Costa Rica,2012,13.81799727,-1.5746000000000002,29.452641,,,,45.414551,-35.026
Costa Rica,2013,11.87705239,-3.083966,31.262139,,,,45.455488,-33.318000000000005
Costa Rica,2014,16.10180941,-1.4689000000000014,31.846584,,,,45.751777,-28.03
Costa Rica,2015,12.61810824,-1.937587999999998,31.895542,,,,45.934082,-30.038000000000004
Costa Rica,2016,11.64236152,-3.607554999999998,33.62912,,,,46.711431,-26.804
Costa Rica,2017,11.69663626,-2.4103640000000013,33.736294,,,,47.084448,-29.748
Costa Rica,2018,11.27038396,-2.072405,32.609531000000004,,,,46.950006,-35.605999999999995
Costa Rica,2019,11.9388829,-2.4017470000000003,31.52531,24.90000153,24.5,24.700000765,47.045904,-33.123999999999995
Costa Rica,2020,5.774613713,-2.6851200000000013,31.239612,24.70000076,27.699996940000005,26.19999885,46.603124,-22.894000000000005
Costa Rica,2021,3.737903721,-2.5239970000000014,32.560562000000004,23.60000229,26.89999771,25.250000000000007,47.021168,-26.840000000000003
Costa Rica,2022,0.479212529,-4.543284,31.591023000000007,23.84000015,28.05999756,25.949998855000004,47.464676,-35.214
Costa Rica,2023,4.106446023,-3.3187713599999995,33.22162629,24.75737772,32.78486015,28.771118935000004,48.909279,-27.946
Czechia,2010,21.2487647,0.9868469999999974,19.351261000000008,16.960052490000002,21.73923111000001,19.3496418,90.231558,-47.330000000000005
Czechia,2011,22.67867912,0.3522560000000005,18.641189,16.36976242,25.23233032,20.801046369999995,90.667662,-53.94800000000001
Czechia,2012,22.08637828,-0.5276999999999994,18.228591999999992,15.724689490000005,24.275112150000005,19.999900820000008,89.19231,-47.370000000000005
Czechia,2013,21.694343,-1.005704999999999,17.62608300000001,15.212699889999996,22.24594879,18.72932433999999,88.221266,-49.25
Czechia,2014,21.93062145,-1.6946510000000004,17.55488600000001,15.348808289999994,23.90815735000001,19.628482819999988,88.79476,-48.74600000000001
Czechia,2015,21.87925556,-2.4751340000000006,16.714493000000004,14.628921509999998,22.54490661,18.58691406,91.356072,-47.762
Czechia,2016,21.06970217,-2.1527579999999986,15.835433999999992,14.339416509999992,20.36112976,17.35027313499998,92.505261,-51.21600000000001
Czechia,2017,20.72143003,-3.0670280000000005,15.759741999999989,14.050239560000009,18.255760190000004,16.152999875000006,95.18212,-53.55799999999999
Czechia,2018,19.94433636,-3.6825600000000014,15.319252000000006,13.5,17.30000305,15.400001524999992,96.066895,-51.862
Czechia,2019,18.79644324,-3.725158999999998,15.099647000000004,13.540374749999998,16.281715390000002,14.91104507,98.249478,-46.718
Czechia,2020,16.4840446,-4.863775,14.982627999999991,14.0,17.099998479999996,15.549999240000004,97.73732,-48.268
Czechia,2021,15.21068859,-5.857953999999999,15.104423999999996,13.43434142999999,19.696128850000008,16.56523514,96.033575,-46.25999999999999
Czechia,2022,17.7353458,-6.071822000000001,14.760208000000006,13.020202639999994,17.352340690000005,15.186271664999992,93.973435,-41.946
Czechia,2023,17.73845231,-7.26462746,13.388130189999998,12.76171112,17.621116639999997,15.19141388,92.016458,-40.71600000000001
Denmark,2010,11.983277,-6.932037999999999,6.143767999999994,5.929901119999997,10.613388059999991,8.271644589999994,133.823055,-32.536
Denmark,2011,12.78885185,-8.321181999999997,7.176850000000002,5.684448250000003,8.360183720000009,7.022315985000006,133.050057,-30.578000000000003
Denmark,2012,12.62362386,-10.509013999999995,6.302948000000001,5.060981749999996,8.751586919999994,6.906284334999995,131.537114,-26.982
Denmark,2013,12.18378486,-10.348727999999998,6.596655999999996,4.44029999,7.583580019999999,6.011940005,131.387192,-28.675999999999995
Denmark,2014,11.35600655,-9.736468999999996,7.480087999999995,5.003555290000008,12.83655548,8.920055385000012,130.309545,-26.536
Denmark,2015,10.75408941,-10.738943,8.369979999999998,5.159011840000005,12.688713069999991,8.923862455000005,129.571256,-26.934
Denmark,2016,10.47011959,-9.443636999999995,8.071076000000005,4.581298829999994,9.828918450000003,7.205108639999992,130.841265,-23.424000000000007
Denmark,2017,10.01975998,-10.799172,7.252769999999998,4.372047429999995,11.084030150000004,7.728038789999999,131.17647,-23.32
Denmark,2018,12.74981083,-11.371468,7.554795000000013,4.199996949999999,12.0,8.099998475000007,130.660143,-26.686000000000007
Denmark,2019,9.45677519,-10.962004999999998,7.6991430000000065,4.87454987000001,13.29031372,9.08243179499999,130.915093,-24.989999999999995
Denmark,2020,9.096764476,-10.392006000000002,7.520684000000003,5.100006100000002,10.599998479999996,7.850002289999992,134.169197,-24.40000000000001
Denmark,2021,9.234754363,-11.875942000000002,7.0435250000000025,5.314796449999989,11.488464359999996,8.401630404999992,134.375591,-23.992000000000004
Denmark,2022,8.961374028,-13.749759669999996,5.683525079999996,4.219238279999999,7.867874139999998,6.043556209999991,130.425974,-24.02200000000001
Denmark,2023,8.42383165,-12.96750641,6.244560239999998,4.279739380000009,7.710868840000003,5.995304110000006,128.927353,-25.382000000000005
Estonia,2010,28.84017498,-17.296471,1.3405599999999964,5.744789130000001,5.346893309999999,5.54584122,69.596818,-35.772
Estonia,2011,,-17.072478000000004,5.717101999999997,6.095870970000007,10.706863400000003,8.401367185000012,73.997594,-41.062000000000005
Estonia,2012,,-16.943165,5.830337999999998,6.611785890000007,10.805435180000003,8.70861053500002,76.384996,-42.824000000000005
Estonia,2013,,-17.701138000000004,6.793518000000006,6.849655150000004,7.049369810000002,6.94951248000001,77.170942,-37.49799999999999
Estonia,2014,29.83578732,-17.694002,8.454887,7.422698969999999,12.504348750000004,9.96352386000001,78.764251,-31.652
Estonia,2015,,-19.029688,7.389731999999995,7.112304690000002,9.762313840000004,8.437309264999996,78.80475,-38.19
Estonia,2016,,-18.910282,8.060203000000001,8.091613769999995,13.213958739999995,10.652786254999995,80.082596,-31.454
Estonia,2017,,-19.344331,6.997467,6.9968109200000015,12.64279938,9.819805149999992,82.83743,-35.27
Estonia,2018,24.01634462,-20.316840000000003,7.389167999999998,6.800003050000001,8.200004579999998,7.500003814999985,84.194628,-35.308
Estonia,2019,,-20.83,7.302963000000005,6.187034610000012,7.346534730000002,6.766784670000007,86.002166,-35.5
Estonia,2020,,-20.401844,5.9012599999999935,4.506332389999997,3.3472366299999976,3.9267845099999903,87.073236,-31.076
Estonia,2021,,-21.498821,3.9704210000000018,3.82141876,10.883193969999994,7.35230636499999,88.940878,-36.22200000000001
Estonia,2022,23.08254919,-22.699179,3.859741,2.0119018599999947,12.052459720000002,7.032180790000012,85.533795,-37.374
Estonia,2023,25.60711012,-22.39359474,2.8382492100000007,0.0284500100000002,10.581382750000005,5.3049163799999945,80.258031,-33.668000000000006
Finland,2010,20.60851285,-11.553450999999995,3.371330999999998,3.008346559999993,15.716384879999993,9.36236572,121.121148,-28.226
Finland,2011,22.14216374,-12.701343,4.028564000000003,4.354492190000002,9.463226320000004,6.90885925500001,121.64134,-25.582
Finland,2012,21.08223102,-12.875236,3.128304,3.2365798900000016,12.001129149999995,7.618854520000013,118.306031,-27.334000000000003
Finland,2013,21.83030478,-12.943965999999996,3.452315999999996,2.925331119999996,11.903892509999991,7.414611815000001,115.337903,-29.252
Finland,2014,21.62710078,-13.260308000000002,2.427970000000002,2.2971420300000034,12.622184750000002,7.459663390000003,112.52469,-28.532000000000004
Finland,2015,20.56484892,-13.074982000000006,2.5765990000000016,1.9946060100000125,12.832992559999994,7.41379928500001,110.491068,-23.956000000000003
Finland,2016,19.13298896,-14.26547241,3.781089779999988,2.8903884900000065,13.608161929999994,8.249275209999993,111.634884,-26.298
Finland,2017,19.42833015,-15.515934,3.358704000000003,2.724639889999992,15.74178314000001,9.233211514999994,112.636482,-25.16
Finland,2018,21.48266935,-15.605990999999996,3.9119730000000033,2.4000015299999973,13.69999695,8.049999240000005,111.852105,-27.126000000000005
Finland,2019,20.46000687,-14.931484999999997,2.555664000000008,2.613929740000003,11.949729919999996,7.281829829999992,112.006906,-28.828000000000003
Finland,2020,18.41404903,-16.051372999999998,2.934875000000005,3.309410099999994,10.888626099999996,7.099018099999995,114.022266,-23.724000000000004
Finland,2021,18.8823117,-15.214627,1.592995000000002,1.8575057900000047,13.161972039999997,7.509738915000014,110.348696,-23.738
Finland,2022,18.74048835,-14.174915309999996,1.4320144699999986,0.8727951099999984,7.681175240000002,4.276985174999993,108.098964,-24.422
Finland,2023,18.78865167,-15.128849029999998,0.2316436699999968,0.4547424300000102,5.631767279999991,3.0432548550000007,105.568918,-24.83
France,2010,16.29466364,-3.406020999999999,9.383629,7.592941279999991,17.57780455999999,12.585372919999983,115.45233,-57.45
France,2011,,-3.3850929999999977,9.449378999999992,7.264289860000005,16.766407020000003,12.015348440000004,115.990188,-56.368
France,2012,,-3.71322,9.119788999999995,7.402709959999996,19.150379189999995,13.276544574999988,114.77067,-56.786
France,2013,,-3.977957000000004,8.327347000000003,6.66921997,20.93633652,13.802778245,113.846712,-55.592000000000006
France,2014,16.32689328,-4.577416,7.755684000000002,6.760040289999992,17.020980840000007,11.890510565000008,112.626195,-53.166
France,2015,,-5.034024999999996,7.570205999999999,6.465110769999996,17.93462753,12.199869150000003,111.124903,-52.568000000000005
France,2016,,-4.7025409999999965,7.796942999999999,6.10370635999999,18.12904358000001,12.116374969999995,110.285461,-51.786
France,2017,,-4.776947,8.326363,6.32945251000001,18.93707275,12.633262630000004,109.778853,-51.048
France,2018,17.38152012,-5.231625000000001,7.939858000000001,5.700004579999998,19.09999848,12.400001529999995,109.163153,-49.72800000000001
France,2019,,-5.444626,7.556999000000005,5.243492130000007,18.526267999999995,11.88488006499999,109.726342,-49.414
France,2020,,-5.802776999999999,7.453254999999999,3.6628875700000094,18.02590561,10.844396590000017,105.84265,-48.602
France,2021,,-5.798415999999996,6.713204000000005,4.451507570000004,16.931861880000007,10.691684725000002,106.346203,-47.988
France,2022,13.02726273,-6.30522156,6.480690009999989,4.216438289999999,16.372295379999997,10.294366835000003,106.090255,-46.156000000000006
France,2023,10.21883723,-6.582046509999998,6.132057189999998,3.951332090000008,15.297988890000006,9.624660489999997,106.213522,-45.69
Germany,2010,17.16324637,6.445418999999998,11.350693000000009,9.2976532,21.70848083,15.503067015,126.776643,-65.362
Germany,2011,22.05899117,5.295268999999998,11.070137000000004,8.257438660000005,19.39790726,13.82767296,129.63521,-63.852
Germany,2012,19.05897491,4.737955000000003,11.094764999999995,8.95858002,19.79515839,14.376869204999991,129.060484,-63.35
Germany,2013,18.90548746,4.233731000000002,10.308144,8.185150149999998,19.285804740000003,13.735477445000017,127.950902,-62.362
Germany,2014,19.40975,6.783276000000001,9.909958000000003,7.681358339999988,19.04590607,13.363632205000002,128.333914,-61.846
Germany,2015,17.9959007,6.385516999999997,9.426956000000004,7.030860900000008,18.67099762000001,12.85092926,127.010764,-61.78399999999999
Germany,2016,19.16267032,6.083396999999998,8.998374999999996,6.7170104999999865,16.694816590000002,11.705913545,127.417361,-61.062000000000005
Germany,2017,16.84782112,5.651394,8.850241999999994,6.509857179999997,15.8898468,11.199851990000012,127.964542,-60.17
Germany,2018,18.58741694,5.210725,8.75,6.599998470000003,16.900001520000004,11.749999994999996,127.001724,-60.338
Germany,2019,17.328814,5.137059999999998,8.602729999999994,6.388717650000004,17.36538696000001,11.877052305000008,126.763753,-59.548
Germany,2020,16.79650079,4.530874000000001,6.64110500000001,5.838729860000001,16.940025329999997,11.389377595000012,127.201323,-57.97
Germany,2021,18.74655433,4.180824000000001,7.954216000000002,5.671165460000012,17.36486817000001,11.51801681500001,125.024935,-56.50399999999999
Germany,2022,18.51478393,4.095458990000001,8.417640689999999,5.208625789999999,18.037300110000004,11.622962950000002,123.288623,-55.636
Germany,2023,17.33614406,3.8263836,8.268104550000004,4.740211490000007,17.815956110000002,11.27808380000002,119.831354,-54.644000000000005
Greece,2010,17.08334338,0.3977140000000005,25.144589000000003,20.487987520000004,28.20707321,24.347530365,84.856675,-34.774
Greece,2011,,0.2601700000000022,23.031204,19.37532043,28.02111817,23.698219300000005,75.470759,-28.617999999999995
Greece,2012,,-0.0279319999999998,20.722107,17.7016182,27.24463653,22.473127365000003,69.025172,-29.111999999999995
Greece,2013,,-0.1944080000000028,20.361412,17.934310910000008,25.11639405,21.52535248,67.207371,-26.604
Greece,2014,13.84178589,-0.8198829999999973,19.14843299999999,16.488113409999997,23.16113281,19.82462311,67.137876,-23.123999999999995
Greece,2015,,-2.066806999999997,19.188832,15.401142120000005,22.888229370000005,19.144685745000004,66.118152,-24.47
Greece,2016,,-3.397092999999998,20.29874,15.09680557,22.986969,19.04188728500001,65.554901,-23.92
Greece,2017,,-3.40702,21.076709,15.652996060000008,23.473396300000005,19.563196180000013,65.252638,-25.524
Greece,2018,14.80508214,-2.757444,22.368198000000007,15.89999771,25.799999230000005,20.849998470000003,65.584286,-24.506
Greece,2019,,-3.387765999999999,21.672104000000004,15.555191040000004,25.73670959,20.645950315000007,66.410969,-27.418000000000006
Greece,2020,,-3.568920000000002,20.364884,16.20555497,23.28958511,19.74757004,63.196184,-29.744
Greece,2021,,-3.0678370000000044,20.991260999999994,15.019687649999996,22.24360275,18.631645199999987,65.202035,-36.482
Greece,2022,14.74222892,-4.096401,21.86550499999999,15.60187149,24.62908173,20.11547661,67.463458,-35.198
Greece,2023,15.01991997,-4.826318739999998,20.79088593000001,14.680541990000002,27.84607696,21.263309475,68.380893,-40.226
Hungary,2010,16.51276848,-4.859234000000001,11.720336999999994,11.736148839999998,7.461540220000003,9.598844529999994,63.866377,-32.93600000000001
Hungary,2011,16.31912167,-4.796904000000001,12.744854000000004,11.898189539999995,17.2423935,14.57029151999999,64.322345,-23.986000000000004
Hungary,2012,20.01431435,-5.772044999999999,12.648692999999994,11.477012630000004,15.07513428,13.276073455000002,63.343408,-31.484
Hungary,2013,18.41246031,-6.143257000000002,13.379241,12.341579440000004,17.67015074999999,15.005865094999995,64.190963,-26.379999999999995
Hungary,2014,15.09044194,-6.097715000000001,13.903816,12.56510162,21.2040329,16.884567259999997,66.203402,-27.324
Hungary,2015,17.35471095,-6.279271000000001,14.656914,12.933719639999993,20.072433470000007,16.503076555000007,67.536519,-30.104000000000006
Hungary,2016,17.19342849,-6.347248,14.567977999999997,13.409252169999997,16.86705017,15.138151169999986,68.597072,-33.388000000000005
Hungary,2017,15.34988187,-5.9854720000000015,15.712936999999997,14.077545160000014,10.798873900000004,12.438209530000025,70.163467,-32.798
Hungary,2018,13.73229971,-6.863705,15.500267000000008,14.099998470000005,14.0,14.049999235,72.967558,-37.37200000000001
Hungary,2019,18.57943254,-8.657643,16.003287999999998,14.951042180000002,7.1929244999999895,11.071983339999989,75.924978,-39.12799999999999
Hungary,2020,17.61490601,-8.302131999999997,16.49239399999999,10.713653559999996,10.99498749,10.854320524999991,76.143172,-36.962
Hungary,2021,17.92277183,-9.013165,10.811935000000004,9.935707089999994,9.510673530000004,9.723190310000009,77.419421,-35.111999999999995
Hungary,2022,18.95054372,-9.102455139999996,10.116851799999992,9.501647950000006,9.649383549999996,9.575515750000008,78.821559,-28.78
Hungary,2023,19.03270009,-9.80842781,9.326477049999994,8.724296570000007,15.431953430000007,12.078125,77.459799,-32.175999999999995
Iceland,2010,19.20892767,-10.205809000000002,6.578452999999996,5.751441959999994,5.613227839999993,5.6823348999999865,126.452766,-38.72800000000001
Iceland,2011,,-11.252730999999995,7.347244000000003,5.652885439999992,4.373291010000003,5.013088225000004,127.215756,-38.798
Iceland,2012,,-11.487879000000005,6.647812000000002,4.236755370000012,6.138504019999999,5.1876296950000125,126.904123,-33.43600000000001
Iceland,2013,,-12.144728999999998,8.513886,4.815605160000004,6.6413497899999925,5.728477475000005,128.68603,-36.792
Iceland,2014,18.58401252,-11.969593000000003,8.450935000000001,5.51791381000001,4.134361269999999,4.826137540000005,127.673821,-34.554
Iceland,2015,,-14.269748999999996,8.856787999999995,4.418601989999999,9.724639889999992,7.0716209400000025,128.672498,-33.244
Iceland,2016,,-15.187372,8.324530999999993,5.963844300000005,5.97531128,5.969577790000002,133.021737,-31.180000000000007
Iceland,2017,,-15.020198999999998,7.25766800000001,5.844696040000002,2.5514602699999926,4.19807815499999,131.570538,-33.17400000000001
Iceland,2018,15.99547176,-16.99416,8.01231399999999,5.099998470000003,9.600006100000002,7.350002284999988,132.001522,-33.504
Iceland,2019,,-15.633442000000002,7.767799000000011,4.9000091500000025,8.02516937,6.4625892600000014,129.78554,-35.175999999999995
Iceland,2020,,-13.286933999999995,7.183502000000004,6.0,1.6999969400000057,3.8499984700000014,125.134543,-33.34
Iceland,2021,,-16.385082999999995,8.070876999999996,5.18509675,7.407104490000009,6.296100620000004,122.442616,-36.26599999999999
Iceland,2022,,-21.340919490000005,6.466468810000009,4.739402769999998,5.767585760000003,5.2534942650000005,126.914642,-32.464
Iceland,2023,,-20.79590606,7.346343999999988,5.209892280000005,8.304862979999996,6.757377630000008,128.821716,-32.578
Ireland,2010,18.29269585,-6.377605000000003,10.678314,14.284038539999996,18.46014786,16.372093199999995,132.26481,-55.398
Ireland,2011,,-6.539321999999999,10.289344000000009,14.223804469999996,16.58784865999999,15.405826564999998,131.887927,-53.580000000000005
Ireland,2012,,-6.884991000000007,10.530034,14.163906099999998,16.42653275,15.295219425,129.810682,-51.322
Ireland,2013,,-7.595775000000003,11.992835999999995,13.45484924,17.615821840000002,15.535335539999991,130.569963,-47.93000000000001
Ireland,2014,15.92283381,-7.328701000000002,13.001407999999998,13.68780899,17.63862990999999,15.66321945,139.635822,-47.09
Ireland,2015,,-7.639686999999995,13.596224999999995,13.589324949999998,18.46753693,16.028430940000007,169.06777,-48.818000000000005
Ireland,2016,,-9.259968,12.922294000000008,12.430816649999995,18.50344849,15.467132570000004,167.010011,-47.744
Ireland,2017,,-6.749180000000003,13.396361999999996,11.238594059999995,15.39563751,13.317115785,177.468774,-51.036
Ireland,2018,15.41674986,-7.545906000000002,13.505095999999996,10.700004579999998,14.799995420000002,12.75,185.155465,-49.85
Ireland,2019,,-7.449840000000002,13.653374,10.803550720000004,14.887786860000006,12.84566879000002,189.246145,-52.476
Ireland,2020,,-7.083798000000002,13.620559,10.616210940000002,15.856735220000004,13.236473079999996,209.234804,-54.062000000000005
Ireland,2021,,-8.197330999999998,11.079589999999996,8.506439209999996,12.465515139999994,10.485977174999988,227.13639,-53.04599999999999
Ireland,2022,15.90389568,-7.638271331787109,12.41461944580078,9.29360199,12.460273739999993,10.876937864999988,233.126575,-54.01599999999999
Ireland,2023,16.80041843,-7.377140045166023,10.912841796875,7.702400210000007,12.209922790000007,9.956161500000007,220.745034,-52.11600000000001
Israel,2010,25.48797382,-7.759190000000004,11.031097000000004,,,,82.456788,-49.708
Israel,2011,24.89500479,-6.40504,11.18070999999999,,,,84.018078,-48.718
Israel,2012,24.32988529,-8.858052,11.031006000000003,9.95360565,6.531532280000008,8.242568965000004,83.732599,-39.356
Israel,2013,25.71408681,-8.935398,10.721373999999996,9.700691219999996,6.68764496,8.194168089999991,84.683983,-39.958
Israel,2014,25.88653955,-9.170177000000002,9.490914000000004,8.966369629999988,5.017852790000006,6.9921112100000045,84.963337,-40.468
Israel,2015,24.22555619,-8.452221000000002,10.09125499999999,9.301094059999995,4.240577700000003,6.770835879999993,83.601077,-39.468
Israel,2016,26.96285447,-9.284374,9.415047,8.393569940000006,3.7372741700000063,6.065422055000013,84.68542,-40.49799999999999
Israel,2017,25.91035096,-9.009102000000006,9.908363000000008,8.07607268999999,4.6740646299999895,6.375068659999997,84.960415,-41.382000000000005
Israel,2018,24.23386145,-9.249324,7.903769999999994,6.299995420000002,4.400001529999997,5.349998475000007,85.287172,-42.926
Israel,2019,23.7663108,-10.367030999999995,7.687072999999998,5.8521499600000055,3.5635299700000047,4.707839965000005,85.932873,-41.152
Israel,2020,23.31949138,-10.043407000000002,6.310256999999993,5.17147064000001,3.7471237200000047,4.459297180000021,86.604663,-41.93600000000001
Israel,2021,25.57830236,-9.921875,5.227669000000006,5.159996030000002,3.680000300000003,4.419998164999996,88.018,-42.22800000000001
Israel,2022,25.83703571,-10.95533752,5.745399480000003,,,,89.520807,-42.934
Israel,2023,,-10.50287247,5.115783690000001,,,,88.451913,-40.98599999999999
Italy,2010,11.47453352,-3.083502,24.427341,21.69537735,27.462043760000007,24.578710555,112.259916,-57.068000000000005
Italy,2011,,-3.055800999999999,23.829159000000004,21.174327850000005,26.13132858,23.652828215,111.005642,-56.636
Italy,2012,,-3.5344490000000004,22.14489,20.07496644,23.37561035000001,21.725288395,106.420317,-53.47399999999999
Italy,2013,,-3.688361,21.18079400000001,19.59719085,21.676857,20.637023925,103.140772,-50.93000000000001
Italy,2014,15.31130095,-3.954877,20.63512,19.070316309999995,21.26190948,20.166112895,101.528554,-49.726
Italy,2015,,-4.516069999999999,21.150967,19.71392823,22.862861630000005,21.288394930000003,100.591401,-49.892
Italy,2016,,-4.820302999999999,21.286602,19.067146310000005,23.96542358,21.516284945,100.77154,-49.072
Italy,2017,,-5.667233,20.912674000000003,18.509937290000003,23.815166479999995,21.162551885,100.426142,-50.124
Italy,2018,13.83130118,-5.641204999999999,20.75414600000001,18.300003059999995,24.20000458,21.25000381999999,99.717992,-52.316
Italy,2019,,-5.718589999999999,20.540831999999995,17.60208893,25.21253204,21.407310485,99.291443,-52.30799999999999
Italy,2020,,-5.986431,20.676190000000005,17.510890960000005,27.92293548,22.71691322,95.085077,-50.608
Italy,2021,,-6.257234,20.119553000000003,17.006748200000004,26.59489059,21.800819395000005,98.323618,-48.732
Italy,2022,11.97711016,-6.470433,20.678183999999995,16.883861550000006,26.89559174,21.889726645000003,100.680119,-51.664
Italy,2023,7.126864177,-6.583072659999999,20.28790283,16.743495940000003,26.55383682,21.64866638000001,100.644298,-52.988
Japan,2010,30.67316479,1.377898999999999,24.83622800000001,,,,94.091226,-50.696
Japan,2011,29.36338715,0.8849639999999965,24.904499,,,,92.893591,-52.05
Japan,2012,29.14893617,0.2798230000000004,24.02300199999999,,,,93.652878,-52.22200000000001
Japan,2013,28.65030675,0.4225959999999986,22.713036,,,,94.652313,-51.672
Japan,2014,27.79126214,-0.0971760000000045,22.043296999999995,,,,93.516303,-50.53999999999999
Japan,2015,27.78275142,0.0348049999999986,21.07290599999999,,,,93.243489,-51.24199999999999
Japan,2016,27.02863962,-0.3244430000000022,20.349327,,,,92.918176,-52.898
Japan,2017,26.64679583,-1.414703000000003,19.369484,,,,92.65665,-54.76599999999999
Japan,2018,26.68838863,-1.812344000000003,17.697235000000006,,,,91.835217,-52.636
Japan,2019,25.73964497,-2.4279550000000043,16.464164999999994,,,,90.659107,-48.93600000000001
Japan,2020,25.67886659,-2.255901000000001,16.567352,,,,91.183266,-45.544
Japan,2021,24.79240807,-2.928002,15.851653999999996,,,,88.580702,-45.694
Japan,2022,23.22064057,-2.3806800800000048,14.64857483,,,,87.557658,-48.28399999999999
Japan,2023,25.16386435,-3.490974420000001,13.974739069999998,,,,88.336025,-48.06
Korea,2010,37.04384676,8.363605999999997,26.794106,,,,89.489306,-26.206000000000003
Korea,2011,35.88762252,8.896021999999995,26.938965,,,,90.733908,-15.525999999999996
Korea,2012,34.97627684,8.402638000000003,26.929523,,,,91.848229,-25.92
Korea,2013,35.39093895,8.136683999999995,26.44053600000001,,,,93.411471,-24.894000000000005
Korea,2014,35.69306487,7.775204000000002,26.198010000000004,,,,94.328089,-29.384
Korea,2015,36.13976438,7.473915000000005,25.176887,,,,94.698112,-30.687999999999995
Korea,2016,35.15272012,7.184669999999997,24.534519000000003,,,,96.115159,-32.422
Korea,2017,34.1281258,6.560398999999997,23.902165000000004,,,,97.054452,-29.712
Korea,2018,32.32500058,5.597374000000002,22.964138000000005,,,,97.984671,-30.611999999999995
Korea,2019,31.6135838,4.704719999999995,21.416455000000006,,,,98.805819,-29.952
Korea,2020,30.45038121,4.282418,21.409648999999995,,,,102.459194,-24.054
Korea,2021,30.33347869,3.989128000000001,20.874576000000005,17.56227112,28.262096400000004,22.912183760000005,101.354758,-26.248000000000005
Korea,2022,30.08554971,3.5219573900000043,20.11305236999999,16.56951141999999,27.19701004,21.88326072999999,101.696012,-25.623999999999995
Korea,2023,29.33355374,3.3142585800000006,18.706840510000006,15.253539939999996,26.43372045,20.843630195,102.141073,-27.989999999999995
Latvia,2010,19.53017164,-12.294265000000005,-0.7149809999999945,,,,53.80982,-30.108000000000004
Latvia,2011,,-13.956625000000004,1.6216890000000037,,,,55.655002,-26.724000000000004
Latvia,2012,,-15.111041999999998,3.132462000000004,,,,59.996376,-31.678
Latvia,2013,,-15.165035,3.953705,,,,61.213758,-31.896
Latvia,2014,21.54361115,-15.882547999999996,4.10883299999999,,,,62.102105,-39.77600000000001
Latvia,2015,,-17.8246,4.048621999999995,,,,63.741939,-40.24199999999999
Latvia,2016,,-17.863294999999997,3.1700969999999984,,,,65.15524,-32.126000000000005
Latvia,2017,,-17.223570000000002,4.225914000000003,4.690406790000012,12.409599299999996,8.550003045000011,66.572675,-35.56999999999999
Latvia,2018,23.15873094,-17.401915000000002,4.033844000000002,4.700004579999998,11.599998479999996,8.150001529999997,68.772514,-37.828
Latvia,2019,,-16.622313000000002,3.871758,4.458564750000008,8.020759580000004,6.239662164999999,68.943939,-30.636
Latvia,2020,,-17.388192999999998,3.284104000000013,4.600631710000002,10.291198730000003,7.445915220000018,70.046174,-30.196
Latvia,2021,,-19.036919,4.596755999999999,5.046829219999992,13.231849670000004,9.139339445000005,71.34871,-32.63999999999999
Latvia,2022,22.68432828,-19.496307,3.201934999999992,3.930351250000001,12.780319210000002,8.355335230000009,70.829673,-38.50200000000001
Latvia,2023,23.62953667,-18.24271393,3.353454590000013,4.133285519999987,9.01456451,6.573925015,69.598275,-33.138000000000005
Lithuania,2010,16.44867264,-12.245212,-1.6065520000000078,,,,60.034975,-39.38399999999999
Lithuania,2011,,-12.275415000000002,0.4860690000000005,,,,64.336306,-32.392
Lithuania,2012,,-12.935667,1.4641880000000072,,,,67.510047,-35.298
Lithuania,2013,,-13.170519,2.3535540000000026,,,,70.131088,-40.26400000000001
Lithuania,2014,17.63493668,-12.383382,1.7918240000000054,,,,72.236404,-38.400000000000006
Lithuania,2015,,-13.807041000000002,1.9841530000000065,,,,73.494948,-42.00200000000001
Lithuania,2016,,-15.301275,1.455192000000011,,,,75.403961,-38.3
Lithuania,2017,,-14.704014,0.7532119999999907,5.317699429999998,10.05091858,7.684309005000003,78.167612,-36.088
Lithuania,2018,16.73906321,-14.857929,2.347152999999992,2.900001520000004,6.0,4.450000759999995,81.267932,-36.52799999999999
Lithuania,2019,,-14.962834,1.674376999999993,2.19010926,4.430511469999999,3.3103103649999923,84.377406,-32.452
Lithuania,2020,,-14.104526999999996,1.6384509999999892,2.5999984799999964,7.400001529999997,5.000000005000004,88.295548,-28.95
Lithuania,2021,,-13.982565999999998,1.1076889999999937,1.7126693700000004,7.1530609200000015,4.432865144999994,88.768871,-37.59
Lithuania,2022,13.59680657,-15.568523,1.2494279999999949,0.9820709199999982,5.496482850000007,3.239276885000009,88.007559,-47.0
Lithuania,2023,,-16.48326874,2.1405639700000023,1.809005740000004,7.184158329999988,4.496582034999989,86.165095,-40.650000000000006
Luxembourg,2010,12.989724375,6.86195,18.484573,15.153369899999994,16.834220889999997,15.993795394999992,287.736306,-70.858
Luxembourg,2011,,4.9565509999999975,17.222960999999998,12.683296200000008,15.394157410000004,14.038726804999996,279.940524,-66.68799999999999
Luxembourg,2012,,5.672396999999997,15.360268000000003,11.699325559999998,14.944564819999997,13.321945189999994,275.961805,-64.59800000000001
Luxembourg,2013,,2.484615000000005,14.728500999999994,11.012454990000002,15.487228390000013,13.24984169000001,274.473057,-66.076
Luxembourg,2014,8.9511924682,3.837440000000001,13.734939999999996,11.456073759999995,14.685356139999996,13.070714949999996,270.858515,-63.894000000000005
Luxembourg,2015,,-0.3984220000000036,11.511794999999992,8.692974090000007,11.74985504,10.221414565000003,266.346034,-63.676
Luxembourg,2016,,0.2883110000000002,11.868774000000002,8.663627619999993,11.752548220000008,10.208087919999995,269.198365,-60.50800000000001
Luxembourg,2017,,-2.182777000000001,7.995307999999994,5.317699429999998,10.05091858,7.684309005000003,261.268725,-67.982
Luxembourg,2018,3.2017430351,-1.3532179999999985,9.509254,6.700000760000002,7.899993899999998,7.299997330000011,255.830952,-63.262
Luxembourg,2019,,-3.366581000000004,8.623030999999997,7.874504090000002,10.16077423,9.017639160000002,254.655579,-60.42
Luxembourg,2020,,-2.3031350000000046,7.665190999999993,3.799999230000005,9.0,6.399999615000013,260.902799,-57.164
Luxembourg,2021,,-3.158248999999998,8.748122999999993,4.879341119999992,8.363067619999995,6.621204369999987,259.36412,-48.99600000000001
Luxembourg,2022,-0.297029197,-2.1768500000000017,7.625548999999992,5.078071590000008,6.844688409999989,5.9613800000000055,244.681848,-53.48599999999999
Luxembourg,2023,,-2.451858520000002,7.024085999999997,5.131782539999989,8.592910769999989,6.862346654999996,237.822329,-42.586000000000006
Mexico,2010,12.64193058,3.126010000000001,39.10408,36.464099880000006,38.28664779999999,37.37537384,46.399484,-18.574
Mexico,2011,11.87089114,2.903274000000001,38.574448,36.258941660000005,29.218647,32.738794330000005,46.743817,-17.790000000000006
Mexico,2012,11.33222725,2.7200960000000016,37.938869,35.518024450000006,24.29002762,29.904026035,47.481926,-17.427999999999997
Mexico,2013,12.01276857,2.0144730000000006,37.348713,35.06033707,31.40995408,33.23514557499999,46.819097,-17.415999999999997
Mexico,2014,11.65073354,2.028341000000001,38.327652,35.65742874,30.475406640000003,33.06641769000001,46.708056,-17.861999999999995
Mexico,2015,11.95265257,2.1868549999999995,37.981636,35.13447952,31.55186844,33.34317398,46.505879,-18.848
Mexico,2016,11.78612838,2.093349,37.76968299999999,34.87826919,32.135917660000004,33.507093424999994,46.215553,-19.53
Mexico,2017,11.20675933,2.176722999999999,38.435505000000006,35.14545822,28.08431626000001,31.614887240000016,45.566163,-20.224000000000004
Mexico,2018,11.3371818,1.6902659999999976,37.752586,34.50000381,31.39999771,32.95000076,45.097932,-21.074
Mexico,2019,11.68756766,1.2713146209716797,35.659103393554695,33.05709457,27.77418899000001,30.41564178,43.850105,-22.739999999999995
Mexico,2020,7.423936046,0.9948699999999988,34.870029,31.67690659,18.91337204,25.295139315,41.550957,-17.715999999999994
Mexico,2021,9.935138875,1.2442210000000031,35.154407,32.50000381,26.799999230000005,29.65000152,41.21233,-18.762
Mexico,2022,10.36108059,1.0577539999999992,34.298851,,,,41.354907,-22.227999999999994
Mexico,2023,11.89279029,1.6455059099999971,33.41474914999999,30.54029426,23.204769549999995,26.872531904999995,41.95157,-24.214
Netherlands,2010,20.0003367,3.6839010000000014,13.312470000000005,10.263854980000003,15.365432739999996,12.814643860000004,138.441668,-53.208
Netherlands,2011,,2.734064000000004,12.543007000000005,9.567962649999998,15.24629212,12.40712738500001,138.191205,-53.862
Netherlands,2012,,2.251773,11.927939999999992,8.908889770000002,15.711872099999994,12.310380935000012,135.287995,-52.886
Netherlands,2013,,1.1929820000000009,11.954467000000008,8.719383239999999,16.00600815,12.362695695,133.383348,-50.87200000000001
Netherlands,2014,17.54622162,0.1039579999999986,12.806693999999991,9.162460330000002,16.748550419999994,12.955505375,132.955075,-49.95
Netherlands,2015,,-0.0777819999999991,12.56680999999999,8.433120729999999,18.25392533,13.34352303,132.54948,-49.51400000000001
Netherlands,2016,,-0.8304679999999962,12.525535999999988,8.382972719999998,14.730289460000009,11.55663109000001,133.381366,-50.54599999999999
Netherlands,2017,,-1.676720000000003,12.078239999999994,7.725357049999999,14.896022799999995,11.310689924999991,133.42131,-49.61000000000001
Netherlands,2018,13.17621138,-2.130810000000004,11.751548999999995,7.5,15.80000305,11.650001524999992,133.296172,-48.72
Netherlands,2019,,-1.1998409999999993,10.678955000000002,7.402870180000008,13.585395820000002,10.494133000000003,133.98557,-48.120000000000005
Netherlands,2020,,-1.7075960000000023,10.334471999999993,6.152191160000001,11.539726260000007,8.84595871000002,133.942908,-47.636
Netherlands,2021,,-1.4987099999999955,9.687416,5.393218989999994,13.207092279999998,9.30015563500001,133.737356,-46.706
Netherlands,2022,9.200373171,-2.093558999999999,8.887557999999999,5.878814699999992,12.477851869999997,9.178333284999994,135.609055,-44.03
Netherlands,2023,10.12519213,-3.324764250000001,8.585609439999999,6.002906800000005,10.690856939999987,8.346881870000004,132.068123,-43.832
New Zealand,2010,12.62333688,,13.842606000000004,10.52791596,15.627639769999988,13.077777864999987,92.302722,-48.288
New Zealand,2011,11.8145974,,13.653976,10.535438539999989,14.24767304000001,12.391555790000012,92.572839,-50.614
New Zealand,2012,11.80540387,,12.78292900000001,10.02207184000001,12.50389862,11.262985229999998,93.779716,-52.06399999999999
New Zealand,2013,12.02213977,,13.711311999999992,9.088493350000007,12.646179200000006,10.867336275000014,93.569859,-51.668000000000006
New Zealand,2014,12.75637653,-5.697598000000006,14.271042000000008,8.915596010000002,12.684638980000004,10.800117494999997,93.811973,-49.21000000000001
New Zealand,2015,13.14092896,-6.046816999999997,13.558868000000004,8.700004579999998,13.900001520000004,11.30000305,93.87875,-49.988
New Zealand,2016,12.47871852,-5.457424000000003,12.357856999999996,8.542068479999998,13.605003350000004,11.073535914999994,94.210621,-47.43000000000001
New Zealand,2017,11.12164297,-5.520130000000002,12.196861000000013,,,,94.294331,-47.932
New Zealand,2018,11.85687881,-5.795524,11.867180000000005,7.5,13.099998479999996,10.299999239999991,94.629059,-48.126000000000005
New Zealand,2019,10.35003018,-5.712688,11.212531999999996,6.684120179999994,12.02159881,9.352859495000004,94.289061,-47.892
New Zealand,2020,8.105947243,-6.407097,11.653817000000004,7.580131530000003,12.4165802,9.998355864999994,97.302629,-45.132000000000005
New Zealand,2021,8.165548098,-6.482447999999998,10.126160000000011,6.595726010000007,11.360580439999993,8.978153225,95.997895,-45.582
New Zealand,2022,8.254219409,-7.378971,9.981467999999992,6.242355350000011,10.578880310000002,8.410617830000007,96.872835,-46.330000000000005
New Zealand,2023,7.336287543,-7.551242828369141,9.523147583007812,6.41876984000001,9.39124298,7.905006409999999,94.751293,-45.172
Norway,2010,12.82243927,-7.628349999999997,4.739884000000004,4.722068790000009,9.671936029999998,7.19700241000001,151.335592,-44.02000000000001
Norway,2011,12.69573597,-8.449231000000005,5.544509999999988,3.8913040199999926,6.784317020000003,5.337810519999991,148.827032,-44.756
Norway,2012,11.70014012,-9.329254,5.506354999999999,4.020240779999995,9.894493100000004,6.957366939999986,149.704893,-41.30799999999999
Norway,2013,12.05035971,-10.244918999999996,5.350318999999999,3.347167970000001,9.720031730000002,6.533599850000002,147.782286,-41.358
Norway,2014,11.52920586,-8.552078000000002,5.379333000000003,3.2022170999999986,10.306633000000003,6.754425049999995,146.828701,-42.312000000000005
Norway,2015,13.04806071,-8.775967000000001,5.034362999999999,3.222496039999996,10.048736569999988,6.635616304999999,145.155095,-38.816
Norway,2016,12.28033473,-9.470028000000006,4.131501,3.0561065599999893,10.94235992,6.999233239999995,143.762143,-38.036
Norway,2017,11.44739551,-9.225464000000002,4.336517000000001,3.076499939999991,8.826416019999996,5.951457980000001,143.090325,-37.97399999999999
Norway,2018,10.91091091,-9.233360000000005,5.510818999999998,3.4000015299999973,9.099998470000005,6.25,140.854094,-39.06999999999999
Norway,2019,10.61895551,-10.488354,5.635902999999999,3.5585250900000034,9.89543915,6.726982120000002,139.924009,-36.37200000000001
Norway,2020,10.71023801,-11.640785,5.113472000000002,4.0,6.5,5.25,143.618626,-33.512
Norway,2021,10.36044195,-11.098228,5.534851000000003,3.185844430000003,9.071487419999997,6.128665924999993,140.178643,-32.944
Norway,2022,10.53086633,-11.989880000000008,6.641707999999994,3.681831360000004,9.76282501,6.722328185000009,139.828945,-30.392
Norway,2023,9.772466852,-13.139759070000004,5.508010859999999,3.166999820000001,8.491523740000005,5.82926178000001,136.878901,-29.056000000000004
Poland,2010,15.02376211,-7.01803,14.310616000000003,13.592628480000007,18.08728409,15.839956285,61.945498,-38.25399999999999
Poland,2011,,-7.606169999999999,14.755741,13.758312230000008,13.399974829999998,13.579143530000003,64.234667,-38.51400000000001
Poland,2012,16.68722081,-8.107195,14.565002000000009,13.560398099999992,15.11240386,14.336400979999992,64.691934,-39.852
Poland,2013,,-8.544386,14.666084000000003,13.724018100000002,13.204353329999996,13.464185714999992,64.471456,-39.97
Poland,2014,17.05092877,-8.89771,14.440905999999998,13.515747070000003,16.244701390000003,14.88022423000001,66.006872,-38.524
Poland,2015,,-9.768453999999998,13.857445000000006,13.391220099999998,22.431476590000003,17.911348344999993,67.637784,-38.494
Poland,2016,15.60896203,-10.526598,14.123137999999996,13.726737970000002,14.821487430000005,14.274112700000003,68.874305,-39.94
Poland,2017,,-10.827872,14.65174900000001,14.032344819999992,9.591926579999992,11.812135699999985,70.891839,-43.06999999999999
Poland,2018,24.73436089,-11.368434,14.57867499999999,13.799999239999998,12.0,12.899999620000004,74.032514,-41.59
Poland,2019,,-11.489943,15.767409999999998,14.27089309,16.90557099,15.588232039999994,76.589454,-41.332
Poland,2020,12.78280174,-11.975914,15.97800500000001,14.100616450000004,21.75267792,17.926647184999993,80.1123,-41.152
Poland,2021,,-12.39547538757324,14.030075073242188,13.416656500000002,11.63300323,12.524829865,81.321317,-41.13999999999999
Poland,2022,14.92986741,-12.949308000000002,12.954300000000003,12.153175349999998,16.767082220000006,14.460128784999997,81.664998,-42.108
Poland,2023,17.3603569,-13.35395813,12.064094550000007,11.03217316,21.53050232000001,16.281337739999998,81.328647,-44.158
Portugal,2010,13.73516094,-6.282871999999999,10.440986999999993,8.547409049999999,7.117835990000003,7.832622520000001,83.527847,-58.82599999999999
Portugal,2011,,-5.391300000000001,8.944983999999991,8.945243829999995,6.765449530000012,7.855346679999997,80.887168,-42.56
Portugal,2012,,-5.840139000000001,7.142944,7.787979120000003,5.597953799999999,6.692966459999994,77.330635,-37.22999999999999
Portugal,2013,,-7.656273,6.810287000000002,6.950233449999999,5.07200623,6.011119840000006,76.150566,-40.452
Portugal,2014,15.11411798,-8.58181190490723,7.3727874755859375,6.817993169999994,6.701850889999989,6.759922029999984,75.922641,-41.2
Portugal,2015,,-8.466072082519531,6.907493591308594,6.324737549999995,7.578720090000004,6.95172882,75.907604,-45.23599999999999
Portugal,2016,,-8.50354194641113,6.703941345214844,6.793968199999995,6.179077140000004,6.486522669999999,76.661813,-50.864
Portugal,2017,,-9.28743934631347,7.500587463378906,6.36925506,6.387298580000007,6.378276819999996,77.662646,-63.834
Portugal,2018,10.9078357,-10.104585647583,6.869041442871094,5.8000030599999945,6.400001520000004,6.100002289999992,78.613758,-65.874
Portugal,2019,,-9.10802841186523,6.971717834472656,5.35303497999999,7.122581479999994,6.237808229999999,79.732114,-62.56399999999999
Portugal,2020,,-9.869375228881832,6.046142578125,4.703117370000001,8.458969120000006,6.581043245000018,76.312616,-62.794
Portugal,2021,,-11.075124740600591,5.859062194824219,4.898757939999996,5.650619500000005,5.27468872,75.908424,-61.354000000000006
Portugal,2022,8.390569453,-10.488618850707995,6.02996826171875,4.396278379999998,6.421051030000001,5.4086647049999925,78.709994,-56.334
Portugal,2023,9.347191552,-9.30352020263672,5.849113464355469,4.096221920000005,7.30678558000001,5.701503750000015,79.467393,-57.458
Slovak Republic,2010,22.63759086,-3.244511,15.056877,14.619976050000004,34.97507476999999,24.79752540999999,67.207375,-18.648
Slovak Republic,2011,22.36842105,-3.574902999999999,14.912757999999997,15.693313600000003,23.28461075000001,19.48896217500001,68.324253,-23.732
Slovak Republic,2012,22.25275694,-4.5566390000000006,15.720474000000005,15.449672700000008,14.005348210000008,14.727510455000017,68.760557,-19.042
Slovak Republic,2013,20.7427836,-4.008399999999998,14.579952000000006,14.75654221,15.356033319999996,15.056287764999992,68.404154,-16.209999999999994
Slovak Republic,2014,21.38524961,-4.304499,14.419276999999994,14.697845460000003,23.414245609999995,19.056045535,69.09878,-17.498000000000005
Slovak Republic,2015,20.64511416,-5.494575000000001,14.528256000000006,13.274139410000004,6.068817139999993,9.671478274999998,71.215457,-22.078000000000003
Slovak Republic,2016,20.57530081,-6.227823000000001,13.259140000000002,12.8992157,8.85671997,10.877967835000009,71.596286,-18.55
Slovak Republic,2017,20.61024894,-6.692047000000002,12.122077999999988,12.31127930000001,18.18828583,15.249782565000004,72.007218,-22.849999999999994
Slovak Republic,2018,20.78017548,-7.232264000000001,12.805282000000004,12.699996940000004,28.300003059999995,20.5,73.536925,-25.126000000000005
Slovak Republic,2019,18.91264205,-8.210106,12.009620999999996,12.465522770000009,12.670135489999993,12.567829130000009,74.285714,-28.84200000000001
Slovak Republic,2020,16.6986841,-9.585608,11.796898,6.600006100000002,13.659614560000009,10.129810329999998,75.572895,-33.712
Slovak Republic,2021,15.6923869,-10.845394,7.686202999999992,8.007110600000004,10.82831573,9.417713164999997,75.682514,-38.106
Slovak Republic,2022,17.31406119,-10.685731999999998,7.161407999999994,7.51967621,10.195526130000005,8.857601169999995,73.959934,-30.186000000000007
Slovak Republic,2023,15.99106148,-8.784996029999999,7.27454376,7.39949799,10.12327576,8.761386875,74.724364,-39.68000000000001
Slovenia,2010,4.470873111,-8.681061,7.614463999999998,7.634361269999999,11.21395874000001,9.424160005000005,87.274034,-20.16
Slovenia,2011,,-9.839090000000002,6.885970999999998,6.86188507,12.640502929999997,9.751193999999998,86.394283,-17.418000000000006
Slovenia,2012,,-10.892473000000004,7.585205000000002,6.15068054999999,13.189010620000005,9.66984558499999,83.073206,-20.286
Slovenia,2013,,-10.593215999999998,8.492728999999997,6.549545290000012,17.755134579999996,12.152339935,81.381192,-20.78400000000001
Slovenia,2014,8.025727609,-10.632200999999998,7.961258000000001,5.966102599999999,16.892520910000002,11.429311755,82.245976,-23.052000000000007
Slovenia,2015,,-12.640060000000002,8.508499,6.612014770000002,14.642684940000002,10.627349855000006,82.519691,-22.452
Slovenia,2016,,-13.273169,6.275916999999993,5.091659540000009,13.021633140000006,9.05664634,83.921731,-31.099999999999994
Slovenia,2017,,-10.960224000000004,2.461326999999997,5.381187430000011,9.375762929999992,7.3784751800000095,86.361076,-27.620000000000005
Slovenia,2018,10.66355695,-12.48416,7.152321000000001,5.400001520000004,15.60000229,10.50000190499999,88.325941,-32.516
Slovenia,2019,,-13.433928000000002,6.546326000000008,4.082809439999991,19.59592056,11.839365,89.679418,-35.388000000000005
Slovenia,2020,,-13.742187,6.306404000000001,3.51596069,16.675048829999994,10.095504759999985,89.358975,-28.354000000000006
Slovenia,2021,,-14.654182,6.667702000000006,4.883651739999991,13.23179626000001,9.057724000000007,91.279316,-24.046000000000006
Slovenia,2022,7.914861179,-15.728168490000002,6.647705080000009,4.618255610000006,17.447837829999997,11.033046719999987,91.290461,-29.39
Slovenia,2023,9.339293146,-16.460887910000004,6.652709969999989,4.173683159999996,18.892395019999995,11.533039089999988,91.990824,-27.05
Spain,2010,13.20752086,-2.9236700000000013,14.105221,15.29784393,13.461021419999994,14.37943267499999,94.254319,-56.72
Spain,2011,,-2.803468999999996,12.817402,14.032600399999993,13.963066100000006,13.99783325,91.940947,-53.656000000000006
Spain,2012,,-3.166024,10.879749999999994,11.813262930000008,11.87857056,11.845916745000013,88.59713,-52.694
Spain,2013,,-3.383595,10.496204000000006,11.055763240000005,11.513832089999994,11.284797665000012,86.692854,-47.38999999999999
Spain,2014,12.19953988,-3.7347139999999968,11.073321999999996,10.57604981,12.086189270000006,11.331119540000005,86.925883,-48.46600000000001
Spain,2015,,-4.847549000000001,12.122947000000003,10.302825920000004,12.235801690000002,11.269313804999996,88.793015,-46.938
Spain,2016,,-5.416136999999999,12.238146999999998,9.675315859999998,12.474594120000006,11.074954989999997,90.172428,-46.262
Spain,2017,,-5.179722000000005,12.801926000000002,9.75409698,12.682281500000002,11.21818924,90.672649,-48.358
Spain,2018,9.217011964,-5.206272999999996,12.992492000000006,9.799995420000002,13.0,11.399997710000008,90.843224,-50.77600000000001
Spain,2019,,-5.508583000000002,12.432509999999994,8.793655389999998,13.60011292,11.196884154999992,90.882873,-50.512
Spain,2020,,-5.973033999999998,12.117318000000004,8.900001529999997,11.30000305,10.100002289999992,84.181239,-50.438
Spain,2021,,-6.586494440000003,11.498428350000012,7.52218628,11.146827700000005,9.334506989999994,84.810044,-47.06399999999999
Spain,2022,6.2184055,-7.263568999999997,11.590454000000008,7.760910029999991,12.712799070000004,10.236854550000004,87.139673,-46.11600000000001
Spain,2023,6.718866264,-7.087516789999995,11.07359314,7.069992070000012,11.787269590000008,9.428630830000015,87.310658,-44.602
Sweden,2010,14.37908497,-9.954632,6.4393539999999945,4.00139618,12.629348749999991,8.315372464999996,124.98772,-32.96
Sweden,2011,14.1025641,-11.421217,5.871093000000002,3.3633346499999988,12.22390747,7.793621059999992,126.094422,-31.629999999999995
Sweden,2012,14.01869159,-11.395815,5.613845999999995,2.823287960000002,12.421890259999998,7.622589109999993,123.712695,-30.646
Sweden,2013,13.67781155,-11.889500000000002,5.464568999999997,2.775230409999992,11.654388429999996,7.214809419999995,122.703474,-28.974
Sweden,2014,13.0952381,-12.513103999999998,5.015265999999997,2.4875259399999976,10.953994750000009,6.720760345000002,122.328917,-30.168000000000006
Sweden,2015,12.31671554,-13.732441,4.607322999999994,2.0211868299999907,8.919471740000006,5.470329285000005,123.912762,-28.218
Sweden,2016,12.03438395,-13.583835999999998,4.215156000000008,1.6999969499999992,10.29562378,5.997810364999992,123.528722,-29.512
Sweden,2017,11.20448179,-13.148376999999996,4.284538000000012,1.568702700000003,10.18264008,5.875671390000008,121.468921,-27.952
Sweden,2018,10.68493151,-13.875275000000002,4.666045999999994,1.700004579999998,8.30000305,5.000003814999985,120.08426,-27.616
Sweden,2019,9.946236559,-14.605331,4.945747999999995,1.0186462400000096,11.11103057999999,6.064838410000007,120.572866,-24.948
Sweden,2020,9.762532982,-14.864669999999997,5.215378000000001,2.3189544700000084,11.744400019999986,7.031677244999997,122.818799,-20.298
Sweden,2021,10.0,-14.87343979,5.618553159999991,2.404769900000005,8.679519650000003,5.542144774999997,121.320279,-27.248000000000005
Sweden,2022,9.950248756,-15.12639618,5.456336979999989,2.036460869999999,10.606979370000005,6.321720119999995,118.492583,-21.96
Sweden,2023,10.0,-14.486881259999995,4.599800110000004,1.2378692599999963,9.87451935,5.556194304999991,116.210634,-22.006
Switzerland,2010,23.68804242,12.610080000000004,13.973266999999993,10.231529229999992,15.893585209999998,13.062557220000002,163.239941,-66.49600000000001
Switzerland,2011,,11.805935000000002,13.622185000000002,9.624298089999996,17.378028869999994,13.501163479999988,162.317657,-66.40799999999999
Switzerland,2012,24.78163868,11.88553,12.684753,9.85591887999999,15.665588380000004,12.76075363000001,161.209814,-66.244
Switzerland,2013,,11.354033,11.944000000000004,8.56005859999999,15.1638794,11.861969000000002,160.439449,-66.042
Switzerland,2014,20.7800286,10.423172,11.041427,7.000587459999991,14.947212219999995,10.973899839999987,159.707247,-64.00399999999999
Switzerland,2015,,8.933701,11.109848,5.681930539999996,15.052330010000006,10.367130275000008,157.238932,-63.798
Switzerland,2016,18.4929469,9.481575,10.199027999999998,5.7065506,13.593063360000002,9.649806979999994,156.820071,-62.95400000000001
Switzerland,2017,,9.322162999999996,10.476898000000006,6.236389160000002,15.104789730000007,10.67058944500002,154.182257,-61.00399999999999
Switzerland,2018,18.39330941,7.945544999999996,10.493126000000004,6.0,14.0,10.0,154.742957,-61.77199999999999
Switzerland,2019,,7.401020000000003,9.911033000000003,5.621368410000002,13.04444122000001,9.332904815000006,153.686014,-62.256
Switzerland,2020,17.79303742,6.1709260000000015,9.414978000000003,5.8000030599999945,12.699996940000004,9.25,156.091998,-61.74600000000001
Switzerland,2021,,5.52317,8.847198000000006,5.367317200000002,12.354454039999991,8.86088561999999,154.46696,-60.044
Switzerland,2022,15.42550091,5.222763059999998,8.749961850000005,5.266426080000002,12.471382140000005,8.868904110000003,153.863762,-58.142
Switzerland,2023,,4.795249939999998,8.48311615,5.4455642700000055,11.043838500000009,8.244701384999999,151.001042,-57.24600000000001
United Kingdom,2010,22.30786268,-0.2156329999999968,12.448219000000009,10.966232299999987,19.130985260000003,15.048608779999997,113.028839,-53.922
United Kingdom,2011,21.70413123,-0.7086910000000017,12.392349999999992,10.7048111,17.870353699999995,14.287582399999993,111.395357,-53.822
United Kingdom,2012,20.523687,-1.215366000000003,12.567260000000005,10.240196229999995,19.83875656,15.039476394999994,111.480025,-52.144000000000005
United Kingdom,2013,21.25018472,-2.2133370000000028,12.39260800000001,9.917655949999997,18.051155089999995,13.984405519999996,111.411758,-52.056
United Kingdom,2014,19.98516321,-2.589290999999996,11.779670999999992,9.435462950000002,18.03993225,13.73769759999999,112.314134,-52.586000000000006
United Kingdom,2015,19.71189181,-1.440178000000003,12.277564999999996,9.231124879999996,16.523918159999994,12.877521519999988,111.680689,-52.368
United Kingdom,2016,19.59101959,-1.126540999999996,11.820594999999996,8.618560790000004,17.57952881,13.0990448,111.846621,-51.908
United Kingdom,2017,19.30437212,-2.292546000000001,11.074996999999996,7.6613617,17.390747070000003,12.526054384999997,112.19435,-53.018
United Kingdom,2018,19.48034464,-3.980319999999999,10.337333999999998,7.700004579999998,16.599998470000003,12.150001524999992,111.424398,-53.03999999999999
United Kingdom,2019,18.39473684,-4.158245086669922,9.721031188964844,7.208152769999998,15.806480410000006,11.507316590000002,111.012128,-52.094
United Kingdom,2020,15.17360191,-5.033561706542969,8.561500549316406,,,,104.246465,-51.554
United Kingdom,2021,16.82254965,-4.197818756103516,7.918312072753906,6.28512572999999,11.281333920000009,8.783229825000006,106.479403,-50.694
United Kingdom,2022,16.01133983,-3.789649963378906,8.446342468261719,6.271736140000002,11.55001068,8.910873410000008,108.098245,-48.87799999999999
United Kingdom,2023,15.05488157,-3.4602928161621094,8.01416015625,6.625953670000001,10.674575810000007,8.650264740000011,105.859732,-47.928
United States,2010,21.61204606,-4.687263999999999,8.862197999999992,8.45780945,22.46206665,15.459938049999993,133.130827,
United States,2011,21.15384615,-4.332619000000001,9.598190000000002,8.216056820000006,23.000900269999995,15.608478544999995,132.191885,
United States,2012,21.99661591,-4.253478999999999,10.542649000000011,8.556671139999992,22.309532170000004,15.433101654999987,133.144938,
United States,2013,22.04658902,-5.009063999999995,11.198662,8.473594660000003,23.017269130000003,15.745431894999996,133.476411,
United States,2014,22.12096106,-5.447963999999999,10.975632000000004,8.216796880000004,23.650741579999995,15.933769229999996,133.673529,
United States,2015,23.77622378,-5.676617,11.817887,8.162086490000007,24.31116104,16.23662376500001,133.887385,
United States,2016,20.48286604,-5.791049999999999,11.635398999999992,8.246292120000007,23.30616377999999,15.776227950000006,133.608331,
United States,2017,20.89665654,-6.506359000000003,10.99426299999999,7.905860900000007,23.01425552,15.46005821,133.09433,
United States,2018,21.02973169,-6.1224790000000056,11.560905000000004,7.899993899999998,22.10000229,14.99999809500001,133.887005,
United States,2019,21.11498258,-6.510452000000001,11.383926000000002,7.59403992,22.68838501,15.141212464999995,135.131189,
United States,2020,19.40199336,-6.864495000000005,10.397780999999997,7.29576874,22.80653763,15.05115318499999,137.699985,
United States,2021,17.73879142,-8.137183999999998,9.794662000000002,7.249366760000001,23.330734260000007,15.29005051,137.641748,
United States,2022,21.6152019,-8.077156000000002,10.28035,7.215713499999993,22.11849975,14.667106624999988,136.789593,
United States,2023,17.90697674,-7.926670080000001,9.69155121,6.602684030000006,20.63394928000001,13.618316655000015,138.116541,
