country,year,education_gap
Argentina,2004,-4.672500000000001
Argentina,2005,-4.492065
Argentina,2006,-6.080448999999998
Argentina,2008,-5.988670000000001
Argentina,2009,-7.011486
Argentina,2010,-6.9601289999999985
Argentina,2011,-6.985369000000002
Argentina,2012,-7.856686
Argentina,2013,-7.038125999999998
Argentina,2014,-7.506397
Argentina,2017,-7.452171330000002
Argentina,2018,-7.316978460000001
Argentina,2019,-7.647371290000002
Argentina,2020,-8.723592759999999
Argentina,2021,-8.49967956
Argentina,2022,-8.340250010000002
Argentina,2023,-7.549507139999999
Australia,1989,-9.691345000000002
Australia,1991,-8.963462999999997
Australia,1993,2.090357000000001
Australia,1994,2.666982000000001
Australia,1995,3.017521000000002
Australia,1997,-0.9936179999999979
Australia,1998,-1.9928239999999988
Australia,1999,-2.042748999999997
Australia,2000,-2.7334999999999994
Australia,2001,-3.630693000000001
Australia,2002,-2.6088239999999985
Australia,2003,-2.7492810000000034
Australia,2004,-3.516268
Australia,2005,-2.901674
Australia,2006,-4.694576000000001
Australia,2007,-4.664659
Australia,2008,-6.2202839999999995
Australia,2009,-5.872306000000002
Australia,2010,-6.382107000000005
Australia,2011,-7.470134999999999
Australia,2012,-7.444217999999999
Australia,2013,-8.811260000000004
Australia,2014,-6.950085000000001
Australia,2015,-8.798638000000004
Australia,2016,-7.862380999999999
Australia,2017,-9.701331999999994
Australia,2018,-10.395481000000004
Australia,2019,-9.173278000000003
Australia,2020,-10.354563999999996
Australia,2021,-10.092650999999996
Australia,2022,-10.729599
Australia,2023,-11.339210510000001
Australia,2024,-10.15079116821289
Austria,2004,7.682825000000001
Austria,2005,6.4853629999999995
Austria,2006,6.463581000000001
Austria,2007,5.920178
Austria,2008,5.412022
Austria,2009,4.4500579999999985
Austria,2010,3.746296000000001
Austria,2011,4.020661999999998
Austria,2012,3.965084000000001
Austria,2013,3.1937560000000005
Austria,2014,2.579626000000001
Austria,2015,2.826449
Austria,2016,1.569942000000001
Austria,2017,1.0448129999999978
Austria,2018,1.8874060000000021
Austria,2019,0.8334699999999984
Austria,2020,0.38476200000000205
Austria,2021,-0.1257050000000035
Austria,2022,0.3295749999999984
Austria,2023,-0.6310653699999946
Austria,2024,-1.6268882751464844
Belgium,1989,2.833333999999999
Belgium,1991,2.001778999999999
Belgium,1992,1.0278639999999974
Belgium,1994,-0.1294700000000013
Belgium,1995,-0.2566030000000019
Belgium,2000,-1.044899000000001
Belgium,2001,-0.9806729999999995
Belgium,2002,-1.539788999999999
Belgium,2003,-1.5696049999999993
Belgium,2004,-1.9011159999999983
Belgium,2005,-2.3216769999999975
Belgium,2006,-2.4600969999999975
Belgium,2007,-3.233878999999998
Belgium,2008,-3.315087000000002
Belgium,2009,-3.8473799999999976
Belgium,2010,-3.9862679999999955
Belgium,2011,-4.401412999999998
Belgium,2012,-5.203994000000002
Belgium,2013,-5.483897999999996
Belgium,2014,-5.995086999999998
Belgium,2015,-6.452223999999994
Belgium,2016,-6.635719000000002
Belgium,2017,-6.798774999999999
Belgium,2018,-7.384712999999998
Belgium,2019,-8.264423
Belgium,2020,-9.018634999999996
Belgium,2021,-9.053165999999997
Belgium,2022,-8.822074999999998
Belgium,2023,-9.098297120000005
Belgium,2024,-8.292667388916009
Brazil,2007,-1.8039758
Brazil,2008,-2.558779399999999
Brazil,2009,-2.2091198
Brazil,2011,-2.666511
Brazil,2012,-3.620432000000001
Brazil,2013,-3.858943
Brazil,2014,-4.406070999999999
Brazil,2015,-4.2135120000000015
Brazil,2016,-4.401174000000001
Brazil,2017,-4.670137
Brazil,2018,-5.208916
Brazil,2019,-5.306177999999999
Brazil,2020,-5.786545
Brazil,2021,-5.407526000000001
Brazil,2022,-5.8785799999999995
Brazil,2023,-5.51121521
Bulgaria,2015,-12.236663820000004
Bulgaria,2016,-12.107093809999999
Bulgaria,2019,-11.929771423339844
Bulgaria,2022,-12.312072749999999
Bulgaria,2023,-12.316091539999999
Bulgaria,2024,-13.150602340698235
Canada,1981,3.9972189999999976
Canada,1990,-0.44726
Canada,1991,-0.2907640000000029
Canada,1992,-0.45427500000000265
Canada,1993,-0.7759520000000002
Canada,1994,-2.4829289999999986
Canada,1995,-2.971179999999997
Canada,1996,-3.6364400000000003
Canada,1997,-3.826416000000002
Canada,1998,-3.6174740000000014
Canada,1999,-4.1629720000000034
Canada,2000,-4.874916000000006
Canada,2001,-4.929119
Canada,2002,-5.433846000000003
Canada,2003,-5.1862370000000055
Canada,2004,-6.428599999999996
Canada,2005,-6.822234999999999
Canada,2006,-7.264201999999997
Canada,2007,-8.074366999999995
Canada,2008,-8.472782000000002
Canada,2009,-8.858222999999995
Canada,2010,-9.757332000000005
Canada,2011,-10.069511413574219
Canada,2012,-10.927555084228523
Canada,2013,-11.43856048583985
Canada,2014,-10.954170227050781
Canada,2015,-11.701690673828125
Canada,2016,-12.086589813232415
Canada,2017,-12.510860443115227
Canada,2018,-12.92095947265625
Canada,2019,-12.25490951538086
Canada,2020,-12.972290039062493
Canada,2021,-12.922576904296875
Canada,2022,-13.50299072265625
Canada,2023,-13.719253540039062
Canada,2024,-13.681655883789055
Chile,2009,-0.021947000000000827
Chile,2011,0.17766400000000004
Chile,2013,-0.09284399999999948
Chile,2015,-0.03910799999999881
Chile,2017,-0.9900684356689524
Chile,2020,-1.017548999999999
Chile,2022,-2.4154911041259766
China (People’s Republic of),2010,2.197530499999999
China (People’s Republic of),2020,-0.2924118099999973
Colombia,2010,-1.9252520000000004
Colombia,2011,-2.2325649999999975
Colombia,2012,-2.7443869999999997
Colombia,2013,-3.3113799999999998
Colombia,2014,-3.571826999999999
Colombia,2015,-3.7904491399999998
Colombia,2016,-3.944963450000003
Colombia,2017,-3.637748720000001
Colombia,2018,-4.408870689999997
Colombia,2019,-4.5512619
Colombia,2020,-4.976818090000002
Colombia,2021,-4.700082779999999
Colombia,2022,-5.095922469999998
Colombia,2023,-5.260303499999999
Colombia,2024,-5.069353103637699
Costa Rica,1987,0.7223492999999994
Costa Rica,1988,0.7954880000000006
Costa Rica,1989,1.3379200000000004
Costa Rica,1990,0.6865459999999999
Costa Rica,1991,1.6753779000000009
Costa Rica,1992,1.319151999999999
Costa Rica,1993,0.989725
Costa Rica,1994,2.04674
Costa Rica,1995,1.7742579999999997
Costa Rica,1996,1.1308429999999987
Costa Rica,1997,1.6373230000000003
Costa Rica,1998,1.1159630000000007
Costa Rica,1999,1.3597849999999987
Costa Rica,2000,0.23638900000000262
Costa Rica,2001,0.4451450000000001
Costa Rica,2002,0.7996239999999979
Costa Rica,2003,0.912354999999998
Costa Rica,2004,1.0049840000000003
Costa Rica,2005,0.5350420000000007
Costa Rica,2006,-1.2784779999999998
Costa Rica,2007,-0.48638899999999907
Costa Rica,2008,-1.0256989999999995
Costa Rica,2009,-1.4491769999999988
Costa Rica,2010,-1.8973119999999994
Costa Rica,2011,-1.2303950000000015
Costa Rica,2012,-1.5746000000000002
Costa Rica,2013,-3.083966
Costa Rica,2014,-1.4689000000000014
Costa Rica,2015,-1.937587999999998
Costa Rica,2016,-3.607554999999998
Costa Rica,2017,-2.4103640000000013
Costa Rica,2018,-2.072405
Costa Rica,2019,-2.4017470000000003
Costa Rica,2020,-2.6851200000000013
Costa Rica,2021,-2.5239970000000014
Costa Rica,2022,-4.543284
Costa Rica,2023,-3.3187713599999995
Costa Rica,2024,-3.099884033203132
Croatia,2016,-5.566488270000001
Croatia,2019,-7.365152359008793
Croatia,2023,-9.10888099
Croatia,2024,-11.043731689453121
Czechia,1994,4.534506799999999
Czechia,1995,4.901043300000001
Czechia,1997,4.498294600000001
Czechia,1998,3.8419273
Czechia,1999,3.5578152999999997
Czechia,2000,3.3721569999999996
Czechia,2001,3.4896119999999993
Czechia,2002,3.6447850000000006
Czechia,2003,3.114196999999999
Czechia,2004,3.163326999999999
Czechia,2005,2.829338
Czechia,2006,2.479980000000001
Czechia,2007,2.199765000000001
Czechia,2008,1.5086560000000002
Czechia,2009,1.274394000000001
Czechia,2010,0.9868469999999974
Czechia,2011,0.35225600000000057
Czechia,2012,-0.5276999999999994
Czechia,2013,-1.005704999999999
Czechia,2014,-1.6946510000000004
Czechia,2015,-2.4751340000000006
Czechia,2016,-2.1527579999999986
Czechia,2017,-3.0670280000000005
Czechia,2018,-3.6825600000000023
Czechia,2019,-3.725158999999998
Czechia,2020,-4.863775
Czechia,2021,-5.857953999999999
Czechia,2022,-6.071822000000001
Czechia,2023,-7.26462746
Czechia,2024,-7.064287185668949
Denmark,1981,1.6404130000000006
Denmark,1988,0.4356970000000011
Denmark,1991,-0.14072599999999724
Denmark,1992,-0.4811540000000001
Denmark,1994,-0.7595060000000018
Denmark,1995,-1.0006909999999998
Denmark,1998,-2.2611199999999982
Denmark,1999,-1.1371269999999996
Denmark,2000,-2.7439800000000005
Denmark,2001,-5.073126000000002
Denmark,2002,-4.158033
Denmark,2003,-3.1644140000000007
Denmark,2004,-4.1093329999999995
Denmark,2005,-5.2321379999999955
Denmark,2006,-4.551665999999997
Denmark,2007,-5.218064000000002
Denmark,2008,-4.9863800000000005
Denmark,2009,-7.018831000000002
Denmark,2010,-6.932037999999999
Denmark,2011,-8.321181999999997
Denmark,2012,-10.509013999999997
Denmark,2013,-10.348727999999998
Denmark,2014,-9.736468999999996
Denmark,2015,-10.738942999999999
Denmark,2016,-9.443636999999995
Denmark,2017,-10.799171999999999
Denmark,2018,-11.371468
Denmark,2019,-10.962004999999998
Denmark,2020,-10.392006000000002
Denmark,2021,-11.875942000000002
Denmark,2022,-13.749759669999996
Denmark,2023,-12.967506409999999
Denmark,2024,-12.319770812988281
Estonia,1997,-10.986200999999998
Estonia,1998,-11.795806000000002
Estonia,1999,-12.019392
Estonia,2000,-13.723108999999997
Estonia,2001,-12.880273999999996
Estonia,2002,-12.788848999999999
Estonia,2003,-12.684463000000001
Estonia,2004,-13.577701999999999
Estonia,2005,-12.224779000000002
Estonia,2006,-11.778522000000002
Estonia,2007,-13.800550000000001
Estonia,2008,-15.361376
Estonia,2009,-18.469089000000004
Estonia,2010,-17.296471
Estonia,2011,-17.072478000000004
Estonia,2012,-16.943165
Estonia,2013,-17.701138000000004
Estonia,2014,-17.694002
Estonia,2015,-19.029687999999997
Estonia,2016,-18.910282
Estonia,2017,-19.344331
Estonia,2018,-20.316840000000003
Estonia,2019,-20.83
Estonia,2020,-20.401843999999997
Estonia,2021,-21.498821
Estonia,2022,-22.699179
Estonia,2023,-22.393594739999998
Estonia,2024,-23.23944282531738
European Union (25 countries),2010,-4.455306
European Union (25 countries),2011,-4.978306999999997
European Union (25 countries),2012,-5.516797
European Union (25 countries),2013,-6.017683999999999
European Union (25 countries),2020,-8.548649737676442
European Union (25 countries),2021,-8.832277667947515
European Union (25 countries),2022,-9.267748862640396
European Union (25 countries),2023,-9.368575210571294
European Union (25 countries),2024,-9.894198150634764
Finland,2000,-6.470846000000002
Finland,2003,-7.499637999999997
Finland,2004,-8.488792000000004
Finland,2005,-9.466867
Finland,2006,-10.353936000000001
Finland,2007,-10.518845000000002
Finland,2008,-11.214228999999996
Finland,2009,-11.924316000000005
Finland,2010,-11.553450999999995
Finland,2011,-12.701343000000001
Finland,2012,-12.875236000000001
Finland,2013,-12.943965999999996
Finland,2014,-13.260308000000002
Finland,2015,-13.074982000000006
Finland,2016,-14.265472410000001
Finland,2017,-15.515934000000001
Finland,2018,-15.605990999999996
Finland,2019,-14.931484999999995
Finland,2020,-16.051372999999998
Finland,2021,-15.214627
Finland,2022,-14.174915309999996
Finland,2023,-15.128849029999998
Finland,2024,-14.810699462890632
France,1981,0.6536950000000008
France,1989,0.7282869999999999
France,1991,0.5071710000000014
France,1992,0.6978100000000005
France,1994,-0.19917500000000032
France,1995,-0.49765800000000127
France,1997,-0.5946840000000009
France,1998,-0.9548370000000013
France,1999,-0.8836440000000003
France,2000,-0.899402000000002
France,2001,-1.073984000000003
France,2002,-1.7534410000000022
France,2003,-1.7189249999999987
France,2004,-2.1299860000000024
France,2005,-2.295888999999999
France,2006,-2.8400420000000004
France,2007,-2.7098029999999973
France,2008,-3.761424999999999
France,2009,-3.761229
France,2010,-3.406020999999999
France,2011,-3.3850929999999977
France,2012,-3.7132199999999997
France,2013,-3.9779570000000035
France,2014,-4.5774159999999995
France,2015,-5.034024999999996
France,2016,-4.7025409999999965
France,2017,-4.776947
France,2018,-5.231625000000001
France,2019,-5.4446259999999995
France,2020,-5.802776999999999
France,2021,-5.798415999999996
France,2022,-6.30522156
France,2023,-6.582046509999998
France,2024,-6.432136535644531
G20,2010,-0.5030869999999972
G20,2020,-2.347860494481722
G20,2021,-3.372873527738463
G20,2022,-3.4916988305282572
G20,2023,-3.722623280116487
Germany,1989,13.875238000000001
Germany,1991,12.830538
Germany,1992,12.320639
Germany,1994,11.780823000000002
Germany,1995,11.865514999999998
Germany,1997,11.207723999999999
Germany,1998,11.000906
Germany,1999,10.545760999999999
Germany,2000,10.232070999999998
Germany,2001,9.946349999999999
Germany,2002,9.527634000000003
Germany,2003,9.128382000000002
Germany,2004,8.581896
Germany,2005,8.505903
Germany,2006,7.564038
Germany,2007,7.084734000000001
Germany,2008,7.119254999999999
Germany,2009,6.609608999999999
Germany,2010,6.445418999999998
Germany,2011,5.295268999999998
Germany,2012,4.737955000000003
Germany,2013,4.233731000000002
Germany,2014,6.783276000000001
Germany,2015,6.385516999999997
Germany,2016,6.083396999999998
Germany,2017,5.651394
Germany,2018,5.210725
Germany,2019,5.137059999999998
Germany,2020,4.530874000000001
Germany,2021,4.180824000000001
Germany,2022,4.095458990000001
Germany,2023,3.8263835999999998
Germany,2024,3.438232421875
Greece,1987,4.3119746
Greece,1988,4.5728184999999995
Greece,1989,4.542058299999999
Greece,1990,4.3635175
Greece,1991,4.0585065
Greece,1992,5.1484764
Greece,1993,4.782992
Greece,1994,4.848144
Greece,1995,4.554859
Greece,1996,4.780018000000002
Greece,1997,4.548899999999998
Greece,1998,3.707758
Greece,1999,3.9032310000000017
Greece,2000,3.9740599999999997
Greece,2001,3.3351799999999976
Greece,2002,2.9132880000000014
Greece,2003,2.7549300000000017
Greece,2004,3.155241
Greece,2005,2.3364960000000004
Greece,2006,2.261921000000001
Greece,2007,2.438565999999998
Greece,2008,1.4165150000000004
Greece,2009,0.7114499999999992
Greece,2010,0.39771400000000057
Greece,2011,0.26017000000000223
Greece,2012,-0.027931999999999846
Greece,2013,-0.1944080000000028
Greece,2014,-0.8198829999999973
Greece,2015,-2.066806999999997
Greece,2016,-3.397092999999998
Greece,2017,-3.4070199999999993
Greece,2018,-2.7574439999999996
Greece,2019,-3.387765999999999
Greece,2020,-3.568920000000002
Greece,2021,-3.0678370000000044
Greece,2022,-4.096401
Greece,2023,-4.826318739999998
Greece,2024,-5.186908721923821
Hungary,1997,0.0801280000000002
Hungary,1998,-0.40541600000000066
Hungary,1999,-0.6038840000000008
Hungary,2000,-0.6436039999999998
Hungary,2001,-0.9208620000000014
Hungary,2002,-0.7677370000000003
Hungary,2003,-1.0887910000000005
Hungary,2004,-1.6183019999999981
Hungary,2005,-2.379140999999999
Hungary,2006,-2.730043000000002
Hungary,2007,-3.1181280000000022
Hungary,2008,-3.6877819999999986
Hungary,2009,-4.653772
Hungary,2010,-4.859234000000001
Hungary,2011,-4.796904000000001
Hungary,2012,-5.7720449999999985
Hungary,2013,-6.143257000000002
Hungary,2014,-6.097715000000001
Hungary,2015,-6.279271000000001
Hungary,2016,-6.3472480000000004
Hungary,2017,-5.9854720000000015
Hungary,2018,-6.8637049999999995
Hungary,2019,-8.657643
Hungary,2020,-8.302131999999997
Hungary,2021,-9.013165
Hungary,2022,-9.102455139999996
Hungary,2023,-9.808427810000001
Hungary,2024,-10.794416427612312
Iceland,2003,-4.637409000000002
Iceland,2004,-3.573913000000001
Iceland,2005,-5.3373370000000016
Iceland,2006,-7.521719000000001
Iceland,2007,-5.6400369999999995
Iceland,2008,-6.076382000000002
Iceland,2009,-7.482460000000003
Iceland,2010,-10.205809000000002
Iceland,2011,-11.252730999999997
Iceland,2012,-11.487879000000003
Iceland,2013,-12.144728999999998
Iceland,2014,-11.969593000000003
Iceland,2015,-14.269748999999997
Iceland,2016,-15.187372
Iceland,2017,-15.020198999999998
Iceland,2018,-16.99416
Iceland,2019,-15.633442000000002
Iceland,2020,-13.286933999999995
Iceland,2021,-16.385082999999995
Iceland,2022,-21.340919490000005
Iceland,2023,-20.79590606
India,2011,5.5440934
India,2012,-3.4845442999999996
India,2018,5.160573005
India,2019,4.7629509
India,2020,4.8828802100000015
India,2021,4.81909561
India,2022,4.659898760000001
India,2023,4.959356310000002
Indonesia,2004,3.0408147999999997
Indonesia,2005,1.6047807
Indonesia,2006,1.2418836999999998
Indonesia,2007,0.6851650000000005
Indonesia,2008,0.8646212000000002
Indonesia,2009,0.5085339000000006
Indonesia,2010,0.17802389999999946
Indonesia,2011,0.13076110000000085
Indonesia,2012,0.7194023000000005
Indonesia,2013,0.5522899999999993
Indonesia,2014,0.21936989999999845
Indonesia,2015,0.20323000000000135
Indonesia,2016,-0.16495514
Indonesia,2017,-0.27113723999999984
Indonesia,2018,-0.5289936100000006
Indonesia,2019,-0.8423757500000004
Indonesia,2020,-1.0428543099999992
Indonesia,2021,-1.7963953000000004
Indonesia,2022,-1.9677600899999987
Ireland,1989,1.6869859999999992
Ireland,1991,2.389756
Ireland,1992,1.5123829999999998
Ireland,1994,1.8446469999999984
Ireland,1995,1.1905670000000015
Ireland,2000,-0.43652099999999905
Ireland,2001,-1.0636290000000024
Ireland,2002,-1.7326809999999995
Ireland,2003,-1.0926590000000012
Ireland,2004,-1.8056700000000028
Ireland,2005,-3.038067999999999
Ireland,2006,-4.864709999999999
Ireland,2007,-5.252023999999999
Ireland,2008,-5.828785
Ireland,2009,-5.665253
Ireland,2010,-6.377605000000003
Ireland,2011,-6.5393219999999985
Ireland,2012,-6.8849910000000065
Ireland,2013,-7.595775000000003
Ireland,2014,-7.328701000000002
Ireland,2015,-7.639686999999995
Ireland,2016,-9.259968
Ireland,2017,-6.749180000000003
Ireland,2018,-7.545906000000002
Ireland,2019,-7.449840000000002
Ireland,2020,-7.083798000000002
Ireland,2021,-8.197330999999998
Ireland,2022,-7.638271331787109
Ireland,2023,-7.377140045166023
Ireland,2024,-8.459648132324219
Israel,2002,-4.443768000000006
Israel,2003,-5.20776
Israel,2005,-5.617981
Israel,2007,-7.238449000000003
Israel,2008,-6.412269000000002
Israel,2009,-7.747821999999999
Israel,2010,-7.759190000000004
Israel,2011,-6.40504
Israel,2012,-8.858052
Israel,2013,-8.935398
Israel,2014,-9.170177000000002
Israel,2015,-8.452221000000002
Israel,2016,-9.284374
Israel,2017,-9.009102000000006
Israel,2018,-9.249324000000001
Israel,2019,-10.367030999999997
Israel,2020,-10.043407000000002
Israel,2021,-9.921875
Israel,2022,-10.95533752
Israel,2023,-10.50287247
Israel,2024,-11.029338836669922
Italy,1989,1.9422474000000003
Italy,1991,1.7899861000000001
Italy,1992,1.8937105999999995
Italy,1994,1.9558772999999992
Italy,1995,1.7683362000000002
Italy,1998,1.1376524000000003
Italy,1999,0.7745037000000004
Italy,2000,0.6271342999999998
Italy,2001,0.336468
Italy,2002,0.24347999999999992
Italy,2003,-0.004887000000000086
Italy,2004,-1.0073249999999998
Italy,2005,-1.2176519999999993
Italy,2006,-1.6185799999999997
Italy,2007,-2.2070240000000005
Italy,2008,-2.715890999999999
Italy,2009,-2.974577
Italy,2010,-3.0835019999999993
Italy,2011,-3.055800999999999
Italy,2012,-3.5344490000000004
Italy,2013,-3.6883610000000004
Italy,2014,-3.9548769999999998
Italy,2015,-4.516069999999999
Italy,2016,-4.820302999999999
Italy,2017,-5.6672329999999995
Italy,2018,-5.641204999999999
Italy,2019,-5.718589999999999
Italy,2020,-5.986431
Italy,2021,-6.257234
Italy,2022,-6.470433
Italy,2023,-6.583072659999999
Italy,2024,-7.12148284912109
Japan,1997,7.188423000000004
Japan,1998,5.821737999999996
Japan,1999,6.1027239999999985
Japan,2000,5.979840999999997
Japan,2001,4.787035000000003
Japan,2002,4.383098000000004
Japan,2003,3.8961070000000007
Japan,2004,3.780273000000001
Japan,2005,3.0019070000000028
Japan,2006,2.917549000000001
Japan,2007,2.5716970000000003
Japan,2008,2.1045760000000016
Japan,2009,1.9070859999999996
Japan,2010,1.3778989999999993
Japan,2011,0.8849639999999965
Japan,2012,0.2798230000000004
Japan,2013,0.42259599999999864
Japan,2014,-0.09717600000000459
Japan,2015,0.03480499999999864
Japan,2016,-0.32444300000000226
Japan,2017,-1.414703000000003
Japan,2018,-1.812344000000003
Japan,2019,-2.4279550000000043
Japan,2020,-2.2559010000000015
Japan,2021,-2.9280019999999993
Japan,2022,-2.3806800800000048
Japan,2023,-3.4909744200000006
Japan,2024,14.613630294799808
Korea,1995,11.726007
Korea,1997,11.498896
Korea,1998,12.679102
Korea,1999,12.119187999999998
Korea,2000,11.949601000000001
Korea,2001,11.493128000000002
Korea,2002,11.247795
Korea,2003,11.692854000000004
Korea,2004,11.433795999999997
Korea,2005,10.685148000000002
Korea,2006,9.997992999999997
Korea,2007,9.703019999999999
Korea,2008,9.350794999999998
Korea,2009,9.273814999999999
Korea,2010,8.363605999999997
Korea,2011,8.896021999999995
Korea,2012,8.402638000000003
Korea,2013,8.136683999999995
Korea,2014,7.775204000000002
Korea,2015,7.473915000000005
Korea,2016,7.184669999999997
Korea,2017,6.560398999999997
Korea,2018,5.597374000000002
Korea,2019,4.704719999999995
Korea,2020,4.282418
Korea,2021,3.989128000000001
Korea,2022,3.5219573900000043
Korea,2023,3.3142585800000006
Korea,2024,2.547149658203118
Latvia,1996,-2.9649289999999997
Latvia,1997,-4.026152999999999
Latvia,1998,-3.7329220000000003
Latvia,1999,-3.5108710000000016
Latvia,2000,-3.532195999999999
Latvia,2001,-5.227423999999999
Latvia,2002,-4.782333000000001
Latvia,2003,-5.837142999999999
Latvia,2004,-6.701964999999998
Latvia,2005,-7.756805
Latvia,2006,-9.729983999999998
Latvia,2007,-9.220818000000001
Latvia,2008,-11.965155
Latvia,2009,-13.095320000000005
Latvia,2010,-12.294265000000003
Latvia,2011,-13.956625000000003
Latvia,2012,-15.111041999999998
Latvia,2013,-15.165035
Latvia,2014,-15.882547999999996
Latvia,2015,-17.8246
Latvia,2016,-17.863294999999997
Latvia,2017,-17.223570000000002
Latvia,2018,-17.401915000000002
Latvia,2019,-16.622313000000002
Latvia,2020,-17.388192999999998
Latvia,2021,-19.036918999999997
Latvia,2022,-19.496306999999998
Latvia,2023,-18.24271393
Latvia,2024,-19.625604629516612
Lithuania,2000,-9.433219999999999
Lithuania,2005,-7.437249999999999
Lithuania,2006,-8.361595000000001
Lithuania,2007,-8.363985999999997
Lithuania,2008,-9.733087999999999
Lithuania,2009,-10.487089000000001
Lithuania,2010,-12.245211999999999
Lithuania,2011,-12.275415000000002
Lithuania,2012,-12.935666999999999
Lithuania,2013,-13.170518999999999
Lithuania,2014,-12.383382000000001
Lithuania,2015,-13.807041000000002
Lithuania,2016,-15.301275
Lithuania,2017,-14.704014
Lithuania,2018,-14.857928999999999
Lithuania,2019,-14.962834
Lithuania,2020,-14.104526999999997
Lithuania,2021,-13.982565999999998
Lithuania,2022,-15.568522999999999
Lithuania,2023,-16.48326874
Lithuania,2024,-16.828964233398438
Luxembourg,2000,5.072153000000002
Luxembourg,2005,4.833060999999997
Luxembourg,2006,3.401577000000003
Luxembourg,2007,2.765021000000001
Luxembourg,2008,3.43694
Luxembourg,2009,5.623357999999996
Luxembourg,2010,6.86195
Luxembourg,2011,4.9565509999999975
Luxembourg,2012,5.672396999999997
Luxembourg,2013,2.484615000000005
Luxembourg,2014,3.837440000000001
Luxembourg,2015,-0.3984220000000036
Luxembourg,2016,0.2883110000000002
Luxembourg,2017,-2.1827770000000015
Luxembourg,2018,-1.3532179999999983
Luxembourg,2019,-3.3665810000000036
Luxembourg,2020,-2.3031350000000046
Luxembourg,2021,-3.158248999999998
Luxembourg,2022,-2.1768500000000017
Luxembourg,2023,-2.451858520000002
Luxembourg,2024,-3.6201667785644602
Mexico,1997,6.915475799999999
Mexico,1998,6.870103
Mexico,1999,6.018162
Mexico,2000,6.081072000000001
Mexico,2001,6.266075000000001
Mexico,2002,5.703130999999999
Mexico,2003,5.735906
Mexico,2004,5.486980000000001
Mexico,2005,4.4740839999999995
Mexico,2006,4.091137999999999
Mexico,2007,4.127541000000001
Mexico,2008,3.7186649999999997
Mexico,2009,3.528734
Mexico,2010,3.126010000000001
Mexico,2011,2.9032740000000015
Mexico,2012,2.7200960000000016
Mexico,2013,2.0144730000000006
Mexico,2014,2.028341000000001
Mexico,2015,2.1868549999999995
Mexico,2016,2.093349
Mexico,2017,2.176722999999999
Mexico,2018,1.6902659999999976
Mexico,2019,1.2713146209716797
Mexico,2020,0.9948699999999988
Mexico,2021,1.2442210000000031
Mexico,2022,1.0577539999999992
Mexico,2023,1.6455059099999971
Mexico,2024,0.7226448059082102
Netherlands,1990,5.760183000000001
Netherlands,1991,5.973980000000001
Netherlands,1992,5.967468999999998
Netherlands,1994,6.217888000000002
Netherlands,1995,5.9930699999999995
Netherlands,1998,6.219444000000003
Netherlands,2000,5.519102
Netherlands,2001,5.134533000000001
Netherlands,2002,4.857059000000003
Netherlands,2003,5.227201000000001
Netherlands,2004,5.110226999999998
Netherlands,2005,5.155570000000001
Netherlands,2006,4.101292999999998
Netherlands,2007,4.146765000000002
Netherlands,2008,4.075388
Netherlands,2009,3.5146629999999988
Netherlands,2010,3.6839010000000023
Netherlands,2011,2.7340640000000036
Netherlands,2012,2.251773
Netherlands,2013,1.1929820000000007
Netherlands,2014,0.10395799999999866
Netherlands,2015,-0.07778199999999913
Netherlands,2016,-0.8304679999999962
Netherlands,2017,-1.676720000000003
Netherlands,2018,-2.130810000000004
Netherlands,2019,-1.1998409999999993
Netherlands,2020,-1.7075960000000023
Netherlands,2021,-1.4987099999999955
Netherlands,2022,-2.093558999999999
Netherlands,2023,-3.324764250000001
Netherlands,2024,-3.9364395141601562
New Zealand,2014,-5.697598000000006
New Zealand,2015,-6.046816999999997
New Zealand,2016,-5.457424000000003
New Zealand,2017,-5.520130000000002
New Zealand,2018,-5.795524
New Zealand,2019,-5.712688
New Zealand,2020,-6.407097
New Zealand,2021,-6.482447999999998
New Zealand,2022,-7.378971
New Zealand,2023,-7.551242828369141
New Zealand,2024,-8.168304443359382
Norway,1981,4.227541999999998
Norway,1989,4.735506000000001
Norway,1991,4.091949
Norway,1992,3.801107000000002
Norway,1994,2.003633999999998
Norway,1995,0.9368149999999993
Norway,2005,-5.470303000000001
Norway,2006,-6.237141000000001
Norway,2007,-6.445055
Norway,2008,-7.827750999999999
Norway,2009,-8.548054
Norway,2010,-7.6283499999999975
Norway,2011,-8.449231000000005
Norway,2012,-9.329253999999999
Norway,2013,-10.244918999999996
Norway,2014,-8.552078000000002
Norway,2015,-8.775967000000001
Norway,2016,-9.470028000000006
Norway,2017,-9.225464000000002
Norway,2018,-9.233360000000005
Norway,2019,-10.488354000000001
Norway,2020,-11.640785000000001
Norway,2021,-11.098227999999999
Norway,2022,-11.989880000000007
Norway,2023,-13.139759070000004
Norway,2024,-14.049629211425781
OECD,1998,2.0820690000000006
OECD,1999,1.8470650000000006
OECD,2000,0.7326070000000016
OECD,2001,0.9523030000000006
OECD,2002,0.33492000000000033
OECD,2003,-0.1524019999999986
OECD,2004,-0.09931899999999771
OECD,2005,-0.9690919999999998
OECD,2006,-1.4257540000000013
OECD,2007,-1.9254599999999975
OECD,2008,-2.4321749999999973
OECD,2009,-2.941231000000002
OECD,2010,-3.318104999999999
OECD,2020,-7.1394757313298385
OECD,2021,-7.494817400057414
OECD,2022,-7.845469090868498
OECD,2023,-8.0882475053942
OECD,2024,-7.602717535836348
Peru,2016,1.286985399999999
Peru,2022,1.0316200256347656
Peru,2023,0.3828582763671875
Peru,2024,0.5060539245605398
Poland,1995,-3.2819730000000007
Poland,1997,-0.22441899999999926
Poland,1998,-1.0722900000000006
Poland,1999,-1.235380000000001
Poland,2000,-2.198708
Poland,2001,-2.529445000000001
Poland,2002,-2.806287000000001
Poland,2003,-2.8619860000000017
Poland,2004,-3.2577890000000007
Poland,2005,-4.212456000000001
Poland,2006,-4.381353000000001
Poland,2007,-5.281096000000002
Poland,2008,-5.823148
Poland,2009,-6.695488000000001
Poland,2010,-7.0180299999999995
Poland,2011,-7.606169999999999
Poland,2012,-8.107195
Poland,2013,-8.544386
Poland,2014,-8.89771
Poland,2015,-9.768453999999998
Poland,2016,-10.526598
Poland,2017,-10.827872
Poland,2018,-11.368434
Poland,2019,-11.489943
Poland,2020,-11.975914
Poland,2021,-12.395475387573239
Poland,2022,-12.949308000000002
Poland,2023,-13.353958129999999
Poland,2024,-13.357498168945312
Portugal,1994,-1.8732215000000014
Portugal,1995,-2.237361
Portugal,1998,-2.5209665
Portugal,1999,-2.0938296000000003
Portugal,2000,-2.462632000000001
Portugal,2001,-3.1815749999999996
Portugal,2002,-4.1319631
Portugal,2003,-4.2227245
Portugal,2004,-4.486814000000001
Portugal,2005,-4.324546999999999
Portugal,2006,-4.335089999999999
Portugal,2007,-5.226805999999998
Portugal,2008,-5.550625
Portugal,2009,-5.348202000000001
Portugal,2010,-6.282871999999999
Portugal,2011,-5.391300000000001
Portugal,2012,-5.840139000000001
Portugal,2013,-7.6562730000000006
Portugal,2014,-8.58181190490723
Portugal,2015,-8.466072082519531
Portugal,2016,-8.50354194641113
Portugal,2017,-9.28743934631347
Portugal,2018,-10.104585647583
Portugal,2019,-9.10802841186523
Portugal,2020,-9.869375228881832
Portugal,2021,-11.075124740600593
Portugal,2022,-10.488618850707997
Portugal,2023,-9.303520202636719
Portugal,2024,-10.2790412902832
Romania,2015,-1.5007449999999984
Romania,2019,-2.534423828125
Romania,2021,-3.2564579999999985
Romania,2022,-3.8313694
Romania,2023,-3.974479670000001
Romania,2024,-4.291326522827152
Slovak Republic,1997,2.264971900000001
Slovak Republic,1998,2.2272824999999994
Slovak Republic,1999,1.9206056999999994
Slovak Republic,2000,1.1543218
Slovak Republic,2001,0.7034640000000003
Slovak Republic,2002,-0.21982000000000035
Slovak Republic,2003,0.04207000000000072
Slovak Republic,2004,-0.0004129999999999967
Slovak Republic,2005,1.2027009999999994
Slovak Republic,2006,1.1856150000000003
Slovak Republic,2007,-0.6011610000000012
Slovak Republic,2008,-0.5994209999999995
Slovak Republic,2009,-1.7416870000000007
Slovak Republic,2010,-3.2445109999999993
Slovak Republic,2011,-3.574902999999999
Slovak Republic,2012,-4.5566390000000006
Slovak Republic,2013,-4.008399999999998
Slovak Republic,2014,-4.304499
Slovak Republic,2015,-5.494575000000001
Slovak Republic,2016,-6.227823000000001
Slovak Republic,2017,-6.692047000000002
Slovak Republic,2018,-7.232264000000001
Slovak Republic,2019,-8.210106
Slovak Republic,2020,-9.585608
Slovak Republic,2021,-10.845393999999999
Slovak Republic,2022,-10.685731999999998
Slovak Republic,2023,-8.784996029999999
Slovak Republic,2024,-10.082212448120114
Slovenia,2000,-3.2191550000000007
Slovenia,2002,-3.7191020000000012
Slovenia,2003,-4.665596999999998
Slovenia,2004,-5.274387000000001
Slovenia,2005,-5.248595999999999
Slovenia,2006,-6.081378999999998
Slovenia,2007,-7.056549
Slovenia,2008,-7.464445000000001
Slovenia,2009,-8.911605000000002
Slovenia,2010,-8.681061
Slovenia,2011,-9.839090000000002
Slovenia,2012,-10.892473000000003
Slovenia,2013,-10.593215999999998
Slovenia,2014,-10.632200999999998
Slovenia,2015,-12.640060000000002
Slovenia,2016,-13.273169
Slovenia,2017,-10.960224000000004
Slovenia,2018,-12.48416
Slovenia,2019,-13.433928000000002
Slovenia,2020,-13.742187000000001
Slovenia,2021,-14.654181999999999
Slovenia,2022,-15.728168490000002
Slovenia,2023,-16.460887910000004
Slovenia,2024,-16.916898727416992
South Africa,2010,1.7115954999999996
South Africa,2011,1.7636724
South Africa,2012,0.9403091000000003
South Africa,2013,0.3973840000000006
South Africa,2014,0.11783300000000096
South Africa,2015,-1.0358250000000009
South Africa,2016,-1.195449
South Africa,2017,-1.1364099999999997
South Africa,2018,-1.0458739999999995
South Africa,2019,-1.3197369999999982
South Africa,2020,-2.054309999999999
South Africa,2022,-2.312042
South Africa,2024,-0.9672975540161133
Spain,1981,2.8436389
Spain,1989,1.9456971000000003
Spain,1991,1.593076
Spain,1992,3.284484000000001
Spain,1994,2.776718999999998
Spain,1995,2.801627
Spain,1997,2.2142659999999985
Spain,1998,1.936287
Spain,1999,2.100961999999999
Spain,2000,1.6893519999999995
Spain,2001,1.1884060000000005
Spain,2002,0.49207299999999776
Spain,2003,0.26981500000000125
Spain,2004,-0.4528540000000021
Spain,2005,-0.6503680000000003
Spain,2006,-1.091866999999997
Spain,2007,-1.3454590000000017
Spain,2008,-1.3234539999999981
Spain,2009,-2.229269000000002
Spain,2010,-2.9236700000000013
Spain,2011,-2.803468999999996
Spain,2012,-3.166024
Spain,2013,-3.3835949999999997
Spain,2014,-3.7347139999999968
Spain,2015,-4.847549000000001
Spain,2016,-5.416136999999999
Spain,2017,-5.179722000000005
Spain,2018,-5.206272999999996
Spain,2019,-5.508583000000002
Spain,2020,-5.973033999999998
Spain,2021,-6.586494440000003
Spain,2022,-7.263568999999997
Spain,2023,-7.087516789999995
Spain,2024,-6.60760498046875
Sweden,1981,0.541048
Sweden,1989,-1.201359
Sweden,1991,-0.6732249999999986
Sweden,1992,-0.8433659999999996
Sweden,1994,-2.525932000000001
Sweden,1995,-2.395227000000002
Sweden,1997,-2.6421460000000003
Sweden,1998,-3.079369
Sweden,1999,-3.3571450000000027
Sweden,2000,-4.088978000000001
Sweden,2001,-3.8543420000000026
Sweden,2002,-4.505877999999999
Sweden,2003,-4.890519000000001
Sweden,2004,-5.865229999999997
Sweden,2005,-9.282294
Sweden,2006,-9.170851999999996
Sweden,2007,-9.176558
Sweden,2008,-9.620020000000004
Sweden,2009,-9.976157000000004
Sweden,2010,-9.954632
Sweden,2011,-11.421216999999999
Sweden,2012,-11.395814999999999
Sweden,2013,-11.889500000000002
Sweden,2014,-12.513103999999998
Sweden,2015,-13.732441000000001
Sweden,2016,-13.583835999999998
Sweden,2017,-13.148376999999996
Sweden,2018,-13.875275000000002
Sweden,2019,-14.605331
Sweden,2020,-14.864669999999997
Sweden,2021,-14.873439789999999
Sweden,2022,-15.12639618
Sweden,2023,-14.486881259999997
Sweden,2024,-15.70474624633789
Switzerland,1989,20.431339
Switzerland,1991,17.572726
Switzerland,1992,18.538047
Switzerland,1994,20.654806999999998
Switzerland,1995,20.5356
Switzerland,1997,19.080976999999997
Switzerland,1998,20.229573000000002
Switzerland,1999,20.016231
Switzerland,2000,19.493046999999997
Switzerland,2001,19.307899
Switzerland,2002,17.663542000000003
Switzerland,2003,17.766236999999997
Switzerland,2004,18.242607
Switzerland,2005,17.383612
Switzerland,2006,17.299139
Switzerland,2007,16.282232999999998
Switzerland,2008,15.851080000000003
Switzerland,2009,15.552561
Switzerland,2010,12.610080000000004
Switzerland,2011,11.805935000000002
Switzerland,2012,11.88553
Switzerland,2013,11.354033000000001
Switzerland,2014,10.423172000000001
Switzerland,2015,8.933701
Switzerland,2016,9.481575
Switzerland,2017,9.322162999999996
Switzerland,2018,7.945544999999996
Switzerland,2019,7.401020000000003
Switzerland,2020,6.1709260000000015
Switzerland,2021,5.52317
Switzerland,2022,5.222763059999998
Switzerland,2023,4.795249939999998
Switzerland,2024,4.543621063232422
Türkiye,1991,3.1441054
Türkiye,1992,3.7610667
Türkiye,1994,2.9067420999999998
Türkiye,1995,3.0291365999999993
Türkiye,1997,2.9851465999999993
Türkiye,1998,3.1684966
Türkiye,1999,2.9892984
Türkiye,2000,2.888246500000001
Türkiye,2001,2.9950923000000005
Türkiye,2002,3.2435038
Türkiye,2003,3.6896793999999993
Türkiye,2004,3.860258400000001
Türkiye,2005,3.6328692
Türkiye,2006,3.5195317
Türkiye,2007,3.5463599000000006
Türkiye,2008,3.4634359999999997
Türkiye,2009,3.1173199999999994
Türkiye,2010,3.5455879999999986
Türkiye,2011,3.540846
Türkiye,2012,3.432570000000002
Türkiye,2013,3.4039409999999997
Türkiye,2014,3.3031869999999994
Türkiye,2015,3.0726809999999993
Türkiye,2016,2.8953380000000024
Türkiye,2017,2.4521729999999984
Türkiye,2018,2.0822889999999994
Türkiye,2019,2.284642999999999
Türkiye,2021,1.211112
Türkiye,2022,0.552112000000001
Türkiye,2023,0.3000125899999979
Türkiye,2024,0.2142200469970703
United Kingdom,1997,2.2564889999999984
United Kingdom,1998,2.3182550000000006
United Kingdom,1999,2.489253999999999
United Kingdom,2000,2.197903
United Kingdom,2001,1.5902480000000025
United Kingdom,2002,0.7185839999999999
United Kingdom,2003,1.1428070000000012
United Kingdom,2004,0.8231850000000023
United Kingdom,2005,0.4355550000000008
United Kingdom,2006,-0.15543299999999505
United Kingdom,2007,-0.3340870000000038
United Kingdom,2008,-0.11585599999999374
United Kingdom,2009,-0.24602900000000005
United Kingdom,2010,-0.21563299999999685
United Kingdom,2011,-0.7086910000000017
United Kingdom,2012,-1.215366000000003
United Kingdom,2013,-2.2133370000000028
United Kingdom,2014,-2.589290999999996
United Kingdom,2015,-1.440178000000003
United Kingdom,2016,-1.126540999999996
United Kingdom,2017,-2.2925460000000015
United Kingdom,2018,-3.980319999999999
United Kingdom,2019,-4.158245086669922
United Kingdom,2020,-5.033561706542969
United Kingdom,2021,-4.197818756103516
United Kingdom,2022,-3.7896499633789062
United Kingdom,2023,-3.4602928161621094
United Kingdom,2024,-4.618129730224609
United States,1981,7.932899000000001
United States,1982,8.110679000000001
United States,1983,8.223337999999998
United States,1984,7.642788999999997
United States,1985,7.324296999999998
United States,1986,6.959755999999999
United States,1987,6.894576000000001
United States,1988,6.920269000000001
United States,1989,6.128247999999999
United States,1990,5.623261999999997
United States,1991,4.776857
United States,1992,3.386123999999999
United States,1993,3.460402000000002
United States,1994,2.993641
United States,1995,3.186390000000003
United States,1996,1.5235330000000005
United States,1997,1.0867389999999943
United States,1998,1.2102509999999995
United States,1999,1.4790199999999984
United States,2000,0.7500339999999994
United States,2001,0.038710999999999274
United States,2002,-0.3325499999999977
United States,2003,-1.0149650000000037
United States,2004,-1.208034000000005
United States,2005,-2.176804000000004
United States,2006,-2.2577210000000036
United States,2007,-2.9631800000000013
United States,2008,-3.482128000000003
United States,2009,-4.422089
United States,2010,-4.687263999999999
United States,2011,-4.332619000000001
United States,2012,-4.253478999999999
United States,2013,-5.009063999999995
United States,2014,-5.447963999999999
United States,2015,-5.676617
United States,2016,-5.7910499999999985
United States,2017,-6.506359000000003
United States,2018,-6.1224790000000056
United States,2019,-6.510452000000001
United States,2020,-6.864495000000005
United States,2021,-8.137183999999998
United States,2022,-8.077156000000002
United States,2023,-7.926670080000001
