country,year,employment_gap
Argentina,2004,28.217388
Argentina,2005,29.145401
Argentina,2006,29.181065000000004
Argentina,2008,30.594120000000004
Argentina,2009,28.106479999999998
Argentina,2010,29.201046000000005
Argentina,2011,29.004920999999996
Argentina,2012,28.37983700000001
Argentina,2013,28.928367999999992
Argentina,2014,28.520301999999994
Argentina,2017,25.51128387
Argentina,2018,23.896049499999997
Argentina,2019,22.491710659999995
Argentina,2020,21.947898860000002
Argentina,2021,22.192955020000007
Argentina,2022,21.15348053000001
Argentina,2023,20.347824099999997
Australia,1989,30.252891999999996
Australia,1991,25.771506999999993
Australia,1993,23.064159999999994
Australia,1994,23.456466999999996
Australia,1995,21.864051999999994
Australia,1997,21.399024999999995
Australia,1998,21.031021000000003
Australia,1999,20.999305000000007
Australia,2000,20.674633999999998
Australia,2001,19.338973999999993
Australia,2002,19.940441
Australia,2003,18.638413
Australia,2004,19.624610999999994
Australia,2005,18.70562799999999
Australia,2006,17.512253
Australia,2007,17.981369
Australia,2008,20.124816999999993
Australia,2009,14.675621000000007
Australia,2010,16.347199000000003
Australia,2011,16.211098000000007
Australia,2012,15.574736999999999
Australia,2013,14.506141999999997
Australia,2014,14.499283000000005
Australia,2015,14.062331999999998
Australia,2016,13.000876999999988
Australia,2017,12.322699999999998
Australia,2018,11.407425000000003
Australia,2019,11.981910999999997
Australia,2020,11.870681000000005
Australia,2021,9.873787000000007
Australia,2022,9.29274749000001
Australia,2023,8.280204780000005
Australia,2024,8.817916870117188
Austria,2004,15.000026999999996
Austria,2005,14.037579000000008
Austria,2006,13.91494800000001
Austria,2007,14.20047000000001
Austria,2008,13.291977000000003
Austria,2009,11.405746000000008
Austria,2010,10.852035999999998
Austria,2011,10.563026000000008
Austria,2012,10.164878999999999
Austria,2013,9.709450000000004
Austria,2014,9.152595000000005
Austria,2015,8.692709999999991
Austria,2016,8.697845999999998
Austria,2017,9.041740999999988
Austria,2018,9.637642
Austria,2019,9.271156999999988
Austria,2020,8.714264
Austria,2021,8.471710000000002
Austria,2022,8.15420499999999
Austria,2023,7.9628372200000115
Austria,2024,6.9222869873046875
Belgium,1989,33.92676900000001
Belgium,1991,30.929257
Belgium,1992,28.860019
Belgium,1994,25.915756999999992
Belgium,1995,24.804488999999997
Belgium,2000,20.572128
Belgium,2001,20.534062
Belgium,2002,19.534793999999998
Belgium,2003,17.93437200000001
Belgium,2004,17.758960000000002
Belgium,2005,16.832854999999995
Belgium,2006,15.961436999999997
Belgium,2007,15.402832000000004
Belgium,2008,14.260661999999996
Belgium,2009,12.871037000000001
Belgium,2010,12.572891000000006
Belgium,2011,12.107893999999995
Belgium,2012,11.354392999999988
Belgium,2013,10.649010000000004
Belgium,2014,9.251175000000003
Belgium,2015,8.641067000000007
Belgium,2016,9.863449000000003
Belgium,2017,10.239936
Belgium,2018,8.770659999999992
Belgium,2019,8.678069999999991
Belgium,2020,8.601387000000003
Belgium,2021,8.300071000000003
Belgium,2022,8.104897000000008
Belgium,2023,8.1613617
Belgium,2024,8.394935607910156
Brazil,2007,25.701099000000006
Brazil,2008,25.785086999999997
Brazil,2009,25.095295
Brazil,2011,30.819279
Brazil,2012,25.846196
Brazil,2013,25.552749000000006
Brazil,2014,24.244838
Brazil,2015,24.280487
Brazil,2016,23.615524
Brazil,2017,22.713028
Brazil,2018,21.911975999999996
Brazil,2019,21.981693000000007
Brazil,2020,22.772979999999997
Brazil,2021,24.339313000000004
Brazil,2022,22.392834
Brazil,2023,22.055343629999996
Bulgaria,2015,6.173683170000004
Bulgaria,2016,7.003784179999997
Bulgaria,2019,8.535881042480469
Bulgaria,2022,7.256164550000008
Bulgaria,2023,7.016654970000005
Bulgaria,2024,6.758033752441406
Canada,1981,33.119899999999994
Canada,1990,18.481613000000003
Canada,1991,16.502059999999993
Canada,1992,15.012726
Canada,1993,14.996845999999998
Canada,1994,14.876244
Canada,1995,14.807677999999996
Canada,1996,14.496476000000001
Canada,1997,14.10124900000001
Canada,1998,13.521363000000008
Canada,1999,13.216522000000012
Canada,2000,13.100898999999998
Canada,2001,12.280892000000009
Canada,2002,11.417907999999997
Canada,2003,10.862358
Canada,2004,10.572074999999998
Canada,2005,11.085358
Canada,2006,10.362717000000004
Canada,2007,9.219719000000012
Canada,2008,9.192290999999997
Canada,2009,6.999266999999989
Canada,2010,7.483604
Canada,2011,8.678901672363281
Canada,2012,8.649078369140625
Canada,2013,8.299995422363281
Canada,2014,8.63970947265625
Canada,2015,8.820884704589844
Canada,2016,8.488639831542969
Canada,2017,8.368736267089844
Canada,2018,8.347389221191406
Canada,2019,8.14825439453125
Canada,2020,8.297477722167969
Canada,2021,7.8961181640625
Canada,2022,7.811309814453125
Canada,2023,7.34979248046875
Canada,2024,7.430633544921875
Chile,2009,34.982124000000006
Chile,2011,33.10349299999999
Chile,2013,30.157942999999996
Chile,2015,27.897006999999995
Chile,2017,25.6196060180664
Chile,2020,22.843147000000002
Chile,2022,22.50870895385743
Colombia,2010,29.913581
Colombia,2011,29.303109
Colombia,2012,28.109229999999997
Colombia,2013,28.063755000000008
Colombia,2014,28.075497
Colombia,2015,27.36505509
Colombia,2016,27.79653931
Colombia,2017,27.69649124
Colombia,2018,28.394653320000003
Colombia,2019,28.793769829999995
Colombia,2020,30.72948837
Colombia,2021,32.002872460000006
Colombia,2022,28.931327820000007
Colombia,2023,27.73673629999999
Colombia,2024,27.232383728027337
Costa Rica,1987,59.021713
Costa Rica,1988,57.848983000000004
Costa Rica,1989,57.91199099999999
Costa Rica,1990,56.197903000000004
Costa Rica,1991,55.036114000000005
Costa Rica,1992,55.055141
Costa Rica,1993,54.06270200000001
Costa Rica,1994,52.808082999999996
Costa Rica,1995,52.60012400000001
Costa Rica,1996,50.98629400000001
Costa Rica,1997,48.618781999999996
Costa Rica,1998,48.313576000000005
Costa Rica,1999,47.132976
Costa Rica,2000,47.767078000000005
Costa Rica,2001,43.852211000000004
Costa Rica,2002,43.301281
Costa Rica,2003,42.112698
Costa Rica,2004,43.602821
Costa Rica,2005,41.510269
Costa Rica,2006,41.478564999999996
Costa Rica,2007,40.238910999999995
Costa Rica,2008,38.598735999999995
Costa Rica,2009,36.866111
Costa Rica,2010,35.36279699999999
Costa Rica,2011,34.579620999999996
Costa Rica,2012,29.452640999999993
Costa Rica,2013,31.262138999999998
Costa Rica,2014,31.846584
Costa Rica,2015,31.895542
Costa Rica,2016,33.62912
Costa Rica,2017,33.736294
Costa Rica,2018,32.609531000000004
Costa Rica,2019,31.525309999999998
Costa Rica,2020,31.239611999999994
Costa Rica,2021,32.560562000000004
Costa Rica,2022,31.591023000000007
Costa Rica,2023,33.221626289999996
Costa Rica,2024,29.31561279296875
Croatia,2016,9.826557160000007
Croatia,2019,10.084663391113281
Croatia,2023,7.410331729999996
Croatia,2024,5.541572570800781
Czechia,1994,12.99547600000001
Czechia,1995,13.985495999999998
Czechia,1997,18.35437800000001
Czechia,1998,19.041038
Czechia,1999,19.037658999999998
Czechia,2000,19.119299999999996
Czechia,2001,19.037856999999995
Czechia,2002,19.646736000000004
Czechia,2003,19.785355000000003
Czechia,2004,19.300574999999995
Czechia,2005,19.511116
Czechia,2006,19.340668000000008
Czechia,2007,19.819404000000006
Czechia,2008,20.233604
Czechia,2009,19.249549000000002
Czechia,2010,19.351261000000008
Czechia,2011,18.641188999999997
Czechia,2012,18.228591999999992
Czechia,2013,17.62608300000001
Czechia,2014,17.55488600000001
Czechia,2015,16.714493000000004
Czechia,2016,15.835433999999992
Czechia,2017,15.759741999999989
Czechia,2018,15.319252000000006
Czechia,2019,15.099647000000004
Czechia,2020,14.982627999999991
Czechia,2021,15.104423999999995
Czechia,2022,14.760208000000006
Czechia,2023,13.388130189999998
Czechia,2024,12.127540588378906
Denmark,1981,15.936347999999995
Denmark,1988,10.259636
Denmark,1991,9.110779000000008
Denmark,1992,8.495460000000008
Denmark,1994,7.917526000000009
Denmark,1995,9.492019999999997
Denmark,1998,11.847565000000003
Denmark,1999,10.004151000000007
Denmark,2000,8.565764999999999
Denmark,2001,8.820167999999995
Denmark,2002,9.171852000000001
Denmark,2003,10.125678999999991
Denmark,2004,9.249428000000009
Denmark,2005,8.845711000000009
Denmark,2006,9.250274999999988
Denmark,2007,8.247855999999999
Denmark,2008,8.450301999999994
Denmark,2009,6.623681000000005
Denmark,2010,6.143767999999994
Denmark,2011,7.176850000000002
Denmark,2012,6.302948000000001
Denmark,2013,6.596655999999996
Denmark,2014,7.480087999999995
Denmark,2015,8.369979999999998
Denmark,2016,8.071076000000005
Denmark,2017,7.252769999999998
Denmark,2018,7.554795000000013
Denmark,2019,7.6991430000000065
Denmark,2020,7.520684000000003
Denmark,2021,7.0435250000000025
Denmark,2022,5.6835250799999955
Denmark,2023,6.244560239999998
Denmark,2024,7.069755554199219
Estonia,1997,11.245918000000003
Estonia,1998,9.724266
Estonia,1999,8.814980000000006
Estonia,2000,6.350241999999994
Estonia,2001,5.991157000000001
Estonia,2002,5.401138000000003
Estonia,2003,5.700423999999998
Estonia,2004,3.725669999999994
Estonia,2005,3.185555000000008
Estonia,2006,5.625526000000008
Estonia,2007,7.888618999999991
Estonia,2008,8.175758000000002
Estonia,2009,1.3597559999999902
Estonia,2010,1.3405599999999964
Estonia,2011,5.717101999999997
Estonia,2012,5.830337999999998
Estonia,2013,6.793518000000006
Estonia,2014,8.454887
Estonia,2015,7.389731999999995
Estonia,2016,8.060203000000001
Estonia,2017,6.997467
Estonia,2018,7.389167999999998
Estonia,2019,7.302963000000005
Estonia,2020,5.9012599999999935
Estonia,2021,3.9704210000000018
Estonia,2022,3.8597409999999996
Estonia,2023,2.8382492100000007
Estonia,2024,2.0931396484375
Finland,2000,6.511024000000006
Finland,2003,4.428664999999995
Finland,2004,4.858817999999999
Finland,2005,4.4358900000000006
Finland,2006,4.527823999999995
Finland,2007,4.277266999999995
Finland,2008,5.063995000000006
Finland,2009,2.6160890000000023
Finland,2010,3.371330999999998
Finland,2011,4.028564000000003
Finland,2012,3.128304
Finland,2013,3.452315999999996
Finland,2014,2.427970000000002
Finland,2015,2.5765990000000016
Finland,2016,3.781089779999988
Finland,2017,3.358704000000003
Finland,2018,3.9119730000000033
Finland,2019,2.5556640000000073
Finland,2020,2.9348750000000052
Finland,2021,1.592995000000002
Finland,2022,1.4320144699999986
Finland,2023,0.23164366999999686
Finland,2024,0.8769454956054688
France,1981,30.186782000000008
France,1989,24.359027999999995
France,1991,21.959404
France,1992,20.931278000000006
France,1994,18.11733999999999
France,1995,17.612742999999995
France,1997,17.001403000000003
France,1998,16.550022000000006
France,1999,15.947933000000006
France,2000,15.989525
France,2001,16.07347099999999
France,2002,14.732230999999999
France,2003,13.300690000000003
France,2004,12.734474000000006
France,2005,12.06489599999999
France,2006,11.418830999999997
France,2007,10.632071999999994
France,2008,10.458298
France,2009,9.790169000000006
France,2010,9.383628999999999
France,2011,9.449378999999993
France,2012,9.119788999999997
France,2013,8.327347000000003
France,2014,7.755684000000002
France,2015,7.570205999999999
France,2016,7.796942999999999
France,2017,8.326363
France,2018,7.939858000000001
France,2019,7.556999000000005
France,2020,7.453254999999999
France,2021,6.713204000000005
France,2022,6.480690009999989
France,2023,6.132057189999998
France,2024,6.140586853027344
Germany,1989,32.582711
Germany,1991,24.801131999999996
Germany,1992,23.932944999999997
Germany,1994,21.521010999999994
Germany,1995,21.079499000000006
Germany,1997,18.583805000000005
Germany,1998,17.855316000000002
Germany,1999,17.118758999999997
Germany,2000,16.625779
Germany,2001,15.513531
Germany,2002,14.536312000000002
Germany,2003,13.689926
Germany,2004,13.218067999999995
Germany,2005,13.489803000000002
Germany,2006,13.125343
Germany,2007,13.391722999999999
Germany,2008,13.258522
Germany,2009,11.817673
Germany,2010,11.350693000000007
Germany,2011,11.070137000000003
Germany,2012,11.094764999999995
Germany,2013,10.308143999999999
Germany,2014,9.909958000000003
Germany,2015,9.426956000000004
Germany,2016,8.998374999999996
Germany,2017,8.850241999999994
Germany,2018,8.75
Germany,2019,8.602729999999994
Germany,2020,6.64110500000001
Germany,2021,7.954216000000002
Germany,2022,8.417640689999999
Germany,2023,8.268104550000004
Germany,2024,7.555274963378906
Greece,1987,43.577667
Greece,1988,42.647724
Greece,1989,42.103947
Greece,1990,41.710164
Greece,1991,43.852577
Greece,1992,41.895458000000005
Greece,1993,41.017929
Greece,1994,40.536629000000005
Greece,1995,39.45344899999999
Greece,1996,39.430842999999996
Greece,1997,38.342472
Greece,1998,36.67222999999999
Greece,1999,35.708701999999995
Greece,2000,35.287438
Greece,2001,35.368781999999996
Greece,2002,33.841118
Greece,2003,33.023704
Greece,2004,31.93957499999999
Greece,2005,31.515983000000006
Greece,2006,30.260585999999996
Greece,2007,30.047439999999995
Greece,2008,29.122318
Greece,2009,27.088696000000006
Greece,2010,25.144589000000003
Greece,2011,23.031204000000002
Greece,2012,20.722106999999994
Greece,2013,20.361412
Greece,2014,19.14843299999999
Greece,2015,19.188831999999998
Greece,2016,20.298740000000002
Greece,2017,21.076708999999994
Greece,2018,22.368198000000007
Greece,2019,21.672104000000004
Greece,2020,20.364883999999996
Greece,2021,20.991260999999994
Greece,2022,21.86550499999999
Greece,2023,20.79088593000001
Greece,2024,20.209484100341797
Hungary,1997,17.164036000000003
Hungary,1998,15.343620000000008
Hungary,1999,15.620277000000002
Hungary,2000,15.276867000000003
Hungary,2001,15.255387000000006
Hungary,2002,15.638973000000007
Hungary,2003,14.720893999999994
Hungary,2004,14.692635000000003
Hungary,2005,14.392962999999995
Hungary,2006,14.784218000000003
Hungary,2007,15.268737999999999
Hungary,2008,14.386371999999994
Hungary,2009,13.494118
Hungary,2010,11.720336999999994
Hungary,2011,12.744854000000004
Hungary,2012,12.648692999999994
Hungary,2013,13.379241
Hungary,2014,13.903815999999999
Hungary,2015,14.656914
Hungary,2016,14.567977999999997
Hungary,2017,15.712936999999997
Hungary,2018,15.500267000000008
Hungary,2019,16.003287999999998
Hungary,2020,16.49239399999999
Hungary,2021,10.811935000000005
Hungary,2022,10.116851799999992
Hungary,2023,9.326477049999994
Hungary,2024,8.040977478027344
Iceland,2003,7.168976000000001
Iceland,2004,9.035293999999993
Iceland,2005,9.269768
Iceland,2006,9.760184999999993
Iceland,2007,9.969300000000004
Iceland,2008,9.712294999999997
Iceland,2009,6.6003649999999965
Iceland,2010,6.578452999999996
Iceland,2011,7.347244000000003
Iceland,2012,6.647812000000002
Iceland,2013,8.513886
Iceland,2014,8.450935000000001
Iceland,2015,8.856787999999995
Iceland,2016,8.324530999999993
Iceland,2017,7.25766800000001
Iceland,2018,8.01231399999999
Iceland,2019,7.767799000000011
Iceland,2020,7.183502000000004
Iceland,2021,8.070876999999996
Iceland,2022,6.466468810000009
Iceland,2023,7.346343999999988
India,2012,-26.937559000000004
India,2018,63.41142273
India,2019,59.84143066000001
India,2020,55.06201744
India,2021,55.19296646
India,2022,56.36904525999999
India,2023,48.86202621
Indonesia,2004,44.004531
Indonesia,2005,43.512925
Indonesia,2006,43.733623
Indonesia,2007,38.21879500000001
Indonesia,2008,35.624409
Indonesia,2009,35.70727599999999
Indonesia,2010,35.729808
Indonesia,2011,35.648182
Indonesia,2012,35.642193
Indonesia,2013,35.58192
Indonesia,2014,35.47565900000001
Indonesia,2015,35.257706000000006
Indonesia,2016,33.526409150000006
Indonesia,2017,32.86709594999999
Indonesia,2018,31.358383179999997
Indonesia,2019,31.571212769999995
Indonesia,2020,30.69425583000001
Indonesia,2021,30.342639930000004
Indonesia,2022,32.35904693
Ireland,1989,37.10088
Ireland,1991,41.69768499999999
Ireland,1992,36.972008
Ireland,1994,33.85271099999999
Ireland,1995,33.296764
Ireland,2000,27.552696000000005
Ireland,2001,26.613483999999993
Ireland,2002,24.774935999999997
Ireland,2003,23.870407
Ireland,2004,23.616939000000002
Ireland,2005,22.42042500000001
Ireland,2006,21.628433
Ireland,2007,19.94049100000001
Ireland,2008,17.916313000000002
Ireland,2009,12.556476000000004
Ireland,2010,10.678314
Ireland,2011,10.289344000000007
Ireland,2012,10.530034
Ireland,2013,11.992835999999997
Ireland,2014,13.001407999999998
Ireland,2015,13.596224999999997
Ireland,2016,12.922294000000008
Ireland,2017,13.396361999999996
Ireland,2018,13.505095999999995
Ireland,2019,13.653374
Ireland,2020,13.620559
Ireland,2021,11.079589999999996
Ireland,2022,12.414619445800781
Ireland,2023,10.912841796875
Ireland,2024,10.028175354003906
Israel,2002,13.963916000000005
Israel,2003,13.460625000000007
Israel,2005,13.200699
Israel,2007,13.411583
Israel,2008,13.047325
Israel,2009,12.711807000000007
Israel,2010,11.031097000000003
Israel,2011,11.18070999999999
Israel,2012,11.031006000000005
Israel,2013,10.721373999999997
Israel,2014,9.490914000000004
Israel,2015,10.09125499999999
Israel,2016,9.415047000000001
Israel,2017,9.908363000000008
Israel,2018,7.903769999999994
Israel,2019,7.687072999999998
Israel,2020,6.310256999999993
Israel,2021,5.227669000000006
Israel,2022,5.745399480000003
Israel,2023,5.115783690000001
Israel,2024,4.979522705078125
Italy,1989,42.396378000000006
Italy,1991,41.391606
Italy,1992,39.956566
Italy,1994,37.283062
Italy,1995,35.97102699999999
Italy,1998,33.950900999999995
Italy,1999,33.23902900000001
Italy,2000,32.426368999999994
Italy,2001,31.12582799999999
Italy,2002,30.587693
Italy,2003,30.212196
Italy,2004,27.862957
Italy,2005,27.645592
Italy,2006,27.06350700000001
Italy,2007,26.964675999999997
Italy,2008,25.821106
Italy,2009,25.036094000000006
Italy,2010,24.427341
Italy,2011,23.829159000000004
Italy,2012,22.144889999999997
Italy,2013,21.180794000000006
Italy,2014,20.63512
Italy,2015,21.150967
Italy,2016,21.286602000000002
Italy,2017,20.912674000000003
Italy,2018,20.754146000000006
Italy,2019,20.540831999999995
Italy,2020,20.676190000000005
Italy,2021,20.119553000000003
Italy,2022,20.678183999999995
Italy,2023,20.28790283
Italy,2024,20.079086303710938
Japan,1997,32.475443999999996
Japan,1998,31.754157999999997
Japan,1999,31.903465000000004
Japan,2000,31.373976999999996
Japan,2001,29.840043
Japan,2002,28.836162999999992
Japan,2003,28.55324600000001
Japan,2004,28.250923999999998
Japan,2005,27.832611000000007
Japan,2006,27.465802000000004
Japan,2007,27.237412
Japan,2008,26.817500999999993
Japan,2009,25.41457400000001
Japan,2010,24.836228000000006
Japan,2011,24.904499
Japan,2012,24.02300199999999
Japan,2013,22.713036000000002
Japan,2014,22.043296999999995
Japan,2015,21.07290599999999
Japan,2016,20.349327000000002
Japan,2017,19.369484
Japan,2018,17.697235000000006
Japan,2019,16.464164999999994
Japan,2020,16.567352
Japan,2021,15.851653999999996
Japan,2022,14.648574830000001
Japan,2023,13.974739069999998
Japan,2024,12.910934448242202
Korea,1995,36.54006999999999
Korea,1997,33.66296799999999
Korea,1998,32.40845100000001
Korea,1999,30.725116999999997
Korea,2000,30.454395999999996
Korea,2001,29.954754
Korea,2002,30.179717999999994
Korea,2003,31.138397999999995
Korea,2004,29.675884000000003
Korea,2005,28.961635
Korea,2006,27.447391999999994
Korea,2007,27.039769
Korea,2008,26.641807000000007
Korea,2009,26.753372
Korea,2010,26.794106
Korea,2011,26.938964999999996
Korea,2012,26.929522999999996
Korea,2013,26.44053600000001
Korea,2014,26.198010000000004
Korea,2015,25.176887
Korea,2016,24.534519000000003
Korea,2017,23.902165000000004
Korea,2018,22.964138000000005
Korea,2019,21.416455000000006
Korea,2020,21.409648999999995
Korea,2021,20.874576000000005
Korea,2022,20.11305236999999
Korea,2023,18.706840510000006
Korea,2024,17.43598175048828
Latvia,1996,10.773163000000004
Latvia,1997,10.543910999999994
Latvia,1998,11.796780000000005
Latvia,1999,11.270828999999999
Latvia,2000,7.704120000000003
Latvia,2001,7.876949000000003
Latvia,2002,8.135321999999988
Latvia,2003,8.698561999999995
Latvia,2004,8.189216000000002
Latvia,2005,8.374184
Latvia,2006,8.650970999999998
Latvia,2007,9.334320000000005
Latvia,2008,6.427498
Latvia,2009,0.003067000000001485
Latvia,2010,-0.7149809999999945
Latvia,2011,1.6216890000000035
Latvia,2012,3.132462000000004
Latvia,2013,3.9537049999999994
Latvia,2014,4.10883299999999
Latvia,2015,4.048621999999995
Latvia,2016,3.1700969999999984
Latvia,2017,4.225914000000003
Latvia,2018,4.033844000000002
Latvia,2019,3.871758
Latvia,2020,3.2841040000000135
Latvia,2021,4.596755999999999
Latvia,2022,3.2019349999999918
Latvia,2023,3.3534545900000126
Latvia,2024,2.90338134765625
Lithuania,2000,3.288993999999988
Lithuania,2005,8.199944000000002
Lithuania,2006,6.852469999999997
Lithuania,2007,6.3757480000000015
Lithuania,2008,5.7741160000000065
Lithuania,2009,-0.3281479999999988
Lithuania,2010,-1.6065520000000078
Lithuania,2011,0.48606900000000053
Lithuania,2012,1.4641880000000072
Lithuania,2013,2.3535540000000026
Lithuania,2014,1.7918240000000054
Lithuania,2015,1.9841530000000063
Lithuania,2016,1.455192000000011
Lithuania,2017,0.7532119999999907
Lithuania,2018,2.3471529999999916
Lithuania,2019,1.6743769999999927
Lithuania,2020,1.6384509999999892
Lithuania,2021,1.1076889999999935
Lithuania,2022,1.2494279999999947
Lithuania,2023,2.1405639700000023
Lithuania,2024,1.1320114135742188
Luxembourg,2000,28.418620999999995
Luxembourg,2005,22.216636
Luxembourg,2006,20.998768000000005
Luxembourg,2007,18.122676999999996
Luxembourg,2008,18.316555
Luxembourg,2009,18.545365000000004
Luxembourg,2010,18.484572999999997
Luxembourg,2011,17.222960999999998
Luxembourg,2012,15.360268000000005
Luxembourg,2013,14.728500999999994
Luxembourg,2014,13.734939999999995
Luxembourg,2015,11.511794999999992
Luxembourg,2016,11.868774000000002
Luxembourg,2017,7.995307999999994
Luxembourg,2018,9.509253999999999
Luxembourg,2019,8.623030999999997
Luxembourg,2020,7.665190999999993
Luxembourg,2021,8.748122999999993
Luxembourg,2022,7.625548999999992
Luxembourg,2023,7.024085999999997
Luxembourg,2024,5.6522216796875
Mexico,1997,50.097583
Mexico,1998,49.892903000000004
Mexico,1999,50.244288999999995
Mexico,2000,49.51565899999999
Mexico,2001,49.423027999999995
Mexico,2002,48.129998
Mexico,2003,47.950542000000006
Mexico,2004,45.157366999999994
Mexico,2005,44.496052000000006
Mexico,2006,43.317314
Mexico,2007,42.404022000000005
Mexico,2008,41.568539
Mexico,2009,39.45190399999999
Mexico,2010,39.10408
Mexico,2011,38.574448
Mexico,2012,37.938869
Mexico,2013,37.348713
Mexico,2014,38.327652
Mexico,2015,37.981636
Mexico,2016,37.76968299999999
Mexico,2017,38.435505000000006
Mexico,2018,37.752585999999994
Mexico,2019,35.659103393554695
Mexico,2020,34.870029
Mexico,2021,35.154407
Mexico,2022,34.298851
Mexico,2023,33.41474914999999
Mexico,2024,33.009029388427734
Netherlands,1990,36.070769999999996
Netherlands,1991,34.04198400000001
Netherlands,1992,32.411831
Netherlands,1994,27.641230999999998
Netherlands,1995,26.583755000000004
Netherlands,1998,24.298507999999998
Netherlands,2000,22.143681000000008
Netherlands,2001,21.043236000000007
Netherlands,2002,19.500130000000013
Netherlands,2003,18.039840999999996
Netherlands,2004,17.239311999999998
Netherlands,2005,16.293289
Netherlands,2006,15.73810499999999
Netherlands,2007,15.239745999999997
Netherlands,2008,14.49192099999999
Netherlands,2009,13.54915600000001
Netherlands,2010,13.312470000000005
Netherlands,2011,12.543007000000003
Netherlands,2012,11.927939999999992
Netherlands,2013,11.954467000000008
Netherlands,2014,12.806693999999993
Netherlands,2015,12.56680999999999
Netherlands,2016,12.525535999999988
Netherlands,2017,12.078239999999994
Netherlands,2018,11.751548999999997
Netherlands,2019,10.678955000000002
Netherlands,2020,10.334471999999991
Netherlands,2021,9.687415999999999
Netherlands,2022,8.887557999999999
Netherlands,2023,8.585609439999999
Netherlands,2024,8.477821350097656
New Zealand,1981,38.818256999999996
New Zealand,1990,21.943393999999998
New Zealand,1991,20.238777
New Zealand,1992,19.877934000000003
New Zealand,1994,19.437225999999995
New Zealand,1995,19.822318999999993
New Zealand,1997,18.93342600000001
New Zealand,1998,18.304496
New Zealand,1999,16.858429
New Zealand,2000,17.601569999999995
New Zealand,2001,16.530884
New Zealand,2002,16.985496000000012
New Zealand,2003,16.069947
New Zealand,2004,16.611159999999998
New Zealand,2005,15.806410999999997
New Zealand,2006,15.946617000000003
New Zealand,2007,15.59661899999999
New Zealand,2008,14.363754
New Zealand,2009,13.091117999999994
New Zealand,2010,13.842606000000004
New Zealand,2011,13.653976
New Zealand,2012,12.78292900000001
New Zealand,2013,13.711311999999992
New Zealand,2014,14.271042000000008
New Zealand,2015,13.558868000000004
New Zealand,2016,12.357856999999996
New Zealand,2017,12.196861000000013
New Zealand,2018,11.867180000000005
New Zealand,2019,11.212531999999996
New Zealand,2020,11.653817000000004
New Zealand,2021,10.126160000000013
New Zealand,2022,9.981467999999992
New Zealand,2023,9.523147583007812
New Zealand,2024,8.830352783203125
Norway,1981,26.181494999999998
Norway,1989,15.119361999999995
Norway,1991,12.296600999999995
Norway,1992,11.598251000000005
Norway,1994,10.517455999999996
Norway,1995,10.665101000000007
Norway,2005,7.103653000000008
Norway,2006,7.606093999999999
Norway,2007,6.943458000000007
Norway,2008,6.286056000000002
Norway,2009,5.078140000000005
Norway,2010,4.7398840000000035
Norway,2011,5.544509999999988
Norway,2012,5.506354999999999
Norway,2013,5.350318999999999
Norway,2014,5.379333000000003
Norway,2015,5.034362999999999
Norway,2016,4.131501
Norway,2017,4.336517000000001
Norway,2018,5.510818999999998
Norway,2019,5.635902999999999
Norway,2020,5.113472000000002
Norway,2021,5.534851000000003
Norway,2022,6.641707999999994
Norway,2023,5.508010859999999
Norway,2024,4.376396179199233
OECD,1995,25.08529099999999
OECD,1997,23.923666999999995
OECD,1998,23.394844000000006
OECD,1999,22.618241999999995
OECD,2000,20.954824000000002
OECD,2001,21.518245
OECD,2002,20.244364000000004
OECD,2003,18.867762999999997
OECD,2004,18.664648000000007
OECD,2005,17.720257000000004
OECD,2006,17.651268
OECD,2007,17.234449000000012
OECD,2008,16.722843999999995
OECD,2009,15.157414000000003
OECD,2010,14.636184999999998
OECD,2020,12.18239438438951
OECD,2021,12.09983203995327
OECD,2022,12.041066913079533
OECD,2023,11.312139150258659
OECD,2024,10.937035478864402
Peru,2016,20.15301513
Peru,2022,20.12354278564453
Peru,2023,20.197036743164062
Peru,2024,20.656654357910156
Poland,1995,14.418789000000004
Poland,1997,16.106513999999997
Poland,1998,15.92320999999999
Poland,1999,13.870350000000009
Poland,2000,14.614165999999997
Poland,2001,13.696402999999997
Poland,2002,12.664775000000006
Poland,2003,12.416709999999995
Poland,2004,12.775332999999996
Poland,2005,14.369717000000001
Poland,2006,15.129074000000003
Poland,2007,15.258724999999998
Poland,2008,16.104961000000003
Poland,2009,15.383434000000001
Poland,2010,14.310616000000003
Poland,2011,14.755741
Poland,2012,14.565002000000007
Poland,2013,14.666084000000005
Poland,2014,14.440905999999998
Poland,2015,13.857445000000006
Poland,2016,14.123137999999997
Poland,2017,14.65174900000001
Poland,2018,14.57867499999999
Poland,2019,15.767409999999998
Poland,2020,15.97800500000001
Poland,2021,14.030075073242188
Poland,2022,12.954300000000003
Poland,2023,12.064094550000007
Poland,2024,12.106727600097656
Portugal,1994,22.232746000000006
Portugal,1995,20.760371999999997
Portugal,1998,20.720196
Portugal,1999,18.711440999999994
Portugal,2000,17.549499999999995
Portugal,2001,17.134293
Portugal,2002,16.566765000000004
Portugal,2003,15.170158
Portugal,2004,13.859558000000007
Portugal,2005,12.870064
Portugal,2006,13.313766999999999
Portugal,2007,13.214837000000003
Portugal,2008,12.844268999999997
Portugal,2009,11.193366999999995
Portugal,2010,10.440986999999993
Portugal,2011,8.944983999999991
Portugal,2012,7.142944
Portugal,2013,6.810287000000002
Portugal,2014,7.3727874755859375
Portugal,2015,6.907493591308594
Portugal,2016,6.703941345214844
Portugal,2017,7.500587463378906
Portugal,2018,6.869041442871094
Portugal,2019,6.971717834472656
Portugal,2020,6.046142578125
Portugal,2021,5.859062194824219
Portugal,2022,6.02996826171875
Portugal,2023,5.849113464355469
Portugal,2024,6.234138488769531
Romania,2015,17.8908
Romania,2019,19.334224700927734
Romania,2021,20.484944
Romania,2022,18.760292049999997
Romania,2023,19.332408899999997
Romania,2024,18.518203735351562
Slovak Republic,1997,16.988312
Slovak Republic,1998,17.047809
Slovak Republic,1999,15.120686
Slovak Republic,2000,13.828495000000004
Slovak Republic,2001,12.971985000000004
Slovak Republic,2002,13.670666000000004
Slovak Republic,2003,13.867533999999992
Slovak Republic,2004,15.460612999999995
Slovak Republic,2005,16.915516000000004
Slovak Republic,2006,18.064338999999997
Slovak Republic,2007,18.345149999999997
Slovak Republic,2008,17.565098000000006
Slovak Republic,2009,17.083449999999992
Slovak Republic,2010,15.056877
Slovak Republic,2011,14.912757999999997
Slovak Republic,2012,15.720474000000003
Slovak Republic,2013,14.579952000000006
Slovak Republic,2014,14.419276999999994
Slovak Republic,2015,14.528256000000006
Slovak Republic,2016,13.259140000000002
Slovak Republic,2017,12.122077999999988
Slovak Republic,2018,12.805282000000005
Slovak Republic,2019,12.009620999999996
Slovak Republic,2020,11.796897999999999
Slovak Republic,2021,7.686202999999992
Slovak Republic,2022,7.1614079999999944
Slovak Republic,2023,7.27454376
Slovak Republic,2024,8.333488464355469
Slovenia,2000,9.029929999999993
Slovenia,2002,10.74800900000001
Slovenia,2003,10.074691000000001
Slovenia,2004,9.598990999999998
Slovenia,2005,9.506339999999994
Slovenia,2006,9.965812999999997
Slovenia,2007,10.222144999999998
Slovenia,2008,8.809105000000002
Slovenia,2009,7.573486000000003
Slovenia,2010,7.614463999999998
Slovenia,2011,6.885970999999998
Slovenia,2012,7.585205000000002
Slovenia,2013,8.492728999999997
Slovenia,2014,7.961258000000001
Slovenia,2015,8.508499
Slovenia,2016,6.275916999999993
Slovenia,2017,2.461326999999997
Slovenia,2018,7.152321000000001
Slovenia,2019,6.546326000000008
Slovenia,2020,6.306404000000001
Slovenia,2021,6.667702000000006
Slovenia,2022,6.647705080000009
Slovenia,2023,6.652709969999989
Slovenia,2024,6.047981262207031
South Africa,2010,18.460437
South Africa,2011,17.610268000000005
South Africa,2012,17.126918999999994
South Africa,2013,15.893405999999999
South Africa,2014,15.822899
South Africa,2015,14.836796000000007
South Africa,2016,15.357577999999997
South Africa,2017,14.409911999999998
South Africa,2018,14.123005
South Africa,2019,13.809807
South Africa,2020,13.134864999999998
South Africa,2022,11.505503999999995
South Africa,2024,35.793220520019545
Spain,1981,56.09816899999999
Spain,1989,46.507259000000005
Spain,1991,44.680389000000005
Spain,1992,41.78349300000001
Spain,1994,37.2789
Spain,1995,36.743621999999995
Spain,1997,35.971756000000006
Spain,1998,36.709816
Spain,1999,36.171428000000006
Spain,2000,34.906448
Spain,2001,33.811432
Spain,2002,31.735614999999996
Spain,2003,30.055656000000006
Spain,2004,27.97153099999999
Spain,2005,26.203666000000005
Spain,2006,24.992275
Spain,2007,23.102164999999992
Spain,2008,20.248766999999994
Spain,2009,15.357891999999993
Spain,2010,14.105221
Spain,2011,12.817402000000001
Spain,2012,10.879749999999994
Spain,2013,10.496204000000006
Spain,2014,11.073321999999997
Spain,2015,12.122947000000003
Spain,2016,12.238146999999998
Spain,2017,12.801926000000002
Spain,2018,12.992492000000006
Spain,2019,12.432509999999994
Spain,2020,12.117318000000004
Spain,2021,11.498428350000012
Spain,2022,11.590454000000008
Spain,2023,11.07359314
Spain,2024,10.40679931640625
Sweden,1981,12.877785000000003
Sweden,1989,5.953964000000013
Sweden,1991,4.449661000000006
Sweden,1992,3.1124730000000085
Sweden,1994,1.842804000000001
Sweden,1995,2.8258440000000036
Sweden,1997,4.055976999999999
Sweden,1998,4.596512000000004
Sweden,1999,4.188156000000006
Sweden,2000,4.324875000000006
Sweden,2001,4.386206999999999
Sweden,2002,3.7300110000000046
Sweden,2003,3.7306739999999934
Sweden,2004,4.140839
Sweden,2005,5.4090730000000065
Sweden,2006,5.974586000000002
Sweden,2007,6.062187999999992
Sweden,2008,6.092276999999996
Sweden,2009,5.348236
Sweden,2010,6.4393539999999945
Sweden,2011,5.871093000000002
Sweden,2012,5.613845999999995
Sweden,2013,5.464568999999997
Sweden,2014,5.015265999999997
Sweden,2015,4.607322999999994
Sweden,2016,4.2151560000000075
Sweden,2017,4.284538000000012
Sweden,2018,4.666045999999994
Sweden,2019,4.945747999999995
Sweden,2020,5.215378000000001
Sweden,2021,5.6185531599999905
Sweden,2022,5.456336979999989
Sweden,2023,4.599800110000004
Sweden,2024,3.8484878540039062
Switzerland,1989,31.426330000000007
Switzerland,1991,28.966599000000002
Switzerland,1992,26.82343999999999
Switzerland,1994,26.369925999999992
Switzerland,1995,25.378188999999992
Switzerland,1997,21.599227999999997
Switzerland,1998,20.540031
Switzerland,1999,21.51449600000001
Switzerland,2000,21.064987000000002
Switzerland,2001,20.433075000000002
Switzerland,2002,17.828727999999998
Switzerland,2003,16.815582000000006
Switzerland,2004,16.815185999999997
Switzerland,2005,15.971664000000004
Switzerland,2006,16.027534000000003
Switzerland,2007,15.74898499999999
Switzerland,2008,14.015625
Switzerland,2009,13.482437000000004
Switzerland,2010,13.973266999999993
Switzerland,2011,13.622185000000002
Switzerland,2012,12.684753
Switzerland,2013,11.944000000000003
Switzerland,2014,11.041426999999999
Switzerland,2015,11.109848
Switzerland,2016,10.199027999999998
Switzerland,2017,10.476898000000006
Switzerland,2018,10.493126000000004
Switzerland,2019,9.911033000000003
Switzerland,2020,9.414978000000005
Switzerland,2021,8.847198000000006
Switzerland,2022,8.749961850000005
Switzerland,2023,8.48311615
Switzerland,2024,7.678627014160156
Türkiye,1991,55.19532799999999
Türkiye,1992,51.768303
Türkiye,1994,54.083164999999994
Türkiye,1995,59.416105
Türkiye,1997,56.502493
Türkiye,1998,55.540459
Türkiye,1999,53.729853000000006
Türkiye,2000,55.309447999999996
Türkiye,2001,52.48519100000001
Türkiye,2002,49.693522
Türkiye,2003,49.817059
Türkiye,2004,52.549477
Türkiye,2005,52.454178
Türkiye,2006,51.218857
Türkiye,2007,50.958242
Türkiye,2008,49.62133800000001
Türkiye,2009,46.35307100000001
Türkiye,2010,46.441759
Türkiye,2011,46.651095
Türkiye,2012,45.402516
Türkiye,2013,44.72170599999999
Türkiye,2014,44.371059
Türkiye,2015,43.478771
Türkiye,2016,43.005652999999995
Türkiye,2017,42.386597
Türkiye,2018,41.578339
Türkiye,2019,39.561657
Türkiye,2021,40.307167
Türkiye,2022,39.280525
Türkiye,2023,39.019725799999996
Türkiye,2024,38.572052001953125
United Kingdom,1997,11.505477999999997
United Kingdom,1998,11.529487000000003
United Kingdom,1999,10.851264999999998
United Kingdom,2000,10.824348999999998
United Kingdom,2001,10.453880999999996
United Kingdom,2002,10.210586000000006
United Kingdom,2003,10.667075999999994
United Kingdom,2004,10.128967000000003
United Kingdom,2005,9.925492000000006
United Kingdom,2006,10.358574000000004
United Kingdom,2007,9.972549
United Kingdom,2008,13.541442000000004
United Kingdom,2009,11.972511000000011
United Kingdom,2010,12.448219000000009
United Kingdom,2011,12.392349999999993
United Kingdom,2012,12.567260000000005
United Kingdom,2013,12.39260800000001
United Kingdom,2014,11.779670999999993
United Kingdom,2015,12.277564999999996
United Kingdom,2016,11.820594999999997
United Kingdom,2017,11.074996999999996
United Kingdom,2018,10.337333999999998
United Kingdom,2019,9.721031188964844
United Kingdom,2020,8.561500549316406
United Kingdom,2021,7.918312072753906
United Kingdom,2022,8.446342468261719
United Kingdom,2023,8.01416015625
United Kingdom,2024,7.525550842285156
United States,1981,26.065008
United States,1982,24.278592000000003
United States,1983,22.381106000000003
United States,1984,22.340719999999997
United States,1985,21.409816
United States,1986,20.365243000000007
United States,1987,19.771082999999997
United States,1988,18.793712999999997
United States,1989,18.179946
United States,1990,17.553129
United States,1991,16.208875000000006
United States,1992,15.124268
United States,1993,14.533287000000001
United States,1994,13.612532999999999
United States,1995,13.754891
United States,1996,13.268517000000003
United States,1997,13.066519999999997
United States,1998,13.352210999999997
United States,1999,13.455955000000003
United States,2000,12.781395000000003
United States,2001,12.663696999999999
United States,2002,12.226112
United States,2003,11.667343000000002
United States,2004,12.051459999999992
United States,2005,12.869040999999996
United States,2006,12.710722999999987
United States,2007,12.358940000000004
United States,2008,11.377083000000013
United States,2009,8.773513999999992
United States,2010,8.862197999999992
United States,2011,9.598190000000002
United States,2012,10.542649000000011
United States,2013,11.198661999999999
United States,2014,10.975632000000004
United States,2015,11.817886999999999
United States,2016,11.635398999999992
United States,2017,10.99426299999999
United States,2018,11.560905000000005
United States,2019,11.383926000000002
United States,2020,10.397780999999995
United States,2021,9.794662000000002
United States,2022,10.280349999999999
United States,2023,9.69155121
