country,year,wage_gap,education_gap,employment_gap,native_gap,immigrant_gap,gdp_pc,part_time_gap
Australia,2010,20.38123167,-6.382107000000005,16.347199000000003,11.27996064,17.517486570000003,122.776402,-43.77199999999999
Australia,2011,19.45830364,-7.470134999999999,16.211098000000007,10.694274899999996,17.213684079999993,123.987878,-44.94200000000001
Australia,2012,20.37659718,-7.444217999999999,15.574737,10.181480409999992,17.214630119999995,124.053932,-45.444
Australia,2013,21.38690862,-8.811260000000004,14.506141999999995,10.264289860000003,16.628097530000005,123.738538,-44.164
Australia,2014,19.94496811,-6.950085000000001,14.499283000000004,9.615394589999994,16.270225519999997,122.649471,-43.356
Australia,2015,18.83669352,-8.798638000000004,14.062331999999998,9.129066469999998,17.692085269999993,121.821384,-42.404
Australia,2016,18.41601994,-7.862380999999999,13.000876999999988,8.393630979999998,16.750579830000007,121.155888,-40.74199999999999
Australia,2017,15.31138461,-9.701331999999994,12.322699999999998,7.599998470000003,16.299995420000002,120.03279,-41.146
Australia,2018,16.34133128,-10.395481000000004,11.407425000000003,7.400001529999997,15.0,118.734749,-41.042
Australia,2019,17.77653193,-9.173278000000003,11.981910999999997,7.016799930000005,13.853698730000003,115.56982,-40.542
Australia,2020,14.29781268,-10.354563999999996,11.870681000000005,6.207496649999996,14.461708060000008,121.892351,-40.056
Australia,2021,15.77333185,-10.092650999999996,9.873787000000007,5.738075249999994,13.063377379999991,119.829367,-38.672
Australia,2022,15.23969964,-10.729599,9.29274749000001,4.550498959999999,12.13919068,119.313938,-39.694
Australia,2023,13.00002495,-11.33921051,8.280204780000005,4.766006470000008,11.237571720000004,116.881332,-37.286
Austria,2010,24.14373323,3.746296000000001,10.852035999999998,10.53620911,15.970764159999987,135.26606,-64.482
Austria,2011,23.55489666,4.020661999999998,10.563026000000008,10.290191650000011,16.88879394,136.743927,-65.16399999999999
Austria,2012,22.97117524,3.965084000000001,10.164879,8.526260379999997,17.42667771,135.935758,-65.416
Austria,2013,22.74180543,3.1937560000000005,9.709450000000004,8.10141754,16.65059662,133.311482,-62.31999999999999
Austria,2014,22.37372994,2.579626000000001,9.152595000000003,7.892829890000002,14.235176079999988,131.208664,-61.768
Austria,2015,21.76276734,2.826449,8.692709999999991,7.428565979999988,15.865043639999996,129.047126,-61.652
Austria,2016,19.83322424,1.569942000000001,8.697845999999998,7.280136110000001,15.015945439999996,128.512772,-59.7
Austria,2017,19.6190795,1.0448129999999978,9.041740999999988,7.518081659999993,14.869377139999996,127.863894,-59.708
Austria,2018,19.21299348,1.887406000000002,9.637642,7.699996940000005,15.900001520000004,128.159638,-61.49199999999999
Austria,2019,18.39321854,0.8334699999999984,9.271156999999988,8.260093690000005,13.32148742999999,128.396248,-62.554
Austria,2020,16.9025604,0.384762000000002,8.714264,8.007087709999993,13.77830505,125.229505,-61.324000000000005
Austria,2021,16.81950144,-0.1257050000000035,8.471710000000002,7.162216190000009,15.706909180000013,123.608337,-60.608
Austria,2022,16.58532495,0.3295749999999984,8.15420499999999,6.772277839999987,14.429229739999997,125.508618,-59.99199999999999
Austria,2023,16.16614083,-0.6310653699999946,7.9628372200000115,6.490005499999995,14.064544679999996,122.162446,-56.52799999999999
Belgium,2010,10.02514142,-3.986267999999996,12.572891000000006,10.17235565,19.500698090000007,128.3651,-62.756
Belgium,2011,8.072437078,-4.401412999999998,12.107893999999996,9.35429001,20.46752549,127.267187,-61.99799999999999
Belgium,2012,7.259036145,-5.203994000000002,11.354392999999988,9.311786649999997,19.81270598999999,125.782045,-61.97999999999999
Belgium,2013,6.525625745,-5.483897999999996,10.649010000000004,8.411232000000012,20.08126449,124.204493,-63.94200000000001
Belgium,2014,6.309420916,-5.995086999999998,9.251175000000003,7.353385919999994,19.657547,123.890361,-60.844
Belgium,2015,6.082238721,-6.452223999999994,8.641067000000007,7.172340390000002,18.29012299,122.564529,-60.88
Belgium,2016,5.254237288,-6.635719000000002,9.863449000000005,7.415168769999994,18.61695099,121.880724,-60.592000000000006
Belgium,2017,5.099778271,-6.798774999999999,10.239936,7.0899505600000055,19.90491104000001,120.614438,-59.20400000000001
Belgium,2018,5.082454718,-7.384712999999998,8.770659999999992,6.3000030599999945,17.5,120.211937,-59.858
Belgium,2019,4.098791382,-8.264423,8.678069999999991,6.153869630000003,16.23561478,121.139607,-58.614
Belgium,2020,0.416992442,-9.018634999999996,8.601387000000003,5.504234319999995,17.683517459999997,120.086987,-55.646
Belgium,2021,0.642013354,-9.053165999999996,8.300071000000003,5.503852839999993,17.761589049999998,120.00783,-52.136
Belgium,2022,0.783162017,-8.822074999999998,8.104897000000008,4.93399810999999,16.76708603,120.646,-48.824000000000005
Belgium,2023,1.189691351,-9.098297120000003,8.1613617,4.940002449999994,17.333778380000005,120.395603,-48.114
Canada,2010,19.29934989,-9.757332000000003,7.483604,5.689910890000007,12.39685059,110.089726,-36.962
Canada,2011,18.74217081,-10.06951141357422,8.678901672363281,5.872467049999997,12.33918,110.799944,-35.614000000000004
Canada,2012,18.5265915,-10.927555084228525,8.649078369140625,5.49362945,12.27708435000001,110.674644,-36.50800000000001
Canada,2013,18.47757423,-11.43856048583985,8.299995422363281,5.221458440000006,12.019363400000003,110.841011,-35.548
Canada,2014,18.3583841,-10.95417022705078,8.63970947265625,5.558975220000008,12.177619929999992,111.143507,-35.370000000000005
Canada,2015,17.99712911,-11.701690673828123,8.820884704589844,5.648269659999997,14.09862518,108.863577,-34.808
Canada,2016,17.69040345,-12.086589813232417,8.488639831542969,5.2494430499999964,14.01352691999999,107.416483,-33.087999999999994
Canada,2017,18.03417481,-12.510860443115227,8.368736267089844,5.207672119999998,12.17979432,107.063649,-32.34
Canada,2018,17.3550548,-12.92095947265625,8.347389221191406,4.5,12.0,106.565031,-33.756
Canada,2019,16.97332896,-12.25490951538086,8.14825439453125,5.035476680000002,12.13063812,105.847265,-31.736
Canada,2020,15.90400787,-12.972290039062491,8.297477722167969,5.594078069999995,12.049255369999996,103.976347,-31.620000000000005
Canada,2021,15.84975038,-12.922576904296877,7.8961181640625,5.100616450000004,11.03640747,103.463337,-28.866000000000007
Canada,2022,16.26509369,-13.50299072265625,7.811309814453125,4.358665469999991,10.509956360000004,103.212559,-32.172
Canada,2023,16.20368533,-13.719253540039062,7.34979248046875,4.1592788700000085,10.639556889999994,100.720565,-28.904
Chile,2010,13.08551538,0.177664,33.10349299999999,26.82789612,17.84970091999999,54.686317,-17.352000000000004
Chile,2011,13.08551538,0.177664,33.10349299999999,26.82789612,17.84970091999999,56.610849,-22.296000000000006
Chile,2012,14.52760103,0.04241000000000028,31.630717999999995,25.939317705,17.660545344999996,58.987306,-24.39
Chile,2013,15.96968668,-0.0928439999999994,30.157943,25.05073929,17.471389770000002,59.698541,-24.052000000000007
Chile,2014,15.282444115,-0.0659759999999991,29.027474999999995,24.069108965000005,17.93907547,59.237673,-25.144000000000005
Chile,2015,14.59520155,-0.0391079999999988,27.897006999999995,23.087478640000008,18.40676117,58.730908,-24.166
Chile,2016,12.626805385,-0.5145882178344756,26.758306509033197,22.600502015000007,16.762218475,58.388225,-23.730000000000004
Chile,2017,10.65840922,-0.9900684356689524,25.6196060180664,22.113525390000007,15.11767578,57.145379,-23.21
Chile,2018,12.049512343333333,-0.9992286237793012,24.694119678710933,20.84235000333334,15.545115153333333,57.366002,-20.966
Chile,2019,13.440615466666666,-1.00838881188965,23.768633339355464,19.57117461666667,15.972554526666666,56.032533,-20.15600000000001
Chile,2020,14.83171859,-1.017548999999999,22.843147,18.299999230000005,16.3999939,54.002331,-15.415999999999997
Chile,2021,16.06367699,-1.716520052062988,22.675927976928712,20.90999985,18.18999481,56.135346,-14.629999999999995
Chile,2022,19.72992693,-2.415491104125977,22.50870895385743,18.7100029,16.980003359999998,55.481447,-20.122
Chile,2023,18.8593827,-2.415491104125977,22.50870895385743,19.587726759999995,15.289937539999997,54.818732,-19.372
Czechia,2010,21.2487647,0.9868469999999974,19.351261000000008,16.960052490000002,21.73923111000001,90.231558,-47.330000000000005
Czechia,2011,22.67867912,0.3522560000000005,18.641189,16.36976242,25.23233032,90.667662,-53.94800000000001
Czechia,2012,22.08637828,-0.5276999999999994,18.228591999999992,15.724689490000005,24.275112150000005,89.19231,-47.370000000000005
Czechia,2013,21.694343,-1.005704999999999,17.62608300000001,15.212699889999996,22.24594879,88.221266,-49.25
Czechia,2014,21.93062145,-1.6946510000000004,17.55488600000001,15.348808289999994,23.90815735000001,88.79476,-48.74600000000001
Czechia,2015,21.87925556,-2.4751340000000006,16.714493000000004,14.628921509999998,22.54490661,91.356072,-47.762
Czechia,2016,21.06970217,-2.1527579999999986,15.835433999999992,14.339416509999992,20.36112976,92.505261,-51.21600000000001
Czechia,2017,20.72143003,-3.0670280000000005,15.759741999999989,14.050239560000009,18.255760190000004,95.18212,-53.55799999999999
Czechia,2018,19.94433636,-3.6825600000000014,15.319252000000006,13.5,17.30000305,96.066895,-51.862
Czechia,2019,18.79644324,-3.725158999999998,15.099647000000004,13.540374749999998,16.281715390000002,98.249478,-46.718
Czechia,2020,16.4840446,-4.863775,14.982627999999991,14.0,17.099998479999996,97.73732,-48.268
Czechia,2021,15.21068859,-5.857953999999999,15.104423999999996,13.43434142999999,19.696128850000008,96.033575,-46.25999999999999
Czechia,2022,17.7353458,-6.071822000000001,14.760208000000006,13.020202639999994,17.352340690000005,93.973435,-41.946
Czechia,2023,17.73845231,-7.26462746,13.388130189999998,12.76171112,17.621116639999997,92.016458,-40.71600000000001
Denmark,2010,11.983277,-6.932037999999999,6.143767999999994,5.929901119999997,10.613388059999991,133.823055,-32.536
Denmark,2011,12.78885185,-8.321181999999997,7.176850000000002,5.684448250000003,8.360183720000009,133.050057,-30.578000000000003
Denmark,2012,12.62362386,-10.509013999999995,6.302948000000001,5.060981749999996,8.751586919999994,131.537114,-26.982
Denmark,2013,12.18378486,-10.348727999999998,6.596655999999996,4.44029999,7.583580019999999,131.387192,-28.675999999999995
Denmark,2014,11.35600655,-9.736468999999996,7.480087999999995,5.003555290000008,12.83655548,130.309545,-26.536
Denmark,2015,10.75408941,-10.738943,8.369979999999998,5.159011840000005,12.688713069999991,129.571256,-26.934
Denmark,2016,10.47011959,-9.443636999999995,8.071076000000005,4.581298829999994,9.828918450000003,130.841265,-23.424000000000007
Denmark,2017,10.01975998,-10.799172,7.252769999999998,4.372047429999995,11.084030150000004,131.17647,-23.32
Denmark,2018,12.74981083,-11.371468,7.554795000000013,4.199996949999999,12.0,130.660143,-26.686000000000007
Denmark,2019,9.45677519,-10.962004999999998,7.6991430000000065,4.87454987000001,13.29031372,130.915093,-24.989999999999995
Denmark,2020,9.096764476,-10.392006000000002,7.520684000000003,5.100006100000002,10.599998479999996,134.169197,-24.40000000000001
Denmark,2021,9.234754363,-11.875942000000002,7.0435250000000025,5.314796449999989,11.488464359999996,134.375591,-23.992000000000004
Denmark,2022,8.961374028,-13.749759669999996,5.683525079999996,4.219238279999999,7.867874139999998,130.425974,-24.02200000000001
Denmark,2023,8.42383165,-12.96750641,6.244560239999998,4.279739380000009,7.710868840000003,128.927353,-25.382000000000005
Estonia,2010,28.84017498,-17.296471,1.3405599999999964,5.744789130000001,5.346893309999999,69.596818,-35.772
Estonia,2011,29.089078065000002,-17.072478000000004,5.717101999999997,6.095870970000007,10.706863400000003,73.997594,-41.062000000000005
Estonia,2012,29.33798115,-16.943165,5.830337999999998,6.611785890000007,10.805435180000003,76.384996,-42.824000000000005
Estonia,2013,29.586884235,-17.701138000000004,6.793518000000006,6.849655150000004,7.049369810000002,77.170942,-37.49799999999999
Estonia,2014,29.83578732,-17.694002,8.454887,7.422698969999999,12.504348750000004,78.764251,-31.652
Estonia,2015,28.380926645000002,-19.029688,7.389731999999995,7.112304690000002,9.762313840000004,78.80475,-38.19
Estonia,2016,26.926065970000003,-18.910282,8.060203000000001,8.091613769999995,13.213958739999995,80.082596,-31.454
Estonia,2017,25.471205295,-19.344331,6.997467,6.9968109200000015,12.64279938,82.83743,-35.27
Estonia,2018,24.01634462,-20.316840000000003,7.389167999999998,6.800003050000001,8.200004579999998,84.194628,-35.308
Estonia,2019,23.7828957625,-20.83,7.302963000000005,6.187034610000012,7.346534730000002,86.002166,-35.5
Estonia,2020,23.549446905000003,-20.401844,5.9012599999999935,4.506332389999997,3.3472366299999976,87.073236,-31.076
Estonia,2021,23.315998047500003,-21.498821,3.9704210000000018,3.82141876,10.883193969999994,88.940878,-36.22200000000001
Estonia,2022,23.08254919,-22.699179,3.859741,2.0119018599999947,12.052459720000002,85.533795,-37.374
Estonia,2023,25.60711012,-22.39359474,2.8382492100000007,0.0284500100000002,10.581382750000005,80.258031,-33.668000000000006
Finland,2010,20.60851285,-11.553450999999995,3.371330999999998,3.008346559999993,15.716384879999993,121.121148,-28.226
Finland,2011,22.14216374,-12.701343,4.028564000000003,4.354492190000002,9.463226320000004,121.64134,-25.582
Finland,2012,21.08223102,-12.875236,3.128304,3.2365798900000016,12.001129149999995,118.306031,-27.334000000000003
Finland,2013,21.83030478,-12.943965999999996,3.452315999999996,2.925331119999996,11.903892509999991,115.337903,-29.252
Finland,2014,21.62710078,-13.260308000000002,2.427970000000002,2.2971420300000034,12.622184750000002,112.52469,-28.532000000000004
Finland,2015,20.56484892,-13.074982000000006,2.5765990000000016,1.9946060100000125,12.832992559999994,110.491068,-23.956000000000003
Finland,2016,19.13298896,-14.26547241,3.781089779999988,2.8903884900000065,13.608161929999994,111.634884,-26.298
Finland,2017,19.42833015,-15.515934,3.358704000000003,2.724639889999992,15.74178314000001,112.636482,-25.16
Finland,2018,21.48266935,-15.605990999999996,3.9119730000000033,2.4000015299999973,13.69999695,111.852105,-27.126000000000005
Finland,2019,20.46000687,-14.931484999999997,2.555664000000008,2.613929740000003,11.949729919999996,112.006906,-28.828000000000003
Finland,2020,18.41404903,-16.051372999999998,2.934875000000005,3.309410099999994,10.888626099999996,114.022266,-23.724000000000004
Finland,2021,18.8823117,-15.214627,1.592995000000002,1.8575057900000047,13.161972039999997,110.348696,-23.738
Finland,2022,18.74048835,-14.174915309999996,1.4320144699999986,0.8727951099999984,7.681175240000002,108.098964,-24.422
Finland,2023,18.78865167,-15.128849029999998,0.2316436699999968,0.4547424300000102,5.631767279999991,105.568918,-24.83
France,2010,16.29466364,-3.406020999999999,9.383629,7.592941279999991,17.57780455999999,115.45233,-57.45
France,2011,16.30272105,-3.3850929999999977,9.449378999999992,7.264289860000005,16.766407020000003,115.990188,-56.368
France,2012,16.31077846,-3.71322,9.119788999999995,7.402709959999996,19.150379189999995,114.77067,-56.786
France,2013,16.31883587,-3.977957000000004,8.327347000000003,6.66921997,20.93633652,113.846712,-55.592000000000006
France,2014,16.32689328,-4.577416,7.755684000000002,6.760040289999992,17.020980840000007,112.626195,-53.166
France,2015,16.59054999,-5.034024999999996,7.570205999999999,6.465110769999996,17.93462753,111.124903,-52.568000000000005
France,2016,16.8542067,-4.7025409999999965,7.796942999999999,6.10370635999999,18.12904358000001,110.285461,-51.786
France,2017,17.117863410000002,-4.776947,8.326363,6.32945251000001,18.93707275,109.778853,-51.048
France,2018,17.38152012,-5.231625000000001,7.939858000000001,5.700004579999998,19.09999848,109.163153,-49.72800000000001
France,2019,16.2929557725,-5.444626,7.556999000000005,5.243492130000007,18.526267999999995,109.726342,-49.414
France,2020,15.204391425,-5.802776999999999,7.453254999999999,3.6628875700000094,18.02590561,105.84265,-48.602
France,2021,14.1158270775,-5.798415999999996,6.713204000000005,4.451507570000004,16.931861880000007,106.346203,-47.988
France,2022,13.02726273,-6.30522156,6.480690009999989,4.216438289999999,16.372295379999997,106.090255,-46.156000000000006
France,2023,10.21883723,-6.582046509999998,6.132057189999998,3.951332090000008,15.297988890000006,106.213522,-45.69
Germany,2010,17.16324637,6.445418999999998,11.350693000000009,9.2976532,21.70848083,126.776643,-65.362
Germany,2011,22.05899117,5.295268999999998,11.070137000000004,8.257438660000005,19.39790726,129.63521,-63.852
Germany,2012,19.05897491,4.737955000000003,11.094764999999995,8.95858002,19.79515839,129.060484,-63.35
Germany,2013,18.90548746,4.233731000000002,10.308144,8.185150149999998,19.285804740000003,127.950902,-62.362
Germany,2014,19.40975,6.783276000000001,9.909958000000003,7.681358339999988,19.04590607,128.333914,-61.846
Germany,2015,17.9959007,6.385516999999997,9.426956000000004,7.030860900000008,18.67099762000001,127.010764,-61.78399999999999
Germany,2016,19.16267032,6.083396999999998,8.998374999999996,6.7170104999999865,16.694816590000002,127.417361,-61.062000000000005
Germany,2017,16.84782112,5.651394,8.850241999999994,6.509857179999997,15.8898468,127.964542,-60.17
Germany,2018,18.58741694,5.210725,8.75,6.599998470000003,16.900001520000004,127.001724,-60.338
Germany,2019,17.328814,5.137059999999998,8.602729999999994,6.388717650000004,17.36538696000001,126.763753,-59.548
Germany,2020,16.79650079,4.530874000000001,6.64110500000001,5.838729860000001,16.940025329999997,127.201323,-57.97
Germany,2021,18.74655433,4.180824000000001,7.954216000000002,5.671165460000012,17.36486817000001,125.024935,-56.50399999999999
Germany,2022,18.51478393,4.095458990000001,8.417640689999999,5.208625789999999,18.037300110000004,123.288623,-55.636
Germany,2023,17.33614406,3.8263836,8.268104550000004,4.740211490000007,17.815956110000002,119.831354,-54.644000000000005
Greece,2010,17.08334338,0.3977140000000005,25.144589000000003,20.487987520000004,28.20707321,84.856675,-34.774
Greece,2011,16.272954007499997,0.2601700000000022,23.031204,19.37532043,28.02111817,75.470759,-28.617999999999995
Greece,2012,15.462564635,-0.0279319999999998,20.722107,17.7016182,27.24463653,69.025172,-29.111999999999995
Greece,2013,14.6521752625,-0.1944080000000028,20.361412,17.934310910000008,25.11639405,67.207371,-26.604
Greece,2014,13.84178589,-0.8198829999999973,19.14843299999999,16.488113409999997,23.16113281,67.137876,-23.123999999999995
Greece,2015,14.0826099525,-2.066806999999997,19.188832,15.401142120000005,22.888229370000005,66.118152,-24.47
Greece,2016,14.323434015,-3.397092999999998,20.29874,15.09680557,22.986969,65.554901,-23.92
Greece,2017,14.5642580775,-3.40702,21.076709,15.652996060000008,23.473396300000005,65.252638,-25.524
Greece,2018,14.80508214,-2.757444,22.368198000000007,15.89999771,25.799999230000005,65.584286,-24.506
Greece,2019,14.789368835,-3.387765999999999,21.672104000000004,15.555191040000004,25.73670959,66.410969,-27.418000000000006
Greece,2020,14.77365553,-3.568920000000002,20.364884,16.20555497,23.28958511,63.196184,-29.744
Greece,2021,14.757942225,-3.0678370000000044,20.991260999999994,15.019687649999996,22.24360275,65.202035,-36.482
Greece,2022,14.74222892,-4.096401,21.86550499999999,15.60187149,24.62908173,67.463458,-35.198
Greece,2023,15.01991997,-4.826318739999998,20.79088593000001,14.680541990000002,27.84607696,68.380893,-40.226
Hungary,2010,16.51276848,-4.859234000000001,11.720336999999994,11.736148839999998,7.461540220000003,63.866377,-32.93600000000001
Hungary,2011,16.31912167,-4.796904000000001,12.744854000000004,11.898189539999995,17.2423935,64.322345,-23.986000000000004
Hungary,2012,20.01431435,-5.772044999999999,12.648692999999994,11.477012630000004,15.07513428,63.343408,-31.484
Hungary,2013,18.41246031,-6.143257000000002,13.379241,12.341579440000004,17.67015074999999,64.190963,-26.379999999999995
Hungary,2014,15.09044194,-6.097715000000001,13.903816,12.56510162,21.2040329,66.203402,-27.324
Hungary,2015,17.35471095,-6.279271000000001,14.656914,12.933719639999993,20.072433470000007,67.536519,-30.104000000000006
Hungary,2016,17.19342849,-6.347248,14.567977999999997,13.409252169999997,16.86705017,68.597072,-33.388000000000005
Hungary,2017,15.34988187,-5.9854720000000015,15.712936999999997,14.077545160000014,10.798873900000004,70.163467,-32.798
Hungary,2018,13.73229971,-6.863705,15.500267000000008,14.099998470000005,14.0,72.967558,-37.37200000000001
Hungary,2019,18.57943254,-8.657643,16.003287999999998,14.951042180000002,7.1929244999999895,75.924978,-39.12799999999999
Hungary,2020,17.61490601,-8.302131999999997,16.49239399999999,10.713653559999996,10.99498749,76.143172,-36.962
Hungary,2021,17.92277183,-9.013165,10.811935000000004,9.935707089999994,9.510673530000004,77.419421,-35.111999999999995
Hungary,2022,18.95054372,-9.102455139999996,10.116851799999992,9.501647950000006,9.649383549999996,78.821559,-28.78
Hungary,2023,19.03270009,-9.80842781,9.326477049999994,8.724296570000007,15.431953430000007,77.459799,-32.175999999999995
Iceland,2010,19.20892767,-10.205809000000002,6.578452999999996,5.751441959999994,5.613227839999993,126.452766,-38.72800000000001
Iceland,2011,19.052698882500003,-11.252730999999995,7.347244000000003,5.652885439999992,4.373291010000003,127.215756,-38.798
Iceland,2012,18.896470095,-11.487879000000005,6.647812000000002,4.236755370000012,6.138504019999999,126.904123,-33.43600000000001
Iceland,2013,18.7402413075,-12.144728999999998,8.513886,4.815605160000004,6.6413497899999925,128.68603,-36.792
Iceland,2014,18.58401252,-11.969593000000003,8.450935000000001,5.51791381000001,4.134361269999999,127.673821,-34.554
Iceland,2015,17.93687733,-14.269748999999996,8.856787999999995,4.418601989999999,9.724639889999992,128.672498,-33.244
Iceland,2016,17.28974214,-15.187372,8.324530999999993,5.963844300000005,5.97531128,133.021737,-31.180000000000007
Iceland,2017,16.64260695,-15.020198999999998,7.25766800000001,5.844696040000002,2.5514602699999926,131.570538,-33.17400000000001
Iceland,2018,15.99547176,-16.99416,8.01231399999999,5.099998470000003,9.600006100000002,132.001522,-33.504
Iceland,2019,15.99547176,-15.633442000000002,7.767799000000011,4.9000091500000025,8.02516937,129.78554,-35.175999999999995
Iceland,2020,15.99547176,-13.286933999999995,7.183502000000004,6.0,1.6999969400000057,125.134543,-33.34
Iceland,2021,15.99547176,-16.385082999999995,8.070876999999996,5.18509675,7.407104490000009,122.442616,-36.26599999999999
Iceland,2022,15.99547176,-21.340919490000005,6.466468810000009,4.739402769999998,5.767585760000003,126.914642,-32.464
Iceland,2023,15.99547176,-20.79590606,7.346343999999988,5.209892280000005,8.304862979999996,128.821716,-32.578
Ireland,2010,18.29269585,-6.377605000000003,10.678314,14.284038539999996,18.46014786,132.26481,-55.398
Ireland,2011,17.70023034,-6.539321999999999,10.289344000000009,14.223804469999996,16.58784865999999,131.887927,-53.580000000000005
Ireland,2012,17.10776483,-6.884991000000007,10.530034,14.163906099999998,16.42653275,129.810682,-51.322
Ireland,2013,16.51529932,-7.595775000000003,11.992835999999995,13.45484924,17.615821840000002,130.569963,-47.93000000000001
Ireland,2014,15.92283381,-7.328701000000002,13.001407999999998,13.68780899,17.63862990999999,139.635822,-47.09
Ireland,2015,15.7963128225,-7.639686999999995,13.596224999999995,13.589324949999998,18.46753693,169.06777,-48.818000000000005
Ireland,2016,15.669791835,-9.259968,12.922294000000008,12.430816649999995,18.50344849,167.010011,-47.744
Ireland,2017,15.5432708475,-6.749180000000003,13.396361999999996,11.238594059999995,15.39563751,177.468774,-51.036
Ireland,2018,15.41674986,-7.545906000000002,13.505095999999996,10.700004579999998,14.799995420000002,185.155465,-49.85
Ireland,2019,15.538536315,-7.449840000000002,13.653374,10.803550720000004,14.887786860000006,189.246145,-52.476
Ireland,2020,15.66032277,-7.083798000000002,13.620559,10.616210940000002,15.856735220000004,209.234804,-54.062000000000005
Ireland,2021,15.782109225,-8.197330999999998,11.079589999999996,8.506439209999996,12.465515139999994,227.13639,-53.04599999999999
Ireland,2022,15.90389568,-7.638271331787109,12.41461944580078,9.29360199,12.460273739999993,233.126575,-54.01599999999999
Ireland,2023,16.80041843,-7.377140045166023,10.912841796875,7.702400210000007,12.209922790000007,220.745034,-52.11600000000001
Israel,2010,25.48797382,-7.759190000000004,11.031097000000004,9.95360565,6.531532280000008,82.456788,-49.708
Israel,2011,24.89500479,-6.40504,11.18070999999999,9.95360565,6.531532280000008,84.018078,-48.718
Israel,2012,24.32988529,-8.858052,11.031006000000003,9.95360565,6.531532280000008,83.732599,-39.356
Israel,2013,25.71408681,-8.935398,10.721373999999996,9.700691219999996,6.68764496,84.683983,-39.958
Israel,2014,25.88653955,-9.170177000000002,9.490914000000004,8.966369629999988,5.017852790000006,84.963337,-40.468
Israel,2015,24.22555619,-8.452221000000002,10.09125499999999,9.301094059999995,4.240577700000003,83.601077,-39.468
Israel,2016,26.96285447,-9.284374,9.415047,8.393569940000006,3.7372741700000063,84.68542,-40.49799999999999
Israel,2017,25.91035096,-9.009102000000006,9.908363000000008,8.07607268999999,4.6740646299999895,84.960415,-41.382000000000005
Israel,2018,24.23386145,-9.249324,7.903769999999994,6.299995420000002,4.400001529999997,85.287172,-42.926
Israel,2019,23.7663108,-10.367030999999995,7.687072999999998,5.8521499600000055,3.5635299700000047,85.932873,-41.152
Israel,2020,23.31949138,-10.043407000000002,6.310256999999993,5.17147064000001,3.7471237200000047,86.604663,-41.93600000000001
Israel,2021,25.57830236,-9.921875,5.227669000000006,5.159996030000002,3.680000300000003,88.018,-42.22800000000001
Israel,2022,25.83703571,-10.95533752,5.745399480000003,5.159996030000002,3.680000300000003,89.520807,-42.934
Israel,2023,25.83703571,-10.50287247,5.115783690000001,5.159996030000002,3.680000300000003,88.451913,-40.98599999999999
Italy,2010,11.47453352,-3.083502,24.427341,21.69537735,27.462043760000007,112.259916,-57.068000000000005
Italy,2011,12.4337253775,-3.055800999999999,23.829159000000004,21.174327850000005,26.13132858,111.005642,-56.636
Italy,2012,13.392917234999999,-3.5344490000000004,22.14489,20.07496644,23.37561035000001,106.420317,-53.47399999999999
Italy,2013,14.3521090925,-3.688361,21.18079400000001,19.59719085,21.676857,103.140772,-50.93000000000001
Italy,2014,15.31130095,-3.954877,20.63512,19.070316309999995,21.26190948,101.528554,-49.726
Italy,2015,14.9413010075,-4.516069999999999,21.150967,19.71392823,22.862861630000005,100.591401,-49.892
Italy,2016,14.571301065,-4.820302999999999,21.286602,19.067146310000005,23.96542358,100.77154,-49.072
Italy,2017,14.2013011225,-5.667233,20.912674000000003,18.509937290000003,23.815166479999995,100.426142,-50.124
Italy,2018,13.83130118,-5.641204999999999,20.75414600000001,18.300003059999995,24.20000458,99.717992,-52.316
Italy,2019,13.367753425,-5.718589999999999,20.540831999999995,17.60208893,25.21253204,99.291443,-52.30799999999999
Italy,2020,12.90420567,-5.986431,20.676190000000005,17.510890960000005,27.92293548,95.085077,-50.608
Italy,2021,12.440657915000001,-6.257234,20.119553000000003,17.006748200000004,26.59489059,98.323618,-48.732
Italy,2022,11.97711016,-6.470433,20.678183999999995,16.883861550000006,26.89559174,100.680119,-51.664
Italy,2023,7.126864177,-6.583072659999999,20.28790283,16.743495940000003,26.55383682,100.644298,-52.988
Japan,2010,30.67316479,1.377898999999999,24.83622800000001,7.551519939857142,15.78969268771429,94.091226,-50.696
Japan,2011,29.36338715,0.8849639999999965,24.904499,7.551519939857142,15.78969268771429,92.893591,-52.05
Japan,2012,29.14893617,0.2798230000000004,24.02300199999999,7.551519939857142,15.78969268771429,93.652878,-52.22200000000001
Japan,2013,28.65030675,0.4225959999999986,22.713036,7.551519939857142,15.78969268771429,94.652313,-51.672
Japan,2014,27.79126214,-0.0971760000000045,22.043296999999995,7.551519939857142,15.78969268771429,93.516303,-50.53999999999999
Japan,2015,27.78275142,0.0348049999999986,21.07290599999999,7.551519939857142,15.78969268771429,93.243489,-51.24199999999999
Japan,2016,27.02863962,-0.3244430000000022,20.349327,7.551519939857142,15.78969268771429,92.918176,-52.898
Japan,2017,26.64679583,-1.414703000000003,19.369484,7.551519939857142,15.78969268771429,92.65665,-54.76599999999999
Japan,2018,26.68838863,-1.812344000000003,17.697235000000006,7.551519939857142,15.78969268771429,91.835217,-52.636
Japan,2019,25.73964497,-2.4279550000000043,16.464164999999994,7.551519939857142,15.78969268771429,90.659107,-48.93600000000001
Japan,2020,25.67886659,-2.255901000000001,16.567352,7.551519939857142,15.78969268771429,91.183266,-45.544
Japan,2021,24.79240807,-2.928002,15.851653999999996,7.551519939857142,15.78969268771429,88.580702,-45.694
Japan,2022,23.22064057,-2.3806800800000048,14.64857483,7.551519939857142,15.78969268771429,87.557658,-48.28399999999999
Japan,2023,25.16386435,-3.490974420000001,13.974739069999998,7.551519939857142,15.78969268771429,88.336025,-48.06
Korea,2010,37.04384676,8.363605999999997,26.794106,7.551519939857142,15.78969268771429,89.489306,-26.206000000000003
Korea,2011,35.88762252,8.896021999999995,26.938965,7.551519939857142,15.78969268771429,90.733908,-15.525999999999996
Korea,2012,34.97627684,8.402638000000003,26.929523,7.551519939857142,15.78969268771429,91.848229,-25.92
Korea,2013,35.39093895,8.136683999999995,26.44053600000001,7.551519939857142,15.78969268771429,93.411471,-24.894000000000005
Korea,2014,35.69306487,7.775204000000002,26.198010000000004,7.551519939857142,15.78969268771429,94.328089,-29.384
Korea,2015,36.13976438,7.473915000000005,25.176887,7.551519939857142,15.78969268771429,94.698112,-30.687999999999995
Korea,2016,35.15272012,7.184669999999997,24.534519000000003,7.551519939857142,15.78969268771429,96.115159,-32.422
Korea,2017,34.1281258,6.560398999999997,23.902165000000004,7.551519939857142,15.78969268771429,97.054452,-29.712
Korea,2018,32.32500058,5.597374000000002,22.964138000000005,7.551519939857142,15.78969268771429,97.984671,-30.611999999999995
Korea,2019,31.6135838,4.704719999999995,21.416455000000006,7.551519939857142,15.78969268771429,98.805819,-29.952
Korea,2020,30.45038121,4.282418,21.409648999999995,7.551519939857142,15.78969268771429,102.459194,-24.054
Korea,2021,30.33347869,3.989128000000001,20.874576000000005,7.551519939857142,15.78969268771429,101.354758,-26.248000000000005
Korea,2022,30.08554971,3.5219573900000043,20.11305236999999,7.551519939857142,15.78969268771429,101.696012,-25.623999999999995
Korea,2023,29.33355374,3.3142585800000006,18.706840510000006,7.551519939857142,15.78969268771429,102.141073,-27.989999999999995
Latvia,2010,19.53017164,-12.294265000000005,-0.7149809999999945,9.003334318035714,14.441823959285715,53.80982,-30.108000000000004
Latvia,2011,20.0335315175,-13.956625000000004,1.6216890000000037,9.003334318035714,14.441823959285715,55.655002,-26.724000000000004
Latvia,2012,20.536891394999998,-15.111041999999998,3.132462000000004,9.003334318035714,14.441823959285715,59.996376,-31.678
Latvia,2013,21.0402512725,-15.165035,3.953705,9.003334318035714,14.441823959285715,61.213758,-31.896
Latvia,2014,21.54361115,-15.882547999999996,4.10883299999999,9.003334318035714,14.441823959285715,62.102105,-39.77600000000001
Latvia,2015,21.947391097500002,-17.8246,4.048621999999995,9.003334318035714,14.441823959285715,63.741939,-40.24199999999999
Latvia,2016,22.351171045,-17.863294999999997,3.1700969999999984,9.003334318035714,14.441823959285715,65.15524,-32.126000000000005
Latvia,2017,22.7549509925,-17.223570000000002,4.225914000000003,9.003334318035714,14.441823959285715,66.572675,-35.56999999999999
Latvia,2018,23.15873094,-17.401915000000002,4.033844000000002,9.003334318035714,14.441823959285715,68.772514,-37.828
Latvia,2019,23.040130275000003,-16.622313000000002,3.871758,9.003334318035714,14.441823959285715,68.943939,-30.636
Latvia,2020,22.92152961,-17.388192999999998,3.284104000000013,9.003334318035714,14.441823959285715,70.046174,-30.196
Latvia,2021,22.802928944999998,-19.036919,4.596755999999999,9.003334318035714,14.441823959285715,71.34871,-32.63999999999999
Latvia,2022,22.68432828,-19.496307,3.201934999999992,9.003334318035714,14.441823959285715,70.829673,-38.50200000000001
Latvia,2023,23.62953667,-18.24271393,3.353454590000013,9.003334318035714,14.441823959285715,69.598275,-33.138000000000005
Lithuania,2010,16.44867264,-12.245212,-1.6065520000000078,9.003334318035714,14.441823959285715,60.034975,-39.38399999999999
Lithuania,2011,16.74523865,-12.275415000000002,0.4860690000000005,9.003334318035714,14.441823959285715,64.336306,-32.392
Lithuania,2012,17.04180466,-12.935667,1.4641880000000072,9.003334318035714,14.441823959285715,67.510047,-35.298
Lithuania,2013,17.33837067,-13.170519,2.3535540000000026,9.003334318035714,14.441823959285715,70.131088,-40.26400000000001
Lithuania,2014,17.63493668,-12.383382,1.7918240000000054,9.003334318035714,14.441823959285715,72.236404,-38.400000000000006
Lithuania,2015,17.4109683125,-13.807041000000002,1.9841530000000065,9.003334318035714,14.441823959285715,73.494948,-42.00200000000001
Lithuania,2016,17.186999945,-15.301275,1.455192000000011,9.003334318035714,14.441823959285715,75.403961,-38.3
Lithuania,2017,16.9630315775,-14.704014,0.7532119999999907,9.003334318035714,14.441823959285715,78.167612,-36.088
Lithuania,2018,16.73906321,-14.857929,2.347152999999992,9.003334318035714,14.441823959285715,81.267932,-36.52799999999999
Lithuania,2019,15.953499050000001,-14.962834,1.674376999999993,9.003334318035714,14.441823959285715,84.377406,-32.452
Lithuania,2020,15.167934890000002,-14.104526999999996,1.6384509999999892,9.003334318035714,14.441823959285715,88.295548,-28.95
Lithuania,2021,14.38237073,-13.982565999999998,1.1076889999999937,9.003334318035714,14.441823959285715,88.768871,-37.59
Lithuania,2022,13.59680657,-15.568523,1.2494279999999949,9.003334318035714,14.441823959285715,88.007559,-47.0
Lithuania,2023,13.59680657,-16.48326874,2.1405639700000023,9.003334318035714,14.441823959285715,86.165095,-40.650000000000006
Luxembourg,2010,12.989724375,6.86195,18.484573,15.153369899999994,16.834220889999997,287.736306,-70.858
Luxembourg,2011,11.9800913983,4.9565509999999975,17.222960999999998,12.683296200000008,15.394157410000004,279.940524,-66.68799999999999
Luxembourg,2012,10.9704584216,5.672396999999997,15.360268000000003,11.699325559999998,14.944564819999997,275.961805,-64.59800000000001
Luxembourg,2013,9.9608254449,2.484615000000005,14.728500999999994,11.012454990000002,15.487228390000013,274.473057,-66.076
Luxembourg,2014,8.9511924682,3.837440000000001,13.734939999999996,11.456073759999995,14.685356139999996,270.858515,-63.894000000000005
Luxembourg,2015,7.513830109925,-0.3984220000000036,11.511794999999992,8.692974090000007,11.74985504,266.346034,-63.676
Luxembourg,2016,6.07646775165,0.2883110000000002,11.868774000000002,8.663627619999993,11.752548220000008,269.198365,-60.50800000000001
Luxembourg,2017,4.639105393375,-2.182777000000001,7.995307999999994,5.317699429999998,10.05091858,261.268725,-67.982
Luxembourg,2018,3.2017430351,-1.3532179999999985,9.509254,6.700000760000002,7.899993899999998,255.830952,-63.262
Luxembourg,2019,2.3270499770749997,-3.366581000000004,8.623030999999997,7.874504090000002,10.16077423,254.655579,-60.42
Luxembourg,2020,1.4523569190499999,-2.3031350000000046,7.665190999999993,3.799999230000005,9.0,260.902799,-57.164
Luxembourg,2021,0.577663861025,-3.158248999999998,8.748122999999993,4.879341119999992,8.363067619999995,259.36412,-48.99600000000001
Luxembourg,2022,-0.297029197,-2.1768500000000017,7.625548999999992,5.078071590000008,6.844688409999989,244.681848,-53.48599999999999
Luxembourg,2023,-0.297029197,-2.451858520000002,7.024085999999997,5.131782539999989,8.592910769999989,237.822329,-42.586000000000006
Mexico,2010,12.64193058,3.126010000000001,39.10408,36.464099880000006,38.28664779999999,46.399484,-18.574
Mexico,2011,11.87089114,2.903274000000001,38.574448,36.258941660000005,29.218647,46.743817,-17.790000000000006
Mexico,2012,11.33222725,2.7200960000000016,37.938869,35.518024450000006,24.29002762,47.481926,-17.427999999999997
Mexico,2013,12.01276857,2.0144730000000006,37.348713,35.06033707,31.40995408,46.819097,-17.415999999999997
Mexico,2014,11.65073354,2.028341000000001,38.327652,35.65742874,30.475406640000003,46.708056,-17.861999999999995
Mexico,2015,11.95265257,2.1868549999999995,37.981636,35.13447952,31.55186844,46.505879,-18.848
Mexico,2016,11.78612838,2.093349,37.76968299999999,34.87826919,32.135917660000004,46.215553,-19.53
Mexico,2017,11.20675933,2.176722999999999,38.435505000000006,35.14545822,28.08431626000001,45.566163,-20.224000000000004
Mexico,2018,11.3371818,1.6902659999999976,37.752586,34.50000381,31.39999771,45.097932,-21.074
Mexico,2019,11.68756766,1.2713146209716797,35.659103393554695,33.05709457,27.77418899000001,43.850105,-22.739999999999995
Mexico,2020,7.423936046,0.9948699999999988,34.870029,31.67690659,18.91337204,41.550957,-17.715999999999994
Mexico,2021,9.935138875,1.2442210000000031,35.154407,32.50000381,26.799999230000005,41.21233,-18.762
Mexico,2022,10.36108059,1.0577539999999992,34.298851,31.520149035000003,25.00238439,41.354907,-22.227999999999994
Mexico,2023,11.89279029,1.6455059099999971,33.41474914999999,30.54029426,23.204769549999995,41.95157,-24.214
Netherlands,2010,20.0003367,3.6839010000000014,13.312470000000005,10.263854980000003,15.365432739999996,138.441668,-53.208
Netherlands,2011,19.38680793,2.734064000000004,12.543007000000005,9.567962649999998,15.24629212,138.191205,-53.862
Netherlands,2012,18.77327916,2.251773,11.927939999999992,8.908889770000002,15.711872099999994,135.287995,-52.886
Netherlands,2013,18.15975039,1.1929820000000009,11.954467000000008,8.719383239999999,16.00600815,133.383348,-50.87200000000001
Netherlands,2014,17.54622162,0.1039579999999986,12.806693999999991,9.162460330000002,16.748550419999994,132.955075,-49.95
Netherlands,2015,16.45371906,-0.0777819999999991,12.56680999999999,8.433120729999999,18.25392533,132.54948,-49.51400000000001
Netherlands,2016,15.361216500000001,-0.8304679999999962,12.525535999999988,8.382972719999998,14.730289460000009,133.381366,-50.54599999999999
Netherlands,2017,14.26871394,-1.676720000000003,12.078239999999994,7.725357049999999,14.896022799999995,133.42131,-49.61000000000001
Netherlands,2018,13.17621138,-2.130810000000004,11.751548999999995,7.5,15.80000305,133.296172,-48.72
Netherlands,2019,12.182251827750001,-1.1998409999999993,10.678955000000002,7.402870180000008,13.585395820000002,133.98557,-48.120000000000005
Netherlands,2020,11.1882922755,-1.7075960000000023,10.334471999999993,6.152191160000001,11.539726260000007,133.942908,-47.636
Netherlands,2021,10.19433272325,-1.4987099999999955,9.687416,5.393218989999994,13.207092279999998,133.737356,-46.706
Netherlands,2022,9.200373171,-2.093558999999999,8.887557999999999,5.878814699999992,12.477851869999997,135.609055,-44.03
Netherlands,2023,10.12519213,-3.324764250000001,8.585609439999999,6.002906800000005,10.690856939999987,132.068123,-43.832
New Zealand,2010,12.62333688,-5.697598000000006,13.842606000000004,10.52791596,15.627639769999988,92.302722,-48.288
New Zealand,2011,11.8145974,-5.697598000000006,13.653976,10.535438539999989,14.24767304000001,92.572839,-50.614
New Zealand,2012,11.80540387,-5.697598000000006,12.78292900000001,10.02207184000001,12.50389862,93.779716,-52.06399999999999
New Zealand,2013,12.02213977,-5.697598000000006,13.711311999999992,9.088493350000007,12.646179200000006,93.569859,-51.668000000000006
New Zealand,2014,12.75637653,-5.697598000000006,14.271042000000008,8.915596010000002,12.684638980000004,93.811973,-49.21000000000001
New Zealand,2015,13.14092896,-6.046816999999997,13.558868000000004,8.700004579999998,13.900001520000004,93.87875,-49.988
New Zealand,2016,12.47871852,-5.457424000000003,12.357856999999996,8.542068479999998,13.605003350000004,94.210621,-47.43000000000001
New Zealand,2017,11.12164297,-5.520130000000002,12.196861000000013,8.021034239999999,13.352500915,94.294331,-47.932
New Zealand,2018,11.85687881,-5.795524,11.867180000000005,7.5,13.099998479999996,94.629059,-48.126000000000005
New Zealand,2019,10.35003018,-5.712688,11.212531999999996,6.684120179999994,12.02159881,94.289061,-47.892
New Zealand,2020,8.105947243,-6.407097,11.653817000000004,7.580131530000003,12.4165802,97.302629,-45.132000000000005
New Zealand,2021,8.165548098,-6.482447999999998,10.126160000000011,6.595726010000007,11.360580439999993,95.997895,-45.582
New Zealand,2022,8.254219409,-7.378971,9.981467999999992,6.242355350000011,10.578880310000002,96.872835,-46.330000000000005
New Zealand,2023,7.336287543,-7.551242828369141,9.523147583007812,6.41876984000001,9.39124298,94.751293,-45.172
Norway,2010,12.82243927,-7.628349999999997,4.739884000000004,4.722068790000009,9.671936029999998,151.335592,-44.02000000000001
Norway,2011,12.69573597,-8.449231000000005,5.544509999999988,3.8913040199999926,6.784317020000003,148.827032,-44.756
Norway,2012,11.70014012,-9.329254,5.506354999999999,4.020240779999995,9.894493100000004,149.704893,-41.30799999999999
Norway,2013,12.05035971,-10.244918999999996,5.350318999999999,3.347167970000001,9.720031730000002,147.782286,-41.358
Norway,2014,11.52920586,-8.552078000000002,5.379333000000003,3.2022170999999986,10.306633000000003,146.828701,-42.312000000000005
Norway,2015,13.04806071,-8.775967000000001,5.034362999999999,3.222496039999996,10.048736569999988,145.155095,-38.816
Norway,2016,12.28033473,-9.470028000000006,4.131501,3.0561065599999893,10.94235992,143.762143,-38.036
Norway,2017,11.44739551,-9.225464000000002,4.336517000000001,3.076499939999991,8.826416019999996,143.090325,-37.97399999999999
Norway,2018,10.91091091,-9.233360000000005,5.510818999999998,3.4000015299999973,9.099998470000005,140.854094,-39.06999999999999
Norway,2019,10.61895551,-10.488354,5.635902999999999,3.5585250900000034,9.89543915,139.924009,-36.37200000000001
Norway,2020,10.71023801,-11.640785,5.113472000000002,4.0,6.5,143.618626,-33.512
Norway,2021,10.36044195,-11.098228,5.534851000000003,3.185844430000003,9.071487419999997,140.178643,-32.944
Norway,2022,10.53086633,-11.989880000000008,6.641707999999994,3.681831360000004,9.76282501,139.828945,-30.392
Norway,2023,9.772466852,-13.139759070000004,5.508010859999999,3.166999820000001,8.491523740000005,136.878901,-29.056000000000004
Poland,2010,15.02376211,-7.01803,14.310616000000003,13.592628480000007,18.08728409,61.945498,-38.25399999999999
Poland,2011,15.85549146,-7.606169999999999,14.755741,13.758312230000008,13.399974829999998,64.234667,-38.51400000000001
Poland,2012,16.68722081,-8.107195,14.565002000000009,13.560398099999992,15.11240386,64.691934,-39.852
Poland,2013,16.86907479,-8.544386,14.666084000000003,13.724018100000002,13.204353329999996,64.471456,-39.97
Poland,2014,17.05092877,-8.89771,14.440905999999998,13.515747070000003,16.244701390000003,66.006872,-38.524
Poland,2015,16.3299454,-9.768453999999998,13.857445000000006,13.391220099999998,22.431476590000003,67.637784,-38.494
Poland,2016,15.60896203,-10.526598,14.123137999999996,13.726737970000002,14.821487430000005,68.874305,-39.94
Poland,2017,20.171661460000003,-10.827872,14.65174900000001,14.032344819999992,9.591926579999992,70.891839,-43.06999999999999
Poland,2018,24.73436089,-11.368434,14.57867499999999,13.799999239999998,12.0,74.032514,-41.59
Poland,2019,18.758581315,-11.489943,15.767409999999998,14.27089309,16.90557099,76.589454,-41.332
Poland,2020,12.78280174,-11.975914,15.97800500000001,14.100616450000004,21.75267792,80.1123,-41.152
Poland,2021,13.856334575,-12.39547538757324,14.030075073242188,13.416656500000002,11.63300323,81.321317,-41.13999999999999
Poland,2022,14.92986741,-12.949308000000002,12.954300000000003,12.153175349999998,16.767082220000006,81.664998,-42.108
Poland,2023,17.3603569,-13.35395813,12.064094550000007,11.03217316,21.53050232000001,81.328647,-44.158
Portugal,2010,13.73516094,-6.282871999999999,10.440986999999993,8.547409049999999,7.117835990000003,83.527847,-58.82599999999999
Portugal,2011,14.0799002,-5.391300000000001,8.944983999999991,8.945243829999995,6.765449530000012,80.887168,-42.56
Portugal,2012,14.42463946,-5.840139000000001,7.142944,7.787979120000003,5.597953799999999,77.330635,-37.22999999999999
Portugal,2013,14.769378719999999,-7.656273,6.810287000000002,6.950233449999999,5.07200623,76.150566,-40.452
Portugal,2014,15.11411798,-8.58181190490723,7.3727874755859375,6.817993169999994,6.701850889999989,75.922641,-41.2
Portugal,2015,14.06254741,-8.466072082519531,6.907493591308594,6.324737549999995,7.578720090000004,75.907604,-45.23599999999999
Portugal,2016,13.01097684,-8.50354194641113,6.703941345214844,6.793968199999995,6.179077140000004,76.661813,-50.864
Portugal,2017,11.959406269999999,-9.28743934631347,7.500587463378906,6.36925506,6.387298580000007,77.662646,-63.834
Portugal,2018,10.9078357,-10.104585647583,6.869041442871094,5.8000030599999945,6.400001520000004,78.613758,-65.874
Portugal,2019,10.27851913825,-9.10802841186523,6.971717834472656,5.35303497999999,7.122581479999994,79.732114,-62.56399999999999
Portugal,2020,9.649202576499999,-9.869375228881832,6.046142578125,4.703117370000001,8.458969120000006,76.312616,-62.794
Portugal,2021,9.01988601475,-11.075124740600591,5.859062194824219,4.898757939999996,5.650619500000005,75.908424,-61.354000000000006
Portugal,2022,8.390569453,-10.488618850707995,6.02996826171875,4.396278379999998,6.421051030000001,78.709994,-56.334
Portugal,2023,9.347191552,-9.30352020263672,5.849113464355469,4.096221920000005,7.30678558000001,79.467393,-57.458
Slovak Republic,2010,22.63759086,-3.244511,15.056877,14.619976050000004,34.97507476999999,67.207375,-18.648
Slovak Republic,2011,22.36842105,-3.574902999999999,14.912757999999997,15.693313600000003,23.28461075000001,68.324253,-23.732
Slovak Republic,2012,22.25275694,-4.5566390000000006,15.720474000000005,15.449672700000008,14.005348210000008,68.760557,-19.042
Slovak Republic,2013,20.7427836,-4.008399999999998,14.579952000000006,14.75654221,15.356033319999996,68.404154,-16.209999999999994
Slovak Republic,2014,21.38524961,-4.304499,14.419276999999994,14.697845460000003,23.414245609999995,69.09878,-17.498000000000005
Slovak Republic,2015,20.64511416,-5.494575000000001,14.528256000000006,13.274139410000004,6.068817139999993,71.215457,-22.078000000000003
Slovak Republic,2016,20.57530081,-6.227823000000001,13.259140000000002,12.8992157,8.85671997,71.596286,-18.55
Slovak Republic,2017,20.61024894,-6.692047000000002,12.122077999999988,12.31127930000001,18.18828583,72.007218,-22.849999999999994
Slovak Republic,2018,20.78017548,-7.232264000000001,12.805282000000004,12.699996940000004,28.300003059999995,73.536925,-25.126000000000005
Slovak Republic,2019,18.91264205,-8.210106,12.009620999999996,12.465522770000009,12.670135489999993,74.285714,-28.84200000000001
Slovak Republic,2020,16.6986841,-9.585608,11.796898,6.600006100000002,13.659614560000009,75.572895,-33.712
Slovak Republic,2021,15.6923869,-10.845394,7.686202999999992,8.007110600000004,10.82831573,75.682514,-38.106
Slovak Republic,2022,17.31406119,-10.685731999999998,7.161407999999994,7.51967621,10.195526130000005,73.959934,-30.186000000000007
Slovak Republic,2023,15.99106148,-8.784996029999999,7.27454376,7.39949799,10.12327576,74.724364,-39.68000000000001
Slovenia,2010,4.470873111,-8.681061,7.614463999999998,7.634361269999999,11.21395874000001,87.274034,-20.16
Slovenia,2011,5.359586735500001,-9.839090000000002,6.885970999999998,6.86188507,12.640502929999997,86.394283,-17.418000000000006
Slovenia,2012,6.24830036,-10.892473000000004,7.585205000000002,6.15068054999999,13.189010620000005,83.073206,-20.286
Slovenia,2013,7.1370139845,-10.593215999999998,8.492728999999997,6.549545290000012,17.755134579999996,81.381192,-20.78400000000001
Slovenia,2014,8.025727609,-10.632200999999998,7.961258000000001,5.966102599999999,16.892520910000002,82.245976,-23.052000000000007
Slovenia,2015,8.68518494425,-12.640060000000002,8.508499,6.612014770000002,14.642684940000002,82.519691,-22.452
Slovenia,2016,9.3446422795,-13.273169,6.275916999999993,5.091659540000009,13.021633140000006,83.921731,-31.099999999999994
Slovenia,2017,10.00409961475,-10.960224000000004,2.461326999999997,5.381187430000011,9.375762929999992,86.361076,-27.620000000000005
Slovenia,2018,10.66355695,-12.48416,7.152321000000001,5.400001520000004,15.60000229,88.325941,-32.516
Slovenia,2019,9.97638300725,-13.433928000000002,6.546326000000008,4.082809439999991,19.59592056,89.679418,-35.388000000000005
Slovenia,2020,9.2892090645,-13.742187,6.306404000000001,3.51596069,16.675048829999994,89.358975,-28.354000000000006
Slovenia,2021,8.60203512175,-14.654182,6.667702000000006,4.883651739999991,13.23179626000001,91.279316,-24.046000000000006
Slovenia,2022,7.914861179,-15.728168490000002,6.647705080000009,4.618255610000006,17.447837829999997,91.290461,-29.39
Slovenia,2023,9.339293146,-16.460887910000004,6.652709969999989,4.173683159999996,18.892395019999995,91.990824,-27.05
Spain,2010,13.20752086,-2.9236700000000013,14.105221,15.29784393,13.461021419999994,94.254319,-56.72
Spain,2011,12.955525615,-2.803468999999996,12.817402,14.032600399999993,13.963066100000006,91.940947,-53.656000000000006
Spain,2012,12.70353037,-3.166024,10.879749999999994,11.813262930000008,11.87857056,88.59713,-52.694
Spain,2013,12.451535125,-3.383595,10.496204000000006,11.055763240000005,11.513832089999994,86.692854,-47.38999999999999
Spain,2014,12.19953988,-3.7347139999999968,11.073321999999996,10.57604981,12.086189270000006,86.925883,-48.46600000000001
Spain,2015,11.453907901,-4.847549000000001,12.122947000000003,10.302825920000004,12.235801690000002,88.793015,-46.938
Spain,2016,10.708275921999999,-5.416136999999999,12.238146999999998,9.675315859999998,12.474594120000006,90.172428,-46.262
Spain,2017,9.962643943,-5.179722000000005,12.801926000000002,9.75409698,12.682281500000002,90.672649,-48.358
Spain,2018,9.217011964,-5.206272999999996,12.992492000000006,9.799995420000002,13.0,90.843224,-50.77600000000001
Spain,2019,8.467360348,-5.508583000000002,12.432509999999994,8.793655389999998,13.60011292,90.882873,-50.512
Spain,2020,7.717708732,-5.973033999999998,12.117318000000004,8.900001529999997,11.30000305,84.181239,-50.438
Spain,2021,6.968057116,-6.586494440000003,11.498428350000012,7.52218628,11.146827700000005,84.810044,-47.06399999999999
Spain,2022,6.2184055,-7.263568999999997,11.590454000000008,7.760910029999991,12.712799070000004,87.139673,-46.11600000000001
Spain,2023,6.718866264,-7.087516789999995,11.07359314,7.069992070000012,11.787269590000008,87.310658,-44.602
Sweden,2010,14.37908497,-9.954632,6.4393539999999945,4.00139618,12.629348749999991,124.98772,-32.96
Sweden,2011,14.1025641,-11.421217,5.871093000000002,3.3633346499999988,12.22390747,126.094422,-31.629999999999995
Sweden,2012,14.01869159,-11.395815,5.613845999999995,2.823287960000002,12.421890259999998,123.712695,-30.646
Sweden,2013,13.67781155,-11.889500000000002,5.464568999999997,2.775230409999992,11.654388429999996,122.703474,-28.974
Sweden,2014,13.0952381,-12.513103999999998,5.015265999999997,2.4875259399999976,10.953994750000009,122.328917,-30.168000000000006
Sweden,2015,12.31671554,-13.732441,4.607322999999994,2.0211868299999907,8.919471740000006,123.912762,-28.218
Sweden,2016,12.03438395,-13.583835999999998,4.215156000000008,1.6999969499999992,10.29562378,123.528722,-29.512
Sweden,2017,11.20448179,-13.148376999999996,4.284538000000012,1.568702700000003,10.18264008,121.468921,-27.952
Sweden,2018,10.68493151,-13.875275000000002,4.666045999999994,1.700004579999998,8.30000305,120.08426,-27.616
Sweden,2019,9.946236559,-14.605331,4.945747999999995,1.0186462400000096,11.11103057999999,120.572866,-24.948
Sweden,2020,9.762532982,-14.864669999999997,5.215378000000001,2.3189544700000084,11.744400019999986,122.818799,-20.298
Sweden,2021,10.0,-14.87343979,5.618553159999991,2.404769900000005,8.679519650000003,121.320279,-27.248000000000005
Sweden,2022,9.950248756,-15.12639618,5.456336979999989,2.036460869999999,10.606979370000005,118.492583,-21.96
Sweden,2023,10.0,-14.486881259999995,4.599800110000004,1.2378692599999963,9.87451935,116.210634,-22.006
Switzerland,2010,23.68804242,12.610080000000004,13.973266999999993,10.231529229999992,15.893585209999998,163.239941,-66.49600000000001
Switzerland,2011,24.23484055,11.805935000000002,13.622185000000002,9.624298089999996,17.378028869999994,162.317657,-66.40799999999999
Switzerland,2012,24.78163868,11.88553,12.684753,9.85591887999999,15.665588380000004,161.209814,-66.244
Switzerland,2013,22.78083364,11.354033,11.944000000000004,8.56005859999999,15.1638794,160.439449,-66.042
Switzerland,2014,20.7800286,10.423172,11.041427,7.000587459999991,14.947212219999995,159.707247,-64.00399999999999
Switzerland,2015,19.63648775,8.933701,11.109848,5.681930539999996,15.052330010000006,157.238932,-63.798
Switzerland,2016,18.4929469,9.481575,10.199027999999998,5.7065506,13.593063360000002,156.820071,-62.95400000000001
Switzerland,2017,18.443128155,9.322162999999996,10.476898000000006,6.236389160000002,15.104789730000007,154.182257,-61.00399999999999
Switzerland,2018,18.39330941,7.945544999999996,10.493126000000004,6.0,14.0,154.742957,-61.77199999999999
Switzerland,2019,18.093173415000003,7.401020000000003,9.911033000000003,5.621368410000002,13.04444122000001,153.686014,-62.256
Switzerland,2020,17.79303742,6.1709260000000015,9.414978000000003,5.8000030599999945,12.699996940000004,156.091998,-61.74600000000001
Switzerland,2021,16.609269165,5.52317,8.847198000000006,5.367317200000002,12.354454039999991,154.46696,-60.044
Switzerland,2022,15.42550091,5.222763059999998,8.749961850000005,5.266426080000002,12.471382140000005,153.863762,-58.142
Switzerland,2023,15.42550091,4.795249939999998,8.48311615,5.4455642700000055,11.043838500000009,151.001042,-57.24600000000001
United Kingdom,2010,22.30786268,-0.2156329999999968,12.448219000000009,10.966232299999987,19.130985260000003,113.028839,-53.922
United Kingdom,2011,21.70413123,-0.7086910000000017,12.392349999999992,10.7048111,17.870353699999995,111.395357,-53.822
United Kingdom,2012,20.523687,-1.215366000000003,12.567260000000005,10.240196229999995,19.83875656,111.480025,-52.144000000000005
United Kingdom,2013,21.25018472,-2.2133370000000028,12.39260800000001,9.917655949999997,18.051155089999995,111.411758,-52.056
United Kingdom,2014,19.98516321,-2.589290999999996,11.779670999999992,9.435462950000002,18.03993225,112.314134,-52.586000000000006
United Kingdom,2015,19.71189181,-1.440178000000003,12.277564999999996,9.231124879999996,16.523918159999994,111.680689,-52.368
United Kingdom,2016,19.59101959,-1.126540999999996,11.820594999999996,8.618560790000004,17.57952881,111.846621,-51.908
United Kingdom,2017,19.30437212,-2.292546000000001,11.074996999999996,7.6613617,17.390747070000003,112.19435,-53.018
United Kingdom,2018,19.48034464,-3.980319999999999,10.337333999999998,7.700004579999998,16.599998470000003,111.424398,-53.03999999999999
United Kingdom,2019,18.39473684,-4.158245086669922,9.721031188964844,7.208152769999998,15.806480410000006,111.012128,-52.094
United Kingdom,2020,15.17360191,-5.033561706542969,8.561500549316406,6.746639249999994,13.543907165000007,104.246465,-51.554
United Kingdom,2021,16.82254965,-4.197818756103516,7.918312072753906,6.28512572999999,11.281333920000009,106.479403,-50.694
United Kingdom,2022,16.01133983,-3.789649963378906,8.446342468261719,6.271736140000002,11.55001068,108.098245,-48.87799999999999
United Kingdom,2023,15.05488157,-3.4602928161621094,8.01416015625,6.625953670000001,10.674575810000007,105.859732,-47.928
United States,2010,21.61204606,-4.687263999999999,8.862197999999992,8.45780945,22.46206665,133.130827,-42.10078571428572
United States,2011,21.15384615,-4.332619000000001,9.598190000000002,8.216056820000006,23.000900269999995,132.191885,-42.10078571428572
United States,2012,21.99661591,-4.253478999999999,10.542649000000011,8.556671139999992,22.309532170000004,133.144938,-42.10078571428572
United States,2013,22.04658902,-5.009063999999995,11.198662,8.473594660000003,23.017269130000003,133.476411,-42.10078571428572
United States,2014,22.12096106,-5.447963999999999,10.975632000000004,8.216796880000004,23.650741579999995,133.673529,-42.10078571428572
United States,2015,23.77622378,-5.676617,11.817887,8.162086490000007,24.31116104,133.887385,-42.10078571428572
United States,2016,20.48286604,-5.791049999999999,11.635398999999992,8.246292120000007,23.30616377999999,133.608331,-42.10078571428572
United States,2017,20.89665654,-6.506359000000003,10.99426299999999,7.905860900000007,23.01425552,133.09433,-42.10078571428572
United States,2018,21.02973169,-6.1224790000000056,11.560905000000004,7.899993899999998,22.10000229,133.887005,-42.10078571428572
United States,2019,21.11498258,-6.510452000000001,11.383926000000002,7.59403992,22.68838501,135.131189,-42.10078571428572
United States,2020,19.40199336,-6.864495000000005,10.397780999999997,7.29576874,22.80653763,137.699985,-42.10078571428572
United States,2021,17.73879142,-8.137183999999998,9.794662000000002,7.249366760000001,23.330734260000007,137.641748,-42.10078571428572
United States,2022,21.6152019,-8.077156000000002,10.28035,7.215713499999993,22.11849975,136.789593,-42.10078571428572
United States,2023,17.90697674,-7.926670080000001,9.69155121,6.602684030000006,20.63394928000001,138.116541,-42.10078571428572
