country,year,gdp_pc
Australia,1970,133.887742
Australia,1971,130.362508
Australia,1972,126.330902
Australia,1973,123.413223
Australia,1974,122.926558
Australia,1975,125.558892
Australia,1976,123.878631
Australia,1977,120.197047
Australia,1978,119.639987
Australia,1979,118.394033
Australia,1980,120.284248
Australia,1981,121.675912
Australia,1982,117.742494
Australia,1983,118.941766
Australia,1984,118.972835
Australia,1985,118.618686
Australia,1986,117.311348
Australia,1987,118.761074
Australia,1988,117.04068
Australia,1989,115.785918
Australia,1990,111.212628
Australia,1991,109.605885
Australia,1992,111.163144
Australia,1993,113.792234
Australia,1994,114.43236
Australia,1995,115.394378
Australia,1996,115.582771
Australia,1997,116.199968
Australia,1998,118.220292
Australia,1999,118.464798
Australia,2000,115.552273
Australia,2001,117.818358
Australia,2002,119.056447
Australia,2003,120.985841
Australia,2004,120.323228
Australia,2005,119.529813
Australia,2006,119.440389
Australia,2007,119.17383
Australia,2008,119.431887
Australia,2009,124.713396
Australia,2010,122.776402
Australia,2011,123.987878
Australia,2012,124.053932
Australia,2013,123.738538
Australia,2014,122.649471
Australia,2015,121.821384
Australia,2016,121.155888
Australia,2017,120.03279
Australia,2018,118.734749
Australia,2019,115.56982
Australia,2020,121.892351
Australia,2021,119.829367
Australia,2022,119.313938
Australia,2023,116.881332
Australia,2024,114.656928
Austria,1970,122.828242
Austria,1971,125.517066
Austria,1972,127.171149
Austria,1973,126.375546
Austria,1974,130.956375
Austria,1975,131.545359
Austria,1976,132.567048
Austria,1977,135.540041
Austria,1978,130.845446
Austria,1979,134.203035
Austria,1980,136.106599
Austria,1981,133.758162
Austria,1982,137.303586
Austria,1983,138.65909
Austria,1984,133.409141
Austria,1985,132.830325
Austria,1986,132.860844
Austria,1987,130.798812
Austria,1988,130.117726
Austria,1989,130.72121
Austria,1990,132.464689
Austria,1991,134.83993
Austria,1992,134.214051
Austria,1993,132.9116
Austria,1994,132.514517
Austria,1995,133.364697
Austria,1996,132.825569
Austria,1997,131.591622
Austria,1998,133.098501
Austria,1999,134.372132
Austria,2000,133.768214
Austria,2001,134.102017
Austria,2002,134.26116
Austria,2003,133.336334
Austria,2004,132.431332
Austria,2005,131.705825
Austria,2006,132.061978
Austria,2007,133.997733
Austria,2008,135.98309
Austria,2009,136.393262
Austria,2010,135.26606
Austria,2011,136.743927
Austria,2012,135.935758
Austria,2013,133.311482
Austria,2014,131.208664
Austria,2015,129.047126
Austria,2016,128.512772
Austria,2017,127.863894
Austria,2018,128.159638
Austria,2019,128.396248
Austria,2020,125.229505
Austria,2021,123.608337
Austria,2022,125.508618
Austria,2023,122.162446
Austria,2024,119.307391
Belgium,1970,125.716897
Belgium,1971,126.923117
Belgium,1972,127.698116
Belgium,1973,128.72375
Belgium,1974,133.535834
Belgium,1975,132.12288
Belgium,1976,134.068979
Belgium,1977,131.169001
Belgium,1978,130.287569
Belgium,1979,129.49261
Belgium,1980,134.740056
Belgium,1981,132.479675
Belgium,1982,134.090532
Belgium,1983,131.634914
Belgium,1984,129.686779
Belgium,1985,128.091364
Belgium,1986,127.576559
Belgium,1987,126.711977
Belgium,1988,127.535659
Belgium,1989,127.723675
Belgium,1990,128.544971
Belgium,1991,129.613608
Belgium,1992,129.191158
Belgium,1993,126.595103
Belgium,1994,127.345437
Belgium,1995,127.739553
Belgium,1996,126.03422
Belgium,1997,126.720867
Belgium,1998,126.145586
Belgium,1999,127.032293
Belgium,2000,127.10523
Belgium,2001,127.197425
Belgium,2002,127.685922
Belgium,2003,126.712473
Belgium,2004,127.335825
Belgium,2005,126.80541
Belgium,2006,126.085848
Belgium,2007,127.295891
Belgium,2008,127.297197
Belgium,2009,129.173349
Belgium,2010,128.3651
Belgium,2011,127.267187
Belgium,2012,125.782045
Belgium,2013,124.204493
Belgium,2014,123.890361
Belgium,2015,122.564529
Belgium,2016,121.880724
Belgium,2017,120.614438
Belgium,2018,120.211937
Belgium,2019,121.139607
Belgium,2020,120.086987
Belgium,2021,120.00783
Belgium,2022,120.646
Belgium,2023,120.395603
Belgium,2024,119.595398
Canada,1970,122.384725
Canada,1971,122.729904
Canada,1972,122.815731
Canada,1973,123.363851
Canada,1974,125.567445
Canada,1975,126.351322
Canada,1976,127.026867
Canada,1977,126.525615
Canada,1978,125.614523
Canada,1979,125.379687
Canada,1980,126.078912
Canada,1981,127.070706
Canada,1982,122.442202
Canada,1983,121.749348
Canada,1984,122.812938
Canada,1985,123.872766
Canada,1986,122.537819
Canada,1987,122.322556
Canada,1988,121.58653
Canada,1989,118.722228
Canada,1990,114.671102
Canada,1991,110.214375
Canada,1992,108.319996
Canada,1993,109.242558
Canada,1994,110.354469
Canada,1995,110.102964
Canada,1996,108.10414
Canada,1997,108.379252
Canada,1998,109.254343
Canada,1999,111.076873
Canada,2000,111.890595
Canada,2001,111.997134
Canada,2002,113.133252
Canada,2003,112.581731
Canada,2004,112.051481
Canada,2005,112.108131
Canada,2006,111.171398
Canada,2007,110.215719
Canada,2008,110.493768
Canada,2009,110.592387
Canada,2010,110.089726
Canada,2011,110.799944
Canada,2012,110.674644
Canada,2013,110.841011
Canada,2014,111.143507
Canada,2015,108.863577
Canada,2016,107.416483
Canada,2017,107.063649
Canada,2018,106.565031
Canada,2019,105.847265
Canada,2020,103.976347
Canada,2021,103.463337
Canada,2022,103.212559
Canada,2023,100.720565
Canada,2024,98.128232
Chile,1986,30.136078
Chile,1987,30.684673
Chile,1988,31.220034
Chile,1989,32.973323
Chile,1990,32.912891
Chile,1991,34.680518
Chile,1992,37.700013
Chile,1993,39.361499
Chile,1994,39.96812
Chile,1995,42.675974
Chile,1996,44.110536
Chile,1997,45.373662
Chile,1998,45.630503
Chile,1999,43.776237
Chile,2000,43.859994
Chile,2001,44.436532
Chile,2002,44.9644
Chile,2003,45.935635
Chile,2004,47.244612
Chile,2005,48.35197
Chile,2006,49.61127
Chile,2007,50.651222
Chile,2008,52.232464
Chile,2009,53.337386
Chile,2010,54.686317
Chile,2011,56.610849
Chile,2012,58.987306
Chile,2013,59.698541
Chile,2014,59.237673
Chile,2015,58.730908
Chile,2016,58.388225
Chile,2017,57.145379
Chile,2018,57.366002
Chile,2019,56.032533
Chile,2020,54.002331
Chile,2021,56.135346
Chile,2022,55.481447
Chile,2023,54.818732
Chile,2024,55.256352
Colombia,1985,31.50158
Colombia,1986,31.936387
Colombia,1987,32.107953
Colombia,1988,31.701724
Colombia,1989,31.240859
Colombia,1990,31.272549
Colombia,1991,31.307325
Colombia,1992,31.569349
Colombia,1993,32.52412
Colombia,1994,32.981854
Colombia,1995,33.542095
Colombia,1996,32.725812
Colombia,1997,32.310009
Colombia,1998,31.357345
Colombia,1999,28.583695
Colombia,2000,27.954897
Colombia,2001,27.874054
Colombia,2002,27.966797
Colombia,2003,28.31181
Colombia,2004,28.717372
Colombia,2005,29.087606
Colombia,2006,29.943047
Colombia,2007,31.010288
Colombia,2008,31.795618
Colombia,2009,33.160453
Colombia,2010,33.441652
Colombia,2011,34.881252
Colombia,2012,35.617302
Colombia,2013,36.69205
Colombia,2014,37.119786
Colombia,2015,37.116237
Colombia,2016,37.019113
Colombia,2017,36.277649
Colombia,2018,35.932055
Colombia,2019,35.849016
Colombia,2020,34.131533
Colombia,2021,35.22874
Colombia,2022,36.456933
Colombia,2023,35.951489
Colombia,2024,35.728408
Costa Rica,1991,35.190001
Costa Rica,1992,37.051622
Costa Rica,1993,38.562217
Costa Rica,1994,38.269092
Costa Rica,1995,38.02579
Costa Rica,1996,36.670817
Costa Rica,1997,36.600264
Costa Rica,1998,37.463202
Costa Rica,1999,37.158752
Costa Rica,2000,36.52665
Costa Rica,2001,36.756691
Costa Rica,2002,37.027479
Costa Rica,2003,37.551124
Costa Rica,2004,37.605678
Costa Rica,2005,37.66026
Costa Rica,2006,38.83458
Costa Rica,2007,40.65824
Costa Rica,2008,42.128896
Costa Rica,2009,42.89269
Costa Rica,2010,43.382558
Costa Rica,2011,44.213782
Costa Rica,2012,45.414551
Costa Rica,2013,45.455488
Costa Rica,2014,45.751777
Costa Rica,2015,45.934082
Costa Rica,2016,46.711431
Costa Rica,2017,47.084448
Costa Rica,2018,46.950006
Costa Rica,2019,47.045904
Costa Rica,2020,46.603124
Costa Rica,2021,47.021168
Costa Rica,2022,47.464676
Costa Rica,2023,48.909279
Costa Rica,2024,49.966811
Czechia,1990,87.256544
Czechia,1991,77.056174
Czechia,1992,75.505504
Czechia,1993,74.950269
Czechia,1994,75.345539
Czechia,1995,78.614742
Czechia,1996,80.019923
Czechia,1997,77.323963
Czechia,1998,75.419061
Czechia,1999,74.624694
Czechia,2000,75.135883
Czechia,2001,77.169434
Czechia,2002,77.844025
Czechia,2003,79.304844
Czechia,2004,80.899223
Czechia,2005,83.992117
Czechia,2006,87.128593
Czechia,2007,89.671879
Czechia,2008,91.385383
Czechia,2009,90.190887
Czechia,2010,90.231558
Czechia,2011,90.667662
Czechia,2012,89.19231
Czechia,2013,88.221266
Czechia,2014,88.79476
Czechia,2015,91.356072
Czechia,2016,92.505261
Czechia,2017,95.18212
Czechia,2018,96.066895
Czechia,2019,98.249478
Czechia,2020,97.73732
Czechia,2021,96.033575
Czechia,2022,93.973435
Czechia,2023,92.016458
Czechia,2024,91.904961
Denmark,1970,149.264542
Denmark,1971,149.631267
Denmark,1972,148.162126
Denmark,1973,146.927189
Denmark,1974,144.637486
Denmark,1975,142.969338
Denmark,1976,145.414739
Denmark,1977,143.883487
Denmark,1978,142.00254
Denmark,1979,143.239598
Denmark,1980,141.541745
Denmark,1981,138.694118
Denmark,1982,145.193762
Denmark,1983,146.056339
Denmark,1984,146.622206
Denmark,1985,148.363124
Denmark,1986,151.827132
Denmark,1987,148.017692
Denmark,1988,143.076037
Denmark,1989,139.897676
Denmark,1990,138.944014
Denmark,1991,139.740296
Denmark,1992,140.072683
Denmark,1993,138.52953
Denmark,1994,142.118654
Denmark,1995,143.086104
Denmark,1996,142.772971
Denmark,1997,142.416971
Denmark,1998,142.088028
Denmark,1999,142.162944
Denmark,2000,142.119426
Denmark,2001,142.002589
Denmark,2002,140.946642
Denmark,2003,139.267199
Denmark,2004,139.131556
Denmark,2005,138.968894
Denmark,2006,140.338793
Denmark,2007,138.424443
Denmark,2008,137.509744
Denmark,2009,135.527094
Denmark,2010,133.823055
Denmark,2011,133.050057
Denmark,2012,131.537114
Denmark,2013,131.387192
Denmark,2014,130.309545
Denmark,2015,129.571256
Denmark,2016,130.841265
Denmark,2017,131.17647
Denmark,2018,130.660143
Denmark,2019,130.915093
Denmark,2020,134.169197
Denmark,2021,134.375591
Denmark,2022,130.425974
Denmark,2023,128.927353
Denmark,2024,131.199846
Estonia,1993,41.494845
Estonia,1994,40.816457
Estonia,1995,42.722016
Estonia,1996,44.446468
Estonia,1997,49.45571
Estonia,1998,50.954273
Estonia,1999,49.960732
Estonia,2000,52.349915
Estonia,2001,55.394814
Estonia,2002,59.118002
Estonia,2003,63.115834
Estonia,2004,66.115583
Estonia,2005,71.248694
Estonia,2006,76.790876
Estonia,2007,81.502907
Estonia,2008,77.854016
Estonia,2009,69.449526
Estonia,2010,69.596818
Estonia,2011,73.997594
Estonia,2012,76.384996
Estonia,2013,77.170942
Estonia,2014,78.764251
Estonia,2015,78.80475
Estonia,2016,80.082596
Estonia,2017,82.83743
Estonia,2018,84.194628
Estonia,2019,86.002166
Estonia,2020,87.073236
Estonia,2021,88.940878
Estonia,2022,85.533795
Estonia,2023,80.258031
Estonia,2024,78.731286
Finland,1970,103.52458
Finland,1971,103.351293
Finland,1972,106.183656
Finland,1973,107.62465
Finland,1974,110.365489
Finland,1975,112.4859
Finland,1976,108.256325
Finland,1977,105.33182
Finland,1978,104.488565
Finland,1979,108.501304
Finland,1980,113.643722
Finland,1981,113.090563
Finland,1982,116.741956
Finland,1983,117.152149
Finland,1984,115.667056
Finland,1985,115.905557
Finland,1986,116.141319
Finland,1987,116.569412
Finland,1988,117.957925
Finland,1989,119.977347
Finland,1990,117.695946
Finland,1991,109.503643
Finland,1992,103.781601
Finland,1993,101.785995
Finland,1994,102.982275
Finland,1995,104.983141
Finland,1996,105.833961
Finland,1997,109.015718
Finland,1998,112.178138
Finland,1999,113.89299
Finland,2000,116.237575
Finland,2001,118.232798
Finland,2002,118.908194
Finland,2003,119.35369
Finland,2004,120.6143
Finland,2005,120.898424
Finland,2006,122.269044
Finland,2007,125.778877
Finland,2008,126.612738
Finland,2009,120.790839
Finland,2010,121.121148
Finland,2011,121.64134
Finland,2012,118.306031
Finland,2013,115.337903
Finland,2014,112.52469
Finland,2015,110.491068
Finland,2016,111.634884
Finland,2017,112.636482
Finland,2018,111.852105
Finland,2019,112.006906
Finland,2020,114.022266
Finland,2021,110.348696
Finland,2022,108.098964
Finland,2023,105.568918
Finland,2024,103.94551
France,1970,120.253157
France,1971,122.496418
France,1972,121.758554
France,1973,122.191116
France,1974,126.576305
France,1975,125.493358
France,1976,125.457106
France,1977,125.8915
France,1978,125.941473
France,1979,126.369042
France,1980,127.437086
France,1981,126.51998
France,1982,129.755593
France,1983,127.967404
France,1984,124.432694
France,1985,122.223723
France,1986,121.823847
France,1987,120.779347
France,1988,121.399533
France,1989,122.40721
France,1990,122.518455
France,1991,122.684849
France,1992,122.181101
France,1993,120.417991
France,1994,120.065922
France,1995,120.171038
France,1996,118.478195
France,1997,117.544978
France,1998,118.549104
France,1999,118.895428
France,2000,118.931865
France,2001,119.512286
France,2002,118.897742
France,2003,117.584925
France,2004,117.025481
France,2005,115.82692
France,2006,115.327643
France,2007,115.302167
France,2008,115.514207
France,2009,116.476168
France,2010,115.45233
France,2011,115.990188
France,2012,114.77067
France,2013,113.846712
France,2014,112.626195
France,2015,111.124903
France,2016,110.285461
France,2017,109.778853
France,2018,109.163153
France,2019,109.726342
France,2020,105.84265
France,2021,106.346203
France,2022,106.090255
France,2023,106.213522
France,2024,105.929674
Germany,1970,127.444264
Germany,1971,127.320198
Germany,1972,126.808536
Germany,1973,126.197725
Germany,1974,127.110749
Germany,1975,127.184778
Germany,1976,129.001748
Germany,1977,130.022007
Germany,1978,129.600451
Germany,1979,131.143331
Germany,1980,132.24485
Germany,1981,130.981382
Germany,1982,131.515299
Germany,1983,131.152156
Germany,1984,130.13371
Germany,1985,129.71059
Germany,1986,129.768292
Germany,1987,127.845789
Germany,1988,127.21759
Germany,1989,127.479256
Germany,1990,130.165431
Germany,1991,134.949662
Germany,1992,134.81504
Germany,1993,131.873208
Germany,1994,131.90969
Germany,1995,131.192987
Germany,1996,129.080593
Germany,1997,127.59216
Germany,1998,127.550803
Germany,1999,127.029808
Germany,2000,126.324556
Germany,2001,127.432078
Germany,2002,125.956892
Germany,2003,123.616734
Germany,2004,122.000671
Germany,2005,120.624299
Germany,2006,122.528597
Germany,2007,123.945208
Germany,2008,125.832537
Germany,2009,124.377184
Germany,2010,126.776643
Germany,2011,129.63521
Germany,2012,129.060484
Germany,2013,127.950902
Germany,2014,128.333914
Germany,2015,127.010764
Germany,2016,127.417361
Germany,2017,127.964542
Germany,2018,127.001724
Germany,2019,126.763753
Germany,2020,127.201323
Germany,2021,125.024935
Germany,2022,123.288623
Germany,2023,119.831354
Germany,2024,117.50438
Greece,1970,90.265283
Greece,1971,94.657684
Greece,1972,99.391472
Greece,1973,101.895859
Greece,1974,94.854992
Greece,1975,100.507332
Greece,1976,101.949978
Greece,1977,100.606665
Greece,1978,102.945414
Greece,1979,102.054988
Greece,1980,101.421266
Greece,1981,97.644412
Greece,1982,96.607031
Greece,1983,93.028899
Greece,1984,90.802254
Greece,1985,90.113917
Greece,1986,88.326537
Greece,1987,83.621169
Greece,1988,83.802103
Greece,1989,84.056296
Greece,1990,81.679107
Greece,1991,82.998048
Greece,1992,81.788257
Greece,1993,79.499086
Greece,1994,78.896843
Greece,1995,78.874132
Greece,1996,77.677007
Greece,1997,77.756888
Greece,1998,78.256145
Greece,1999,78.017881
Greece,2000,78.249124
Greece,2001,80.914091
Greece,2002,83.670164
Greece,2003,87.099016
Greece,2004,89.219488
Greece,2005,88.085459
Greece,2006,91.236528
Greece,2007,92.402791
Greece,2008,92.529824
Greece,2009,92.273803
Greece,2010,84.856675
Greece,2011,75.470759
Greece,2012,69.025172
Greece,2013,67.207371
Greece,2014,67.137876
Greece,2015,66.118152
Greece,2016,65.554901
Greece,2017,65.252638
Greece,2018,65.584286
Greece,2019,66.410969
Greece,2020,63.196184
Greece,2021,65.202035
Greece,2022,67.463458
Greece,2023,68.380893
Greece,2024,69.093613
Hungary,1991,58.106728
Hungary,1992,55.641149
Hungary,1993,55.108037
Hungary,1994,55.627164
Hungary,1995,55.061539
Hungary,1996,53.869508
Hungary,1997,53.973422
Hungary,1998,54.966749
Hungary,1999,55.395325
Hungary,2000,56.078096
Hungary,2001,58.095743
Hungary,2002,60.494072
Hungary,2003,62.193116
Hungary,2004,63.754726
Hungary,2005,65.203448
Hungary,2006,66.24514
Hungary,2007,65.301203
Hungary,2008,66.294056
Hungary,2009,64.572722
Hungary,2010,63.866377
Hungary,2011,64.322345
Hungary,2012,63.343408
Hungary,2013,64.190963
Hungary,2014,66.203402
Hungary,2015,67.536519
Hungary,2016,68.597072
Hungary,2017,70.163467
Hungary,2018,72.967558
Hungary,2019,75.924978
Hungary,2020,76.143172
Hungary,2021,77.419421
Hungary,2022,78.821559
Hungary,2023,77.459799
Hungary,2024,77.216096
Iceland,1970,105.428983
Iceland,1971,115.288321
Iceland,1972,115.657177
Iceland,1973,115.975814
Iceland,1974,120.743998
Iceland,1975,120.675081
Iceland,1976,121.833956
Iceland,1977,128.068849
Iceland,1978,130.206625
Iceland,1979,131.421772
Iceland,1980,137.083598
Iceland,1981,139.411882
Iceland,1982,141.4535
Iceland,1983,133.781818
Iceland,1984,132.580038
Iceland,1985,132.03979
Iceland,1986,136.262079
Iceland,1987,142.143624
Iceland,1988,134.812407
Iceland,1989,129.810935
Iceland,1990,127.483737
Iceland,1991,124.853675
Iceland,1992,117.508571
Iceland,1993,117.039643
Iceland,1994,117.540134
Iceland,1995,114.926389
Iceland,1996,116.521519
Iceland,1997,116.957268
Iceland,1998,121.066218
Iceland,1999,121.120364
Iceland,2000,121.215387
Iceland,2001,123.355753
Iceland,2002,121.892126
Iceland,2003,122.115108
Iceland,2004,126.929195
Iceland,2005,130.884239
Iceland,2006,131.833355
Iceland,2007,137.108263
Iceland,2008,137.364106
Iceland,2009,130.871633
Iceland,2010,126.452766
Iceland,2011,127.215756
Iceland,2012,126.904123
Iceland,2013,128.68603
Iceland,2014,127.673821
Iceland,2015,128.672498
Iceland,2016,133.021737
Iceland,2017,131.570538
Iceland,2018,132.001522
Iceland,2019,129.78554
Iceland,2020,125.134543
Iceland,2021,122.442616
Iceland,2022,126.914642
Iceland,2023,128.821716
Iceland,2024,123.74934
Ireland,1970,75.31804
Ireland,1971,75.392978
Ireland,1972,75.856626
Ireland,1973,74.475084
Ireland,1974,76.276374
Ireland,1975,79.682204
Ireland,1976,76.496055
Ireland,1977,79.489663
Ireland,1978,81.31444
Ireland,1979,80.148319
Ireland,1980,81.563034
Ireland,1981,82.138177
Ireland,1982,83.701501
Ireland,1983,81.17141
Ireland,1984,80.897924
Ireland,1985,80.771548
Ireland,1986,78.662154
Ireland,1987,79.995206
Ireland,1988,81.449706
Ireland,1989,84.222378
Ireland,1990,89.496815
Ireland,1991,90.15645
Ireland,1992,91.092501
Ireland,1993,92.4211
Ireland,1994,95.210063
Ireland,1995,102.044145
Ireland,1996,106.179026
Ireland,1997,113.269684
Ireland,1998,118.917675
Ireland,1999,126.750041
Ireland,2000,132.356824
Ireland,2001,136.306554
Ireland,2002,140.63315
Ireland,2003,140.557702
Ireland,2004,143.738022
Ireland,2005,145.423934
Ireland,2006,145.1808
Ireland,2007,145.536419
Ireland,2008,136.517634
Ireland,2009,133.824448
Ireland,2010,132.26481
Ireland,2011,131.887927
Ireland,2012,129.810682
Ireland,2013,130.569963
Ireland,2014,139.635822
Ireland,2015,169.06777
Ireland,2016,167.010011
Ireland,2017,177.468774
Ireland,2018,185.155465
Ireland,2019,189.246145
Ireland,2020,209.234804
Ireland,2021,227.13639
Ireland,2022,233.126575
Ireland,2023,220.745034
Ireland,2024,220.104054
Israel,1995,81.967268
Israel,1996,81.91483
Israel,1997,80.360563
Israel,1998,79.733631
Israel,1999,78.223352
Israel,2000,79.841771
Israel,2001,77.619425
Israel,2002,75.374836
Israel,2003,74.478889
Israel,2004,74.714251
Israel,2005,75.110791
Israel,2006,75.904117
Israel,2007,77.601694
Israel,2008,78.625694
Israel,2009,81.529769
Israel,2010,82.456788
Israel,2011,84.018078
Israel,2012,83.732599
Israel,2013,84.683983
Israel,2014,84.963337
Israel,2015,83.601077
Israel,2016,84.68542
Israel,2017,84.960415
Israel,2018,85.287172
Israel,2019,85.932873
Israel,2020,86.604663
Israel,2021,88.018
Israel,2022,89.520807
Israel,2023,88.451913
Israel,2024,87.128293
Italy,1970,120.714857
Italy,1971,119.476056
Italy,1972,118.186087
Italy,1973,119.805771
Italy,1974,125.399941
Italy,1975,122.718708
Italy,1976,125.838827
Italy,1977,125.091966
Italy,1978,124.390156
Italy,1979,127.723282
Italy,1980,131.426646
Italy,1981,130.593836
Italy,1982,131.972985
Italy,1983,130.682093
Italy,1984,129.6866
Italy,1985,129.524371
Italy,1986,130.337196
Italy,1987,130.706645
Italy,1988,131.279304
Italy,1989,131.748832
Italy,1990,131.374907
Italy,1991,132.455866
Italy,1992,131.605819
Italy,1993,129.525277
Italy,1994,129.292035
Italy,1995,130.596648
Italy,1996,129.099298
Italy,1997,127.701473
Italy,1998,127.159533
Italy,1999,126.021769
Italy,2000,126.54412
Italy,2001,128.128188
Italy,2002,127.127137
Italy,2003,124.792309
Italy,2004,122.484314
Italy,2005,120.075178
Italy,2006,118.825859
Italy,2007,117.55129
Italy,2008,115.85392
Italy,2009,113.74339
Italy,2010,112.259916
Italy,2011,111.005642
Italy,2012,106.420317
Italy,2013,103.140772
Italy,2014,101.528554
Italy,2015,100.591401
Italy,2016,100.77154
Italy,2017,100.426142
Italy,2018,99.717992
Italy,2019,99.291443
Italy,2020,95.085077
Italy,2021,98.323618
Italy,2022,100.680119
Italy,2023,100.644298
Italy,2024,100.198016
Japan,1970,87.049373
Japan,1971,88.132728
Japan,1972,90.4365
Japan,1973,90.956616
Japan,1974,88.49829
Japan,1975,90.617043
Japan,1976,89.634712
Japan,1977,90.19063
Japan,1978,90.945477
Japan,1979,92.460504
Japan,1980,94.02671
Japan,1981,96.036134
Japan,1982,99.184269
Japan,1983,99.95959
Japan,1984,99.717766
Japan,1985,101.284276
Japan,1986,101.841547
Japan,1987,103.091933
Japan,1988,105.609601
Japan,1989,107.242193
Japan,1990,109.662186
Japan,1991,112.39221
Japan,1992,111.368682
Japan,1993,109.783441
Japan,1994,108.30823
Japan,1995,108.852396
Japan,1996,109.294289
Japan,1997,106.910661
Japan,1998,102.995048
Japan,1999,99.882482
Japan,2000,99.071619
Japan,2001,98.549854
Japan,2002,97.540306
Japan,2003,97.501523
Japan,2004,97.014081
Japan,2005,96.635515
Japan,2006,95.548541
Japan,2007,95.015123
Japan,2008,94.12873
Japan,2009,92.578353
Japan,2010,94.091226
Japan,2011,92.893591
Japan,2012,93.652878
Japan,2013,94.652313
Japan,2014,93.516303
Japan,2015,93.243489
Japan,2016,92.918176
Japan,2017,92.65665
Japan,2018,91.835217
Japan,2019,90.659107
Japan,2020,91.183266
Japan,2021,88.580702
Japan,2022,87.557658
Japan,2023,88.336025
Japan,2024,87.771962
Korea,1970,14.603709
Korea,1971,15.473115
Korea,1972,15.638675
Korea,1973,16.829916
Korea,1974,18.115834
Korea,1975,19.331952
Korea,1976,20.730351
Korea,1977,22.325259
Korea,1978,23.607674
Korea,1979,24.572215
Korea,1980,23.749904
Korea,1981,24.779173
Korea,1982,26.650398
Korea,1983,29.175042
Korea,1984,30.657269
Korea,1985,31.844182
Korea,1986,34.394589
Korea,1987,37.368278
Korea,1988,40.017965
Korea,1989,41.249138
Korea,1990,43.976343
Korea,1991,47.985204
Korea,1992,49.785379
Korea,1993,52.373727
Korea,1994,55.425756
Korea,1995,59.115609
Korea,1996,61.695836
Korea,1997,63.075553
Korea,1998,58.242371
Korea,1999,62.925703
Korea,2000,65.899657
Korea,2001,68.024974
Korea,2002,72.245035
Korea,2003,73.067203
Korea,2004,74.595684
Korea,2005,76.020215
Korea,2006,77.67944
Korea,2007,80.244872
Korea,2008,82.314412
Korea,2009,86.098378
Korea,2010,89.489306
Korea,2011,90.733908
Korea,2012,91.848229
Korea,2013,93.411471
Korea,2014,94.328089
Korea,2015,94.698112
Korea,2016,96.115159
Korea,2017,97.054452
Korea,2018,97.984671
Korea,2019,98.805819
Korea,2020,102.459194
Korea,2021,101.354758
Korea,2022,101.696012
Korea,2023,102.141073
Korea,2024,103.174306
Latvia,1995,30.173758
Latvia,1996,30.455339
Latvia,1997,32.59886
Latvia,1998,34.312863
Latvia,1999,34.67744
Latvia,2000,35.831195
Latvia,2001,38.373769
Latvia,2002,41.445535
Latvia,2003,44.754984
Latvia,2004,47.94366
Latvia,2005,52.934999
Latvia,2006,58.81832
Latvia,2007,64.218241
Latvia,2008,62.922796
Latvia,2009,56.011016
Latvia,2010,53.80982
Latvia,2011,55.655002
Latvia,2012,59.996376
Latvia,2013,61.213758
Latvia,2014,62.102105
Latvia,2015,63.741939
Latvia,2016,65.15524
Latvia,2017,66.572675
Latvia,2018,68.772514
Latvia,2019,68.943939
Latvia,2020,70.046174
Latvia,2021,71.34871
Latvia,2022,70.829673
Latvia,2023,69.598275
Latvia,2024,69.357862
Lithuania,1995,34.304757
Lithuania,1996,35.421439
Lithuania,1997,37.524906
Lithuania,1998,39.740699
Lithuania,1999,38.589502
Lithuania,2000,38.866477
Lithuania,2001,41.447779
Lithuania,2002,44.207226
Lithuania,2003,48.59539
Lithuania,2004,51.0037
Lithuania,2005,54.654409
Lithuania,2006,58.209522
Lithuania,2007,64.185121
Lithuania,2008,66.764547
Lithuania,2009,59.953966
Lithuania,2010,60.034975
Lithuania,2011,64.336306
Lithuania,2012,67.510047
Lithuania,2013,70.131088
Lithuania,2014,72.236404
Lithuania,2015,73.494948
Lithuania,2016,75.403961
Lithuania,2017,78.167612
Lithuania,2018,81.267932
Lithuania,2019,84.377406
Lithuania,2020,88.295548
Lithuania,2021,88.768871
Lithuania,2022,88.007559
Lithuania,2023,86.165095
Lithuania,2024,87.002503
Luxembourg,1970,208.453658
Luxembourg,1971,207.054211
Luxembourg,1972,209.194748
Luxembourg,1973,213.468255
Luxembourg,1974,219.280067
Luxembourg,1975,203.758634
Luxembourg,1976,199.982292
Luxembourg,1977,197.329964
Luxembourg,1978,198.186617
Luxembourg,1979,196.637659
Luxembourg,1980,196.921669
Luxembourg,1981,192.699118
Luxembourg,1982,196.133881
Luxembourg,1983,197.726973
Luxembourg,1984,201.728923
Luxembourg,1985,201.192646
Luxembourg,1986,215.489626
Luxembourg,1987,216.302353
Luxembourg,1988,224.323932
Luxembourg,1989,236.918153
Luxembourg,1990,241.423963
Luxembourg,1991,257.200908
Luxembourg,1992,254.659092
Luxembourg,1993,259.860215
Luxembourg,1994,259.898984
Luxembourg,1995,255.211452
Luxembourg,1996,249.471547
Luxembourg,1997,252.087888
Luxembourg,1998,259.794319
Luxembourg,1999,270.066464
Luxembourg,2000,275.687375
Luxembourg,2001,279.125834
Luxembourg,2002,282.596298
Luxembourg,2003,282.47565
Luxembourg,2004,283.004045
Luxembourg,2005,279.445666
Luxembourg,2006,284.731508
Luxembourg,2007,297.048514
Luxembourg,2008,292.002839
Luxembourg,2009,289.323666
Luxembourg,2010,287.736306
Luxembourg,2011,279.940524
Luxembourg,2012,275.961805
Luxembourg,2013,274.473057
Luxembourg,2014,270.858515
Luxembourg,2015,266.346034
Luxembourg,2016,269.198365
Luxembourg,2017,261.268725
Luxembourg,2018,255.830952
Luxembourg,2019,254.655579
Luxembourg,2020,260.902799
Luxembourg,2021,259.36412
Luxembourg,2022,244.681848
Luxembourg,2023,237.822329
Luxembourg,2024,232.140614
Mexico,1970,61.155356
Mexico,1971,60.154872
Mexico,1972,60.581533
Mexico,1973,60.548228
Mexico,1974,62.141062
Mexico,1975,63.974715
Mexico,1976,62.263461
Mexico,1977,60.888509
Mexico,1978,61.929909
Mexico,1979,63.880091
Mexico,1980,66.866991
Mexico,1981,70.119203
Mexico,1982,68.51641
Mexico,1983,62.768871
Mexico,1984,61.170812
Mexico,1985,59.804727
Mexico,1986,55.161874
Mexico,1987,53.513034
Mexico,1988,51.212088
Mexico,1989,50.825602
Mexico,1990,51.251456
Mexico,1991,52.153534
Mexico,1992,52.38734
Mexico,1993,52.892876
Mexico,1994,53.124751
Mexico,1995,48.328151
Mexico,1996,49.36057
Mexico,1997,50.677397
Mexico,1998,51.964567
Mexico,1999,51.416457
Mexico,2000,51.60745
Mexico,2001,50.415863
Mexico,2002,49.240465
Mexico,2003,48.530532
Mexico,2004,48.408542
Mexico,2005,47.830684
Mexico,2006,48.257827
Mexico,2007,47.661406
Mexico,2008,47.614862
Mexico,2009,45.887476
Mexico,2010,46.399484
Mexico,2011,46.743817
Mexico,2012,47.481926
Mexico,2013,46.819097
Mexico,2014,46.708056
Mexico,2015,46.505879
Mexico,2016,46.215553
Mexico,2017,45.566163
Mexico,2018,45.097932
Mexico,2019,43.850105
Mexico,2020,41.550957
Mexico,2021,41.21233
Mexico,2022,41.354907
Mexico,2023,41.95157
Mexico,2024,41.787255
Netherlands,1970,142.650201
Netherlands,1971,143.56217
Netherlands,1972,139.749269
Netherlands,1973,139.710433
Netherlands,1974,144.330516
Netherlands,1975,144.057856
Netherlands,1976,144.028192
Netherlands,1977,142.030565
Netherlands,1978,139.652731
Netherlands,1979,137.529011
Netherlands,1980,140.422578
Netherlands,1981,136.511029
Netherlands,1982,135.142999
Netherlands,1983,134.535346
Netherlands,1984,132.819428
Netherlands,1985,131.816404
Netherlands,1986,131.837857
Netherlands,1987,129.745502
Netherlands,1988,128.592765
Netherlands,1989,129.682912
Netherlands,1990,131.318134
Netherlands,1991,132.631825
Netherlands,1992,131.972116
Netherlands,1993,131.794
Netherlands,1994,131.842313
Netherlands,1995,132.792167
Netherlands,1996,133.382422
Netherlands,1997,134.31581
Netherlands,1998,136.680213
Netherlands,1999,139.034788
Netherlands,2000,139.125302
Netherlands,2001,140.340928
Netherlands,2002,138.590064
Netherlands,2003,136.183855
Netherlands,2004,134.909896
Netherlands,2005,134.395623
Netherlands,2006,135.594095
Netherlands,2007,137.877323
Netherlands,2008,140.733199
Netherlands,2009,140.66106
Netherlands,2010,138.441668
Netherlands,2011,138.191205
Netherlands,2012,135.287995
Netherlands,2013,133.383348
Netherlands,2014,132.955075
Netherlands,2015,132.54948
Netherlands,2016,133.381366
Netherlands,2017,133.42131
Netherlands,2018,133.296172
Netherlands,2019,133.98557
Netherlands,2020,133.942908
Netherlands,2021,133.737356
Netherlands,2022,135.609055
Netherlands,2023,132.068123
Netherlands,2024,131.061324
New Zealand,1970,119.822562
New Zealand,1971,119.583647
New Zealand,1972,118.576236
New Zealand,1973,119.403779
New Zealand,1974,123.845246
New Zealand,1975,120.18938
New Zealand,1976,115.610886
New Zealand,1977,107.688008
New Zealand,1978,104.390962
New Zealand,1979,103.379125
New Zealand,1980,104.185487
New Zealand,1981,107.139477
New Zealand,1982,108.002351
New Zealand,1983,107.982635
New Zealand,1984,107.742436
New Zealand,1985,105.944443
New Zealand,1986,99.624572
New Zealand,1987,97.756763
New Zealand,1988,96.052929
New Zealand,1989,93.1951
New Zealand,1990,90.826124
New Zealand,1991,85.474956
New Zealand,1992,84.481989
New Zealand,1993,88.265783
New Zealand,1994,90.039395
New Zealand,1995,90.485871
New Zealand,1996,89.913908
New Zealand,1997,89.00318
New Zealand,1998,87.485993
New Zealand,1999,89.211561
New Zealand,2000,87.709556
New Zealand,2001,89.709908
New Zealand,2002,91.773827
New Zealand,2003,92.987848
New Zealand,2004,92.267292
New Zealand,2005,92.120282
New Zealand,2006,90.897387
New Zealand,2007,91.631728
New Zealand,2008,89.915369
New Zealand,2009,94.63622
New Zealand,2010,92.302722
New Zealand,2011,92.572839
New Zealand,2012,93.779716
New Zealand,2013,93.569859
New Zealand,2014,93.811973
New Zealand,2015,93.87875
New Zealand,2016,94.210621
New Zealand,2017,94.294331
New Zealand,2018,94.629059
New Zealand,2019,94.289061
New Zealand,2020,97.302629
New Zealand,2021,95.997895
New Zealand,2022,96.872835
New Zealand,2023,94.751293
New Zealand,2024,91.987848
Norway,1970,120.649116
Norway,1971,123.650677
Norway,1972,124.004474
Norway,1973,122.623101
Norway,1974,126.492825
Norway,1975,132.753716
Norway,1976,134.511998
Norway,1977,135.804379
Norway,1978,135.812927
Norway,1979,137.288171
Norway,1980,142.657392
Norway,1981,142.518477
Norway,1982,143.327968
Norway,1983,145.452974
Norway,1984,147.900503
Norway,1985,151.243786
Norway,1986,153.433221
Norway,1987,151.013826
Norway,1988,144.509223
Norway,1989,141.23185
Norway,1990,140.409841
Norway,1991,143.154371
Norway,1992,145.338097
Norway,1993,147.571027
Norway,1994,150.650799
Norway,1995,153.272457
Norway,1996,156.275793
Norway,1997,158.89199
Norway,1998,158.670127
Norway,1999,156.789555
Norway,2000,155.645335
Norway,2001,156.987873
Norway,2002,156.951497
Norway,2003,155.339364
Norway,2004,156.525931
Norway,2005,156.235879
Norway,2006,154.96585
Norway,2007,154.85114
Norway,2008,154.203628
Norway,2009,155.693689
Norway,2010,151.335592
Norway,2011,148.827032
Norway,2012,149.704893
Norway,2013,147.782286
Norway,2014,146.828701
Norway,2015,145.155095
Norway,2016,143.762143
Norway,2017,143.090325
Norway,2018,140.854094
Norway,2019,139.924009
Norway,2020,143.618626
Norway,2021,140.178643
Norway,2022,139.828945
Norway,2023,136.878901
Norway,2024,136.81021
OECD,1970,100.0
OECD,1971,100.0
OECD,1972,100.0
OECD,1973,100.0
OECD,1974,100.0
OECD,1975,100.0
OECD,1976,100.0
OECD,1977,100.0
OECD,1978,100.0
OECD,1979,100.0
OECD,1980,100.0
OECD,1981,100.0
OECD,1982,100.0
OECD,1983,100.0
OECD,1984,100.0
OECD,1985,100.0
OECD,1986,100.0
OECD,1987,100.0
OECD,1988,100.0
OECD,1989,100.0
OECD,1990,100.0
OECD,1991,100.0
OECD,1992,100.0
OECD,1993,100.0
OECD,1994,100.0
OECD,1995,100.0
OECD,1996,100.0
OECD,1997,100.0
OECD,1998,100.0
OECD,1999,100.0
OECD,2000,100.0
OECD,2001,100.0
OECD,2002,100.0
OECD,2003,100.0
OECD,2004,100.0
OECD,2005,100.0
OECD,2006,100.0
OECD,2007,100.0
OECD,2008,100.0
OECD,2009,100.0
OECD,2010,100.0
OECD,2011,100.0
OECD,2012,100.0
OECD,2013,100.0
OECD,2014,100.0
OECD,2015,100.0
OECD,2016,100.0
OECD,2017,100.0
OECD,2018,100.0
OECD,2019,100.0
OECD,2020,100.0
OECD,2021,100.0
OECD,2022,100.0
OECD,2023,100.0
OECD,2024,100.0
OECD (26 countries),1970,106.984758
OECD (26 countries),1971,106.984758
OECD (26 countries),1972,106.984758
OECD (26 countries),1973,106.984758
OECD (26 countries),1974,106.984758
OECD (26 countries),1975,106.984758
OECD (26 countries),1976,106.984758
OECD (26 countries),1977,106.984758
OECD (26 countries),1978,106.984758
OECD (26 countries),1979,106.984758
OECD (26 countries),1980,106.984758
OECD (26 countries),1981,106.984758
OECD (26 countries),1982,106.984758
OECD (26 countries),1983,106.984758
OECD (26 countries),1984,106.984758
OECD (26 countries),1985,106.984758
OECD (26 countries),1986,106.984758
OECD (26 countries),1987,106.984758
OECD (26 countries),1988,106.984758
OECD (26 countries),1989,106.984758
OECD (26 countries),1990,106.984758
OECD (26 countries),1991,106.984758
OECD (26 countries),1992,106.984758
OECD (26 countries),1993,106.984758
OECD (26 countries),1994,106.984758
OECD (26 countries),1995,106.984758
OECD (26 countries),1996,106.927021
OECD (26 countries),1997,106.880634
OECD (26 countries),1998,106.862639
OECD (26 countries),1999,106.968636
OECD (26 countries),2000,106.948205
OECD (26 countries),2001,106.881774
OECD (26 countries),2002,106.804612
OECD (26 countries),2003,106.678329
OECD (26 countries),2004,106.546238
OECD (26 countries),2005,106.415166
OECD (26 countries),2006,106.208109
OECD (26 countries),2007,105.974837
OECD (26 countries),2008,105.775894
OECD (26 countries),2009,105.636272
OECD (26 countries),2010,105.570614
OECD (26 countries),2011,105.36911
OECD (26 countries),2012,105.296368
OECD (26 countries),2013,105.242336
OECD (26 countries),2014,105.162942
OECD (26 countries),2015,105.078783
OECD (26 countries),2016,105.009656
OECD (26 countries),2017,104.949838
OECD (26 countries),2018,104.840749
OECD (26 countries),2019,104.77263
OECD (26 countries),2020,104.780692
OECD (26 countries),2021,104.679177
OECD (26 countries),2022,104.663293
OECD (26 countries),2023,104.744417
OECD (26 countries),2024,104.707559
Poland,1990,40.068004
Poland,1991,36.955341
Poland,1992,37.281786
Poland,1993,38.366695
Poland,1994,39.451555
Poland,1995,41.400386
Poland,1996,42.839577
Poland,1997,44.238773
Poland,1998,45.292489
Poland,1999,46.245692
Poland,2000,46.821879
Poland,2001,47.086375
Poland,2002,47.593208
Poland,2003,48.642201
Poland,2004,49.833261
Poland,2005,50.382452
Poland,2006,52.262819
Poland,2007,54.757346
Poland,2008,57.355603
Poland,2009,61.31511
Poland,2010,61.945498
Poland,2011,64.234667
Poland,2012,64.691934
Poland,2013,64.471456
Poland,2014,66.006872
Poland,2015,67.637784
Poland,2016,68.874305
Poland,2017,70.891839
Poland,2018,74.032514
Poland,2019,76.589454
Poland,2020,80.1123
Poland,2021,81.321317
Poland,2022,81.664998
Poland,2023,81.328647
Poland,2024,83.033246
Portugal,1970,69.615598
Portugal,1971,73.133273
Portugal,1972,75.904442
Portugal,1973,80.387101
Portugal,1974,80.073041
Portugal,1975,74.141935
Portugal,1976,74.111498
Portugal,1977,75.374026
Portugal,1978,74.102436
Portugal,1979,75.266756
Portugal,1980,77.635147
Portugal,1981,77.17668
Portugal,1982,78.88715
Portugal,1983,76.774099
Portugal,1984,72.190307
Portugal,1985,71.968958
Portugal,1986,73.326515
Portugal,1987,75.943743
Portugal,1988,78.931848
Portugal,1989,81.868543
Portugal,1990,83.598185
Portugal,1991,86.966975
Portugal,1992,86.695394
Portugal,1993,84.257958
Portugal,1994,82.946954
Portugal,1995,84.681685
Portugal,1996,85.196934
Portugal,1997,85.981931
Portugal,1998,87.723832
Portugal,1999,88.358245
Portugal,2000,88.087064
Portugal,2001,88.567059
Portugal,2002,88.001373
Portugal,2003,85.66568
Portugal,2004,84.769511
Portugal,2005,83.449782
Portugal,2006,82.621406
Portugal,2007,82.917299
Portugal,2008,83.349503
Portugal,2009,84.124194
Portugal,2010,83.527847
Portugal,2011,80.887168
Portugal,2012,77.330635
Portugal,2013,76.150566
Portugal,2014,75.922641
Portugal,2015,75.907604
Portugal,2016,76.661813
Portugal,2017,77.662646
Portugal,2018,78.613758
Portugal,2019,79.732114
Portugal,2020,76.312616
Portugal,2021,75.908424
Portugal,2022,78.709994
Portugal,2023,79.467393
Portugal,2024,79.335281
Slovak Republic,1992,42.039486
Slovak Republic,1993,42.406358
Slovak Republic,1994,43.838816
Slovak Republic,1995,45.414616
Slovak Republic,1996,46.931874
Slovak Republic,1997,47.982944
Slovak Republic,1998,48.675524
Slovak Republic,1999,47.185575
Slovak Republic,2000,45.947922
Slovak Republic,2001,47.158091
Slovak Republic,2002,48.826878
Slovak Republic,2003,50.490419
Slovak Republic,2004,51.824262
Slovak Republic,2005,53.95707
Slovak Republic,2006,57.321901
Slovak Republic,2007,62.248939
Slovak Republic,2008,65.701353
Slovak Republic,2009,64.600204
Slovak Republic,2010,67.207375
Slovak Republic,2011,68.324253
Slovak Republic,2012,68.760557
Slovak Republic,2013,68.404154
Slovak Republic,2014,69.09878
Slovak Republic,2015,71.215457
Slovak Republic,2016,71.596286
Slovak Republic,2017,72.007218
Slovak Republic,2018,73.536925
Slovak Republic,2019,74.285714
Slovak Republic,2020,75.572895
Slovak Republic,2021,75.682514
Slovak Republic,2022,73.959934
Slovak Republic,2023,74.724364
Slovak Republic,2024,75.254327
Slovenia,1995,71.647111
Slovenia,1996,71.899519
Slovenia,1997,73.55503
Slovenia,1998,74.318919
Slovenia,1999,76.215037
Slovenia,2000,76.06464
Slovenia,2001,77.589341
Slovenia,2002,79.326523
Slovenia,2003,80.688934
Slovenia,2004,82.163159
Slovenia,2005,83.356669
Slovenia,2006,85.861374
Slovenia,2007,89.74769
Slovenia,2008,92.95209
Slovenia,2009,88.71033
Slovenia,2010,87.274034
Slovenia,2011,86.394283
Slovenia,2012,83.073206
Slovenia,2013,81.381192
Slovenia,2014,82.245976
Slovenia,2015,82.519691
Slovenia,2016,83.921731
Slovenia,2017,86.361076
Slovenia,2018,88.325941
Slovenia,2019,89.679418
Slovenia,2020,89.358975
Slovenia,2021,91.279316
Slovenia,2022,91.290461
Slovenia,2023,91.990824
Slovenia,2024,92.203143
Spain,1970,90.47093
Spain,1971,91.613551
Spain,1972,94.211099
Spain,1973,95.879763
Spain,1974,100.15963
Spain,1975,100.207036
Spain,1976,98.415335
Spain,1977,97.349099
Spain,1978,94.40918
Spain,1979,90.973822
Spain,1980,91.703693
Spain,1981,89.809144
Spain,1982,91.074263
Spain,1983,90.326021
Spain,1984,88.04589
Spain,1985,87.232068
Spain,1986,87.852461
Spain,1987,89.899692
Spain,1988,90.917494
Spain,1989,92.402739
Spain,1990,93.698675
Spain,1991,95.332678
Spain,1992,94.62488
Spain,1993,92.814974
Spain,1994,92.711131
Spain,1995,93.395176
Spain,1996,93.112543
Spain,1997,93.26784
Spain,1998,94.789386
Spain,1999,96.108733
Spain,2000,97.330974
Spain,2001,99.94204
Spain,2002,100.199418
Spain,2003,99.868294
Spain,2004,98.798194
Spain,2005,98.275954
Spain,2006,98.225643
Spain,2007,97.829885
Spain,2008,97.314094
Spain,2009,96.847074
Spain,2010,94.254319
Spain,2011,91.940947
Spain,2012,88.59713
Spain,2013,86.692854
Spain,2014,86.925883
Spain,2015,88.793015
Spain,2016,90.172428
Spain,2017,90.672649
Spain,2018,90.843224
Spain,2019,90.882873
Spain,2020,84.181239
Spain,2021,84.810044
Spain,2022,87.139673
Spain,2023,87.310658
Spain,2024,88.339643
Sweden,1970,138.5522
Sweden,1971,135.661809
Sweden,1972,132.743078
Sweden,1973,131.242007
Sweden,1974,134.857384
Sweden,1975,138.534078
Sweden,1976,134.1895
Sweden,1977,128.079553
Sweden,1978,125.607226
Sweden,1979,126.469134
Sweden,1980,127.976521
Sweden,1981,126.693572
Sweden,1982,129.094556
Sweden,1983,128.741072
Sweden,1984,128.907521
Sweden,1985,127.785415
Sweden,1986,128.076758
Sweden,1987,128.225295
Sweden,1988,126.255832
Sweden,1989,125.057793
Sweden,1990,122.349783
Sweden,1991,119.405305
Sweden,1992,115.653994
Sweden,1993,111.93652
Sweden,1994,112.881422
Sweden,1995,114.779106
Sweden,1996,113.736223
Sweden,1997,113.764585
Sweden,1998,115.966192
Sweden,1999,117.723917
Sweden,2000,118.933564
Sweden,2001,119.396202
Sweden,2002,120.661877
Sweden,2003,120.82749
Sweden,2004,122.177206
Sweden,2005,122.450512
Sweden,2006,124.32201
Sweden,2007,125.024692
Sweden,2008,123.326881
Sweden,2009,122.095627
Sweden,2010,124.98772
Sweden,2011,126.094422
Sweden,2012,123.712695
Sweden,2013,122.703474
Sweden,2014,122.328917
Sweden,2015,123.912762
Sweden,2016,123.528722
Sweden,2017,121.468921
Sweden,2018,120.08426
Sweden,2019,120.572866
Sweden,2020,122.818799
Sweden,2021,121.320279
Sweden,2022,118.492583
Sweden,2023,116.210634
Sweden,2024,115.436093
Switzerland,1970,232.505682
Switzerland,1971,233.478744
Switzerland,1972,229.077676
Switzerland,1973,223.51314
Switzerland,1974,225.79579
Switzerland,1975,212.357793
Switzerland,1976,203.655014
Switzerland,1977,203.599268
Switzerland,1978,197.104182
Switzerland,1979,195.764386
Switzerland,1980,203.044014
Switzerland,1981,202.156202
Switzerland,1982,199.721005
Switzerland,1983,196.355345
Switzerland,1984,193.799678
Switzerland,1985,194.42031
Switzerland,1986,192.578533
Switzerland,1987,188.813641
Switzerland,1988,186.582677
Switzerland,1989,187.649936
Switzerland,1990,188.323562
Switzerland,1991,183.208377
Switzerland,1992,178.878089
Switzerland,1993,176.287214
Switzerland,1994,173.297196
Switzerland,1995,169.438037
Switzerland,1996,165.346398
Switzerland,1997,163.702299
Switzerland,1998,164.469927
Switzerland,1999,162.143001
Switzerland,2000,162.158583
Switzerland,2001,162.797832
Switzerland,2002,160.139442
Switzerland,2003,156.752034
Switzerland,2004,155.83614
Switzerland,2005,155.772041
Switzerland,2006,157.245307
Switzerland,2007,158.870684
Switzerland,2008,161.973559
Switzerland,2009,163.18051
Switzerland,2010,163.239941
Switzerland,2011,162.317657
Switzerland,2012,161.209814
Switzerland,2013,160.439449
Switzerland,2014,159.707247
Switzerland,2015,157.238932
Switzerland,2016,156.820071
Switzerland,2017,154.182257
Switzerland,2018,154.742957
Switzerland,2019,153.686014
Switzerland,2020,156.091998
Switzerland,2021,154.46696
Switzerland,2022,153.863762
Switzerland,2023,151.001042
Switzerland,2024,149.475583
Türkiye,1970,39.264239
Türkiye,1971,39.481545
Türkiye,1972,39.687651
Türkiye,1973,38.080298
Türkiye,1974,39.164229
Türkiye,1975,41.106969
Türkiye,1976,42.789205
Türkiye,1977,42.188359
Türkiye,1978,40.547087
Türkiye,1979,38.359134
Türkiye,1980,36.543564
Türkiye,1981,36.892488
Türkiye,1982,37.527926
Türkiye,1983,37.622967
Türkiye,1984,37.656993
Türkiye,1985,37.211753
Türkiye,1986,38.07163
Türkiye,1987,39.823219
Türkiye,1988,38.559319
Türkiye,1989,36.91107
Türkiye,1990,38.798442
Türkiye,1991,38.271329
Türkiye,1992,39.329833
Türkiye,1993,41.530883
Türkiye,1994,37.774209
Türkiye,1995,39.14091
Türkiye,1996,40.248147
Türkiye,1997,41.401505
Türkiye,1998,41.169492
Türkiye,1999,38.273442
Türkiye,2000,39.021485
Türkiye,2001,36.027008
Türkiye,2002,37.538976
Türkiye,2003,38.694094
Türkiye,2004,40.907812
Türkiye,2005,43.099582
Türkiye,2006,44.429547
Türkiye,2007,45.218814
Türkiye,2008,45.169485
Türkiye,2009,44.217296
Türkiye,2010,46.10617
Türkiye,2011,49.785207
Türkiye,2012,51.113511
Türkiye,2013,54.146614
Türkiye,2014,55.192877
Türkiye,2015,56.654058
Türkiye,2016,57.042406
Türkiye,2017,59.260344
Türkiye,2018,59.186959
Türkiye,2019,58.17835
Türkiye,2020,61.370788
Türkiye,2021,64.003557
Türkiye,2022,65.204019
Türkiye,2023,67.541394
Türkiye,2024,68.713382
United Kingdom,1970,112.099526
United Kingdom,1971,111.080862
United Kingdom,1972,110.105967
United Kingdom,1973,112.319104
United Kingdom,1974,110.256767
United Kingdom,1975,110.132006
United Kingdom,1976,108.938622
United Kingdom,1977,108.594055
United Kingdom,1978,108.564723
United Kingdom,1979,108.287701
United Kingdom,1980,105.433411
United Kingdom,1981,102.601123
United Kingdom,1982,105.606328
United Kingdom,1983,107.102551
United Kingdom,1984,105.564517
United Kingdom,1985,106.012587
United Kingdom,1986,107.631493
United Kingdom,1987,109.149643
United Kingdom,1988,110.345194
United Kingdom,1989,109.327167
United Kingdom,1990,107.514023
United Kingdom,1991,105.111984
United Kingdom,1992,104.68814
United Kingdom,1993,107.371835
United Kingdom,1994,109.85955
United Kingdom,1995,111.3535
United Kingdom,1996,111.220409
United Kingdom,1997,112.973507
United Kingdom,1998,113.805898
United Kingdom,1999,113.804966
United Kingdom,2000,114.640738
United Kingdom,2001,116.142856
United Kingdom,2002,116.615878
United Kingdom,2003,118.180338
United Kingdom,2004,117.227504
United Kingdom,2005,117.017524
United Kingdom,2006,115.915734
United Kingdom,2007,116.102857
United Kingdom,2008,115.495761
United Kingdom,2009,114.108986
United Kingdom,2010,113.028839
United Kingdom,2011,111.395357
United Kingdom,2012,111.480025
United Kingdom,2013,111.411758
United Kingdom,2014,112.314134
United Kingdom,2015,111.680689
United Kingdom,2016,111.846621
United Kingdom,2017,112.19435
United Kingdom,2018,111.424398
United Kingdom,2019,111.012128
United Kingdom,2020,104.246465
United Kingdom,2021,106.479403
United Kingdom,2022,108.098245
United Kingdom,2023,105.859732
United Kingdom,2024,104.718074
United States,1970,138.274137
United States,1971,137.73803
United States,1972,137.615712
United States,1973,137.193543
United States,1974,135.018323
United States,1975,134.174702
United States,1976,134.718735
United States,1977,135.823162
United States,1978,137.100011
United States,1979,135.947101
United States,1980,133.625617
United States,1981,133.850111
United States,1982,131.095842
United States,1983,133.032156
United States,1984,135.982602
United States,1985,136.445311
United States,1986,136.864368
United States,1987,136.391504
United States,1988,135.792248
United States,1989,135.468823
United States,1990,133.556617
United States,1991,130.851545
United States,1992,131.765757
United States,1993,132.743542
United States,1994,133.342552
United States,1995,132.845404
United States,1996,132.946314
United States,1997,133.22893
United States,1998,134.617094
United States,1999,135.954422
United States,2000,135.349267
United States,2001,134.376299
United States,2002,134.205087
United States,2003,134.816056
United States,2004,135.203859
United States,2005,135.657474
United States,2006,134.80191
United States,2007,133.599002
United States,2008,132.958769
United States,2009,133.893249
United States,2010,133.130827
United States,2011,132.191885
United States,2012,133.144938
United States,2013,133.476411
United States,2014,133.673529
United States,2015,133.887385
United States,2016,133.608331
United States,2017,133.09433
United States,2018,133.887005
United States,2019,135.131189
United States,2020,137.699985
United States,2021,137.641748
United States,2022,136.789593
United States,2023,138.116541
United States,2024,139.030873
