country,year,Gender gap in managerial positions,Gender gap in political representation,Gender gap in top management positions,Lack of confidence in the judicial system and courts - Female - Percentage of population,Legal discrimination on access to justice,Legal discrimination on financial assets,Legal discrimination on freedom of movement,Legal discrimination on inheritance,Legal discrimination on violence against women,Legal discrimination on workplace rights,Perception that a woman earning more money than her husband causes problems,Perception that being a housewife is as fulfilling as working for pay,Perception that men make better political leaders than women,Perception that men should have more right to a job than women,"Perception that when a mother works for pay, the children suffer",Perceptions that men make better business executives than women,unpaid_care_gap
Afghanistan,2023,4.9,,4.7,81.2,,,,,,,,,,,,,
Africa,2023,32.8,25.4,13.8,41.9,23.1,16.2,17.6,51.9,53.7,73.1,53.1,52.2,62.4,55.4,54.6,55.7,-3.3000000000000003
Albania,2023,34.1,35.7,18.1,59.3,0.0,0.0,0.0,0.0,25.0,0.0,24.2,45.6,24.1,30.2,64.8,32.2,-4.4
Algeria,2023,8.4,8.1,,36.9,0.0,0.0,75.0,100.0,75.0,100.0,40.5,70.3,74.6,59.9,79.0,62.7,-4.3
America,2023,38.2,34.1,18.1,57.5,3.1,4.7,10.9,7.8,42.2,72.7,28.2,61.1,19.9,15.1,39.3,17.6,-2.0
Angola,2023,19.7,33.6,13.5,45.9,25.0,0.0,0.0,25.0,75.0,100.0,,,,,,,
Antigua and Barbuda,2023,45.1,11.1,17.5,,0.0,0.0,0.0,0.0,75.0,75.0,,,,,,,
Argentina,2023,33.0,44.8,8.0,75.1,0.0,0.0,0.0,0.0,75.0,100.0,19.6,57.0,22.7,13.8,38.1,19.1,-3.3999999999999995
Armenia,2023,30.9,35.5,19.1,61.9,25.0,25.0,0.0,25.0,25.0,25.0,45.7,54.0,52.1,54.9,40.9,47.3,-4.2
Asia,2023,19.3,20.6,14.5,21.6,26.4,10.2,21.3,50.9,53.7,69.9,36.0,69.1,56.0,54.8,62.1,48.4,-3.1999999999999997
Australia,2023,40.0,38.4,,48.5,0.0,0.0,0.0,0.0,25.0,0.0,6.5,65.2,12.6,6.8,25.8,10.7,-2.3
Austria,2023,32.8,41.0,18.8,24.6,0.0,0.0,0.0,0.0,25.0,0.0,,,19.8,13.7,47.2,14.1,-2.1999999999999997
Azerbaijan,2023,35.5,18.3,16.5,33.3,25.0,0.0,0.0,0.0,75.0,100.0,37.6,70.9,62.7,55.4,62.8,65.5,-3.9999999999999996
Bahamas,2023,51.6,18.0,33.2,,0.0,0.0,50.0,0.0,75.0,75.0,,,,,,,
Bahrain,2023,21.6,20.0,,25.5,75.0,0.0,0.0,100.0,75.0,25.0,,,,,,,
Bangladesh,2023,10.7,20.9,3.6,11.7,25.0,0.0,0.0,100.0,50.0,100.0,59.5,59.4,64.1,77.1,88.3,69.2,
Barbados,2023,45.9,26.7,25.4,,0.0,50.0,0.0,0.0,25.0,100.0,,,,,,,
Belgium,2023,34.5,42.7,17.9,35.2,0.0,0.0,0.0,0.0,25.0,0.0,,,,,,,-0.09999999999999998
Belize,2023,56.7,12.5,25.5,63.9,0.0,0.0,0.0,0.0,50.0,100.0,,,,,,,
Benin,2023,13.8,7.4,25.9,30.4,0.0,0.0,75.0,25.0,0.0,100.0,,,,,,,-3.0
Bhutan,2023,18.5,17.4,26.3,1.1,0.0,0.0,0.0,25.0,25.0,0.0,,,,,,,-2.2
Bolivia,2023,30.1,46.2,26.3,81.4,25.0,25.0,0.0,25.0,75.0,25.0,52.3,78.3,22.6,30.6,80.9,19.2,-2.6
Bosnia and Herzegovina,2023,25.1,16.7,16.6,66.1,0.0,25.0,0.0,0.0,50.0,100.0,45.7,71.0,32.1,40.4,50.2,27.2,
Botswana,2023,55.2,11.1,16.5,23.7,75.0,0.0,0.0,75.0,25.0,75.0,,,,,,,
Brazil,2023,36.8,17.7,19.4,57.3,0.0,0.0,75.0,25.0,0.0,75.0,36.3,49.7,18.6,18.8,55.1,22.1,-1.5999999999999999
Brunei Darussalam,2023,36.5,9.1,,,75.0,0.0,75.0,100.0,75.0,75.0,,,,,,,
Bulgaria,2023,41.3,24.2,28.8,67.6,0.0,0.0,0.0,0.0,75.0,100.0,41.5,62.0,45.4,29.7,28.1,38.6,-2.2
Burkina Faso,2023,58.1,16.9,11.3,28.0,25.0,25.0,0.0,25.0,25.0,100.0,,33.1,62.7,52.2,,71.3,
Burundi,2023,32.4,38.2,16.3,39.6,25.0,25.0,0.0,100.0,25.0,100.0,,,,,,,
Cabo Verde,2023,46.0,38.9,16.7,45.3,0.0,0.0,0.0,0.0,50.0,0.0,,,,,,,
Cambodia,2023,31.0,20.8,57.3,27.4,25.0,0.0,0.0,0.0,50.0,75.0,,,,,,,-2.7
Cameroon,2023,49.3,33.9,22.9,50.1,25.0,100.0,75.0,100.0,75.0,100.0,,,,,,,-2.6999999999999997
Canada,2023,35.6,30.5,,32.2,0.0,0.0,0.0,0.0,75.0,0.0,10.8,68.7,15.2,5.7,20.9,14.3,-1.2000000000000002
Central African Republic,2023,,12.9,12.1,30.4,25.0,25.0,0.0,25.0,75.0,100.0,,,,,,,
Chad,2023,,25.9,12.0,44.6,25.0,100.0,0.0,50.0,50.0,100.0,,,,,,,
Chile,2023,30.4,35.5,4.5,73.7,0.0,0.0,0.0,0.0,0.0,100.0,36.7,57.0,33.3,34.6,54.3,29.4,-2.9
China (People’s Republic of),2023,16.8,24.9,17.5,12.4,0.0,0.0,0.0,0.0,50.0,100.0,27.3,71.9,50.4,45.5,59.0,34.1,-2.3000000000000003
Chinese Taipei,2023,30.5,41.6,,64.2,0.0,0.0,0.0,0.0,25.0,0.0,19.7,81.3,22.1,40.5,10.4,19.0,
Colombia,2023,,28.9,18.9,75.4,0.0,0.0,0.0,25.0,25.0,100.0,43.0,60.1,24.1,18.9,49.1,18.9,-0.5
Comoros,2023,25.6,16.7,,68.8,75.0,25.0,0.0,100.0,50.0,75.0,,,,,,,
Congo,2023,69.4,14.6,17.2,48.4,25.0,0.0,0.0,25.0,50.0,100.0,,,,,,,
Costa Rica,2023,40.2,47.4,15.4,46.0,0.0,0.0,0.0,0.0,0.0,25.0,,,,,,,-3.3
Croatia,2023,28.4,31.8,27.0,76.6,0.0,0.0,0.0,0.0,50.0,0.0,31.7,71.5,18.0,21.8,41.2,12.8,
Cuba,2023,38.1,53.4,,41.4,0.0,0.0,0.0,25.0,75.0,75.0,,,,,,,-2.0
Cyprus,2023,24.2,14.3,8.2,56.1,0.0,0.0,0.0,0.0,25.0,0.0,35.7,59.1,28.7,40.6,50.1,27.3,
Czechia,2023,27.8,25.5,16.1,44.1,0.0,0.0,0.0,0.0,50.0,25.0,49.8,41.3,49.7,26.6,32.2,43.9,
Côte d’Ivoire,2023,56.9,14.2,14.3,40.6,0.0,0.0,0.0,25.0,25.0,25.0,,,,,49.3,,-3.9000000000000004
Democratic Republic of the Congo,2023,20.2,12.8,10.8,52.1,25.0,25.0,75.0,25.0,75.0,100.0,,,,,,,
Denmark,2023,27.9,43.6,8.3,13.3,0.0,0.0,0.0,0.0,25.0,0.0,,,8.7,2.2,8.9,11.8,-1.0999999999999996
Djibouti,2023,12.3,26.2,14.2,39.0,0.0,0.0,0.0,100.0,75.0,100.0,,,,,,,
Dominica,2023,48.4,34.4,23.6,,0.0,0.0,0.0,0.0,75.0,100.0,,,,,,,
Dominican Republic,2023,38.2,27.9,21.2,54.5,0.0,0.0,0.0,0.0,25.0,75.0,55.8,48.5,41.0,15.1,,,-3.1
Ecuador,2023,37.3,38.7,22.9,67.4,0.0,0.0,0.0,0.0,25.0,0.0,41.2,58.2,22.8,30.7,55.7,20.0,-3.6
Egypt,2023,6.8,27.6,6.3,24.7,25.0,25.0,75.0,100.0,75.0,100.0,57.3,82.3,83.0,89.6,77.3,75.0,-4.800000000000001
El Salvador,2023,46.7,27.4,28.0,46.9,0.0,0.0,0.0,25.0,0.0,75.0,60.6,70.0,37.0,27.2,,,-3.2
Equatorial Guinea,2023,,31.0,,,0.0,0.0,0.0,25.0,100.0,25.0,,,,,,,
Eritrea,2023,,22.0,7.6,,75.0,25.0,25.0,25.0,75.0,75.0,,,,,,,
Estonia,2023,37.4,25.7,22.5,23.0,0.0,0.0,0.0,0.0,50.0,0.0,25.3,85.6,37.2,9.8,22.2,26.7,-1.4999999999999996
Eswatini,2023,43.4,13.5,27.4,19.9,75.0,50.0,0.0,50.0,50.0,100.0,,,,,,,
Ethiopia,2023,26.5,41.5,4.5,43.5,0.0,25.0,0.0,25.0,50.0,100.0,46.2,51.7,40.7,48.4,61.3,34.8,-2.9999999999999996
Europe,2023,34.0,33.1,17.8,45.2,0.0,0.7,0.0,2.6,39.5,19.7,23.2,57.9,19.6,16.8,35.9,17.3,-1.7999999999999998
European Union,2023,33.0,32.6,17.8,44.9,0.0,0.0,0.0,1.9,38.9,14.8,21.3,53.9,18.2,17.0,35.4,15.5,-1.8999999999999995
Fiji,2023,38.9,19.6,,,0.0,25.0,0.0,25.0,50.0,100.0,,,,,,,-2.4000000000000004
Finland,2023,37.5,45.5,12.9,18.1,0.0,0.0,0.0,0.0,75.0,0.0,35.4,84.6,11.8,4.0,14.1,11.8,-1.1
France,2023,35.5,37.3,19.9,39.8,0.0,0.0,0.0,0.0,0.0,0.0,,52.8,12.2,11.5,31.0,9.6,-1.5
G20,2023,22.8,27.8,13.9,26.6,4.2,2.8,8.3,20.8,38.9,50.0,30.5,67.0,45.4,42.0,55.5,38.6,-2.9000000000000004
G7,2023,32.9,30.5,16.2,41.3,0.0,0.0,0.0,0.0,46.4,25.0,11.9,68.0,17.0,11.3,24.5,13.8,-1.7000000000000002
Gabon,2023,,15.4,11.5,52.6,0.0,0.0,0.0,25.0,25.0,0.0,,,,,,,
Gambia,2023,17.4,8.6,9.6,27.6,75.0,0.0,25.0,75.0,50.0,75.0,,,,,,,
Georgia,2023,36.1,19.1,16.5,49.8,25.0,0.0,0.0,25.0,25.0,75.0,26.2,53.4,57.4,49.6,78.5,52.5,
Germany,2023,28.1,34.9,14.2,31.1,0.0,0.0,0.0,0.0,75.0,0.0,15.6,58.4,8.2,9.2,29.1,9.4,-1.4
Ghana,2023,33.8,14.6,14.9,39.5,25.0,0.0,0.0,50.0,75.0,75.0,54.1,38.9,81.3,49.3,33.1,68.8,-2.6
Greece,2023,29.4,21.0,17.2,52.7,0.0,0.0,0.0,25.0,25.0,0.0,27.2,63.5,27.1,37.9,40.4,25.0,-2.5999999999999996
Grenada,2023,,31.3,24.0,,0.0,0.0,0.0,0.0,75.0,75.0,,,,,,,
Guatemala,2023,36.8,19.4,18.5,44.9,0.0,0.0,0.0,0.0,75.0,100.0,38.2,53.8,20.8,22.3,59.1,17.9,-4.1000000000000005
Guinea,2023,23.4,29.6,5.8,53.2,0.0,0.0,0.0,75.0,50.0,100.0,,,,,,,
Guinea-Bissau,2023,,13.7,,,25.0,25.0,0.0,25.0,75.0,75.0,,,,,,,
Guyana,2023,46.8,35.4,17.7,48.5,25.0,25.0,75.0,0.0,75.0,75.0,,,,,,,
Haiti,2023,23.9,2.5,,51.5,25.0,25.0,75.0,25.0,75.0,75.0,61.2,19.3,37.3,38.9,33.2,63.1,
Honduras,2023,40.1,27.3,28.0,62.3,25.0,25.0,0.0,25.0,50.0,100.0,,,,,,,-3.2
Hong Kong (China),2023,36.6,17.0,,51.6,0.0,0.0,0.0,0.0,75.0,75.0,27.1,87.4,28.1,31.5,28.8,29.4,-1.8
Hungary,2023,39.2,14.1,22.1,44.8,0.0,0.0,0.0,0.0,25.0,0.0,55.3,91.9,32.9,22.8,47.7,28.7,-2.1999999999999997
Iceland,2023,38.6,47.6,,44.2,0.0,0.0,0.0,0.0,50.0,0.0,,,5.3,1.4,23.4,3.5,
India,2023,17.6,14.9,6.8,17.0,0.0,25.0,0.0,50.0,50.0,100.0,38.4,64.9,58.7,56.9,81.4,59.3,-4.300000000000001
Indonesia,2023,32.4,21.9,22.1,25.2,0.0,0.0,0.0,100.0,25.0,0.0,37.6,73.3,72.2,75.8,11.1,62.7,
Iran,2023,18.0,5.6,,33.6,75.0,25.0,100.0,100.0,75.0,100.0,50.3,78.1,55.3,69.8,55.4,49.9,-3.8999999999999995
Iraq,2023,21.8,28.9,1.6,44.9,25.0,25.0,75.0,100.0,75.0,100.0,48.7,73.0,71.5,78.5,64.0,64.9,-4.8
Ireland,2023,36.4,23.1,15.1,31.6,0.0,0.0,0.0,0.0,75.0,0.0,,,,,,,-2.8000000000000003
Israel,2023,34.6,23.3,10.1,35.3,50.0,0.0,0.0,25.0,25.0,100.0,,,,,,,
Italy,2023,27.3,32.3,15.3,64.2,0.0,0.0,0.0,0.0,50.0,0.0,,54.3,20.1,25.7,54.1,16.4,-2.9000000000000004
Jamaica,2023,56.7,28.6,24.1,54.1,0.0,0.0,0.0,0.0,25.0,100.0,,,,,,,
Japan,2023,13.3,9.9,,27.6,0.0,0.0,0.0,0.0,75.0,100.0,14.4,82.0,29.3,25.9,16.4,22.6,-2.8
Jordan,2023,60.3,12.3,3.1,17.3,75.0,0.0,75.0,100.0,75.0,100.0,56.3,72.4,71.9,81.5,84.6,56.2,
Kazakhstan,2023,41.1,27.4,26.0,46.0,0.0,0.0,0.0,0.0,75.0,100.0,31.6,52.6,51.6,49.3,34.5,45.5,-3.0
Kenya,2023,49.6,23.4,18.1,44.3,0.0,0.0,75.0,75.0,50.0,50.0,53.3,33.2,42.2,36.8,22.6,32.2,
Korea,2023,16.3,18.6,,75.5,0.0,0.0,0.0,25.0,25.0,100.0,32.5,49.7,52.0,52.9,64.7,47.9,-2.4
Kosovo,2023,,36.7,2.7,36.0,0.0,0.0,0.0,25.0,50.0,25.0,,,,,,,
Kuwait,2023,13.6,6.3,,17.5,75.0,0.0,0.0,100.0,75.0,100.0,30.8,66.6,79.0,62.7,68.2,61.6,
Kyrgyzstan,2023,47.4,20.5,32.9,62.5,25.0,25.0,0.0,25.0,75.0,100.0,61.8,81.4,72.3,71.2,35.0,70.8,-1.7000000000000002
Lao People’s Democratic Republic,2023,59.0,22.0,43.1,5.0,25.0,0.0,0.0,25.0,50.0,75.0,,,,,,,-0.8999999999999999
Latvia,2023,46.9,30.0,32.6,45.2,0.0,0.0,0.0,0.0,25.0,0.0,46.1,62.7,40.4,18.8,47.8,38.1,-2.2
Lebanon,2023,21.2,6.3,5.9,84.5,25.0,0.0,0.0,100.0,75.0,100.0,34.4,50.6,46.4,61.7,63.5,36.3,
Lesotho,2023,33.8,26.5,36.2,37.4,0.0,0.0,0.0,50.0,25.0,100.0,,,,,,,-2.2
Liberia,2023,40.9,11.0,20.4,46.7,0.0,25.0,0.0,50.0,50.0,75.0,,,,,,,-0.9
Libya,2023,,16.5,,57.2,75.0,25.0,75.0,100.0,75.0,100.0,40.1,79.3,73.5,74.1,64.6,58.7,
Lithuania,2023,37.9,28.4,30.7,50.3,0.0,0.0,0.0,0.0,50.0,25.0,58.4,82.6,44.6,21.5,54.3,39.8,-2.0
Luxembourg,2023,26.3,33.3,7.4,19.5,0.0,0.0,0.0,0.0,25.0,25.0,,,,,,,-1.8
Madagascar,2023,31.8,18.5,37.3,43.6,25.0,25.0,75.0,25.0,0.0,100.0,,,,,,,
Malawi,2023,15.6,22.9,14.2,44.8,25.0,0.0,75.0,25.0,50.0,0.0,,,,,,,-1.8
Malaysia,2023,24.9,13.6,33.2,21.4,0.0,0.0,75.0,100.0,25.0,75.0,29.1,62.6,58.3,47.8,31.2,44.2,-3.1999999999999997
Maldives,2023,19.2,4.6,,,75.0,25.0,50.0,100.0,50.0,25.0,,,51.0,48.2,43.7,49.1,
Mali,2023,17.4,28.6,11.6,55.3,25.0,0.0,0.0,50.0,75.0,100.0,,51.2,79.0,62.4,,82.8,
Malta,2023,28.5,27.9,11.3,51.3,0.0,0.0,0.0,0.0,0.0,0.0,,,,,,,-2.8
Mauritania,2023,,20.3,4.5,64.1,75.0,25.0,0.0,100.0,75.0,100.0,,,,,,,
Mauritius,2023,30.2,20.0,,38.9,0.0,0.0,0.0,50.0,50.0,0.0,,,,,,,-3.3
Mexico,2023,38.4,50.0,14.6,65.5,0.0,0.0,0.0,25.0,0.0,75.0,53.5,57.3,24.0,25.0,53.2,19.0,-4.0
Moldova,2023,42.3,40.6,18.6,62.8,0.0,0.0,0.0,0.0,25.0,25.0,34.9,46.3,52.3,38.1,,44.0,-2.0999999999999996
Mongolia,2023,49.8,17.1,38.9,73.5,0.0,0.0,0.0,0.0,25.0,25.0,37.4,29.1,49.3,45.0,60.5,41.3,-2.8
Montenegro,2023,32.1,27.2,15.0,49.0,0.0,0.0,0.0,0.0,50.0,0.0,37.0,65.0,29.6,46.5,54.4,23.7,
Morocco,2023,12.8,24.1,5.4,54.3,0.0,0.0,0.0,100.0,75.0,100.0,47.2,61.5,42.8,56.2,70.1,38.8,-4.3
Mozambique,2023,24.3,42.4,15.6,35.7,0.0,0.0,0.0,25.0,25.0,100.0,,,,,,,
Myanmar,2023,35.7,16.8,41.1,59.3,25.0,0.0,50.0,100.0,75.0,100.0,56.2,99.1,69.9,81.6,54.6,69.4,
Namibia,2023,43.6,44.2,27.4,45.6,0.0,0.0,0.0,25.0,50.0,75.0,,,,,,,
Nepal,2023,13.2,33.1,17.2,30.2,25.0,25.0,25.0,0.0,25.0,0.0,,,,,,,
Netherlands,2023,26.2,40.7,13.7,25.9,0.0,0.0,0.0,0.0,25.0,0.0,5.1,52.2,6.6,2.9,14.3,6.6,-1.2999999999999998
New Zealand,2023,40.0,50.4,,34.5,0.0,0.0,0.0,0.0,25.0,25.0,7.2,74.0,6.5,4.9,17.5,6.0,-1.7999999999999998
Nicaragua,2023,35.2,51.7,27.0,41.9,0.0,0.0,0.0,0.0,25.0,75.0,43.9,68.1,25.2,26.2,64.6,19.4,
Niger,2023,49.3,25.9,10.6,24.7,75.0,100.0,0.0,100.0,75.0,100.0,,,,,,,
Nigeria,2023,64.4,3.6,13.9,62.3,25.0,25.0,0.0,50.0,50.0,100.0,67.5,38.5,75.7,65.2,41.1,64.4,
North Macedonia,2023,20.6,41.7,21.3,63.9,0.0,0.0,0.0,0.0,50.0,100.0,24.3,51.7,46.1,32.7,38.8,42.6,-2.4000000000000004
Norway,2023,34.0,45.0,,11.8,0.0,0.0,0.0,0.0,25.0,0.0,29.0,57.1,8.0,4.2,26.1,10.9,-0.7000000000000002
OECD,2023,32.4,32.5,15.2,48.2,1.3,0.0,0.0,3.9,34.9,28.3,22.7,63.6,22.0,17.8,32.9,18.4,-2.0
Oman,2023,25.9,2.3,,,75.0,25.0,25.0,100.0,75.0,100.0,,,,,,,-2.7
Pakistan,2023,4.5,20.5,6.0,17.9,75.0,25.0,0.0,100.0,50.0,100.0,73.0,65.2,77.6,85.4,80.2,77.7,-4.3999999999999995
Palestinian Authority or West Bank and Gaza Strip,2023,21.6,12.9,0.9,53.6,75.0,25.0,75.0,100.0,75.0,100.0,42.3,67.4,80.8,66.2,82.1,63.2,-4.1
Panama,2023,46.1,22.5,23.5,60.9,0.0,0.0,0.0,0.0,25.0,100.0,,,,,,,-2.5
Papua New Guinea,2023,18.1,1.7,13.8,,25.0,100.0,75.0,50.0,75.0,100.0,,,,,,,
Paraguay,2023,37.9,17.5,19.6,67.2,0.0,0.0,0.0,0.0,50.0,0.0,,,,,,,-2.5
Peru,2023,34.5,40.0,19.9,82.3,0.0,0.0,0.0,0.0,0.0,25.0,26.3,60.3,16.6,24.5,44.9,13.4,-3.6
Philippines,2023,53.0,27.3,29.9,29.0,0.0,0.0,0.0,50.0,75.0,50.0,27.4,84.3,56.5,69.1,46.5,43.3,
Poland,2023,43.3,28.3,27.8,61.0,0.0,0.0,0.0,0.0,75.0,100.0,17.4,44.1,30.3,23.5,51.4,21.7,-2.0000000000000004
Portugal,2023,35.6,37.0,14.0,55.2,0.0,0.0,0.0,0.0,50.0,0.0,,,16.8,17.9,46.1,11.2,-1.7999999999999998
Qatar,2023,10.8,4.4,,4.4,75.0,0.0,75.0,100.0,75.0,100.0,35.0,81.2,85.6,69.4,79.3,59.2,-1.5
Romania,2023,35.0,19.1,17.2,49.7,0.0,0.0,0.0,0.0,25.0,25.0,23.0,36.3,40.3,39.8,36.0,36.5,-2.3999999999999995
Rwanda,2023,33.4,61.3,21.8,3.5,0.0,0.0,0.0,25.0,25.0,25.0,30.8,46.2,45.7,42.3,39.8,43.7,
Samoa,2023,43.1,13.0,,,0.0,25.0,0.0,25.0,50.0,0.0,,,,,,,
Sao Tome and Principe,2023,24.4,14.6,,,0.0,25.0,0.0,0.0,25.0,75.0,,,,,,,
Saudi Arabia,2023,15.4,19.9,,23.4,75.0,25.0,75.0,100.0,50.0,75.0,,68.8,74.6,69.7,,,
Senegal,2023,15.2,44.2,14.1,32.9,0.0,0.0,0.0,50.0,75.0,100.0,,,,,,,
Serbia,2023,31.5,36.6,18.2,50.4,0.0,0.0,0.0,25.0,50.0,0.0,24.2,33.2,35.8,23.8,53.9,34.0,-2.4999999999999996
Seychelles,2023,41.8,22.9,,,25.0,25.0,75.0,0.0,25.0,75.0,,,,,,,
Sierra Leone,2023,35.9,12.3,15.9,36.1,25.0,25.0,0.0,25.0,25.0,100.0,,,,,,,
Singapore,2023,37.2,29.1,,8.6,0.0,0.0,0.0,50.0,50.0,75.0,21.5,66.9,31.0,27.9,35.6,23.4,
Slovak Republic,2023,35.5,21.3,22.9,69.0,0.0,0.0,0.0,0.0,50.0,0.0,53.8,44.9,49.0,42.0,24.9,45.0,
Slovenia,2023,40.1,40.0,18.8,48.7,0.0,0.0,0.0,0.0,25.0,100.0,17.4,52.1,19.5,11.8,29.9,17.5,-2.2
Solomon Islands,2023,25.7,8.0,22.6,,0.0,50.0,75.0,50.0,75.0,100.0,,,,,,,
Somalia,2023,29.0,19.7,,23.2,75.0,25.0,0.0,25.0,75.0,100.0,,,,,,,
South Africa,2023,31.4,46.5,38.5,40.1,0.0,0.0,0.0,50.0,75.0,0.0,34.7,56.8,53.4,30.3,54.9,50.3,-2.2
South Sudan,2023,,32.4,9.5,53.6,25.0,0.0,0.0,100.0,75.0,25.0,,,,,,,
Spain,2023,35.0,43.0,17.6,49.0,0.0,0.0,0.0,25.0,25.0,0.0,14.4,49.5,9.0,10.8,25.8,6.8,-2.4
Sri Lanka,2023,27.2,5.3,8.8,23.8,25.0,25.0,0.0,100.0,25.0,100.0,,,,,,,
Sudan,2023,,24.9,3.4,30.8,75.0,25.0,75.0,100.0,75.0,100.0,,,,,,,
Suriname,2023,43.2,29.4,11.9,21.7,0.0,0.0,0.0,50.0,75.0,75.0,,,,,,,
Sweden,2023,42.3,46.4,14.0,24.5,0.0,0.0,0.0,0.0,25.0,0.0,11.8,42.1,5.3,3.0,15.2,4.7,-0.7999999999999998
Switzerland,2023,33.3,41.5,,13.6,0.0,0.0,0.0,0.0,50.0,0.0,,67.0,12.1,9.3,36.2,11.2,-1.4000000000000004
Syrian Arab Republic,2023,8.9,11.2,,68.4,75.0,0.0,75.0,100.0,75.0,100.0,,,,,,,
Tajikistan,2023,16.1,27.0,6.6,16.6,25.0,25.0,0.0,25.0,75.0,100.0,46.9,61.8,74.5,63.1,50.8,66.4,
Tanzania,2023,23.3,36.9,14.0,11.6,25.0,25.0,0.0,100.0,75.0,25.0,,42.7,43.9,26.9,,,-2.9
Thailand,2023,39.2,15.8,64.8,47.7,0.0,0.0,0.0,50.0,75.0,100.0,30.9,47.3,46.1,31.3,38.7,41.2,-1.9
Timor-Leste,2023,24.5,40.0,32.2,,0.0,0.0,0.0,25.0,50.0,0.0,,,,,,,
Togo,2023,70.1,18.7,11.4,44.2,0.0,0.0,0.0,25.0,75.0,25.0,,,,,,,
Trinidad and Tobago,2023,44.5,26.2,20.8,70.1,0.0,0.0,75.0,0.0,75.0,75.0,48.0,70.6,25.1,27.5,38.7,20.8,
Tunisia,2023,14.8,26.3,10.4,50.3,25.0,0.0,0.0,100.0,50.0,100.0,44.3,73.1,58.5,64.7,71.5,44.0,-4.7
Turkmenistan,2023,,25.9,,,0.0,0.0,75.0,25.0,75.0,100.0,,,,,,,
Türkiye,2023,18.2,17.4,3.9,68.0,0.0,0.0,0.0,0.0,0.0,100.0,43.3,64.4,53.5,52.2,53.0,48.4,-3.6999999999999997
Uganda,2023,32.5,33.8,15.4,47.7,0.0,0.0,0.0,50.0,50.0,25.0,,36.8,68.1,40.7,,,-1.7
Ukraine,2023,40.7,20.3,17.7,73.8,0.0,0.0,0.0,0.0,25.0,100.0,32.5,83.8,44.9,30.8,58.2,43.8,
United Arab Emirates,2023,17.7,50.0,,,25.0,0.0,0.0,100.0,50.0,0.0,,,,,,,
United Kingdom,2023,36.8,34.6,,30.1,0.0,0.0,0.0,0.0,25.0,0.0,,68.0,8.8,4.6,21.0,8.2,-1.3
United States,2023,41.4,28.7,,48.8,0.0,0.0,0.0,0.0,25.0,75.0,10.0,70.3,16.5,5.2,20.8,12.7,-1.4000000000000004
Uruguay,2023,38.8,25.3,10.6,50.2,0.0,0.0,0.0,0.0,0.0,100.0,26.5,59.7,11.1,13.2,36.7,11.8,-2.8
Uzbekistan,2023,1.7,33.3,12.4,12.5,25.0,0.0,0.0,25.0,75.0,100.0,61.1,91.7,77.2,60.2,35.4,68.1,
Venezuela,2023,32.8,33.9,31.1,78.0,0.0,0.0,0.0,0.0,25.0,100.0,41.4,66.5,25.8,21.2,50.0,19.7,
Viet Nam,2023,25.3,30.3,22.4,12.2,0.0,0.0,0.0,25.0,25.0,0.0,47.1,62.8,55.2,52.0,78.3,41.5,
World,2023,25.0,26.7,15.0,31.8,15.6,9.0,13.8,33.1,48.6,60.7,35.5,65.3,47.9,45.5,55.6,41.6,-2.9000000000000004
Yemen,2023,4.1,0.0,1.6,52.3,75.0,25.0,75.0,100.0,75.0,100.0,54.0,84.0,86.2,77.2,86.7,76.5,
Zambia,2023,45.9,15.1,12.9,33.0,0.0,25.0,75.0,25.0,50.0,0.0,,43.5,49.7,33.6,,47.1,
Zimbabwe,2023,33.7,30.6,16.3,29.2,0.0,0.0,0.0,25.0,25.0,75.0,67.8,52.7,45.0,44.7,17.8,30.5,
