country,year,native_gap,immigrant_gap,overall_gap
Australia,2000,16.209266659999997,20.426147469999997,18.317707064999993
Australia,2001,14.791175850000002,21.1184578,17.95481682500001
Australia,2002,14.682907100000008,20.30366134999999,17.493284224999996
Australia,2003,13.625030519999996,19.620006559999993,16.622518539999987
Australia,2004,14.41210937000001,19.586906429999992,16.999507899999998
Australia,2005,13.291130069999994,19.05078125,16.170955660000004
Australia,2006,12.543487549999995,18.997322089999997,15.770404819999996
Australia,2007,12.113319399999995,18.191448209999997,15.152383805
Australia,2008,11.735305789999998,17.464035030000005,14.599670410000002
Australia,2009,10.86977386000001,17.46411132,14.166942590000005
Australia,2010,11.279960639999999,17.517486570000003,14.398723605
Australia,2011,10.694274899999996,17.213684079999993,13.953979489999995
Australia,2012,10.181480409999992,17.214630119999995,13.698055264999994
Australia,2013,10.264289860000005,16.628097530000005,13.446193695000005
Australia,2014,9.615394589999994,16.270225519999997,12.942810054999995
Australia,2015,9.129066469999998,17.692085269999993,13.410575869999988
Australia,2016,8.393630979999998,16.750579830000007,12.572105405000002
Australia,2017,7.599998470000003,16.299995420000002,11.94999694500001
Australia,2018,7.400001529999997,15.0,11.200000764999999
Australia,2019,7.016799930000005,13.853698730000005,10.435249330000005
Australia,2020,6.207496649999996,14.461708060000007,10.334602354999987
Australia,2021,5.738075249999994,13.063377379999991,9.400726314999986
Australia,2022,4.550498959999999,12.139190679999999,8.344844820000006
Australia,2023,4.766006470000008,11.237571720000005,8.001789095000007
Australia,2024,4.662582389999997,11.05984497,7.861213679999992
Austria,2000,17.113464349999994,20.489391319999996,18.801427835
Austria,2001,15.938690179999995,21.702720639999995,18.820705409999988
Austria,2002,15.083831789999998,17.955749510000004,16.519790650000004
Austria,2003,15.115207679999997,18.76843262,16.941820149999998
Austria,2004,12.574523929999998,18.95440292,15.764463425000002
Austria,2005,12.670494079999997,19.05927276,15.864883419999998
Austria,2006,12.19420624,19.308216090000002,15.751211165
Austria,2007,12.513572699999997,19.81650544,16.165039070000006
Austria,2008,11.238189700000007,19.4285736,15.333381650000007
Austria,2009,9.79277802,18.526187899999996,14.159482960000005
Austria,2010,10.536209110000001,15.970764159999987,13.253486635000002
Austria,2011,10.290191650000011,16.88879394,13.589492795000012
Austria,2012,8.526260379999997,17.42667771,12.976469045000002
Austria,2013,8.10141754,16.65059662,12.376007079999994
Austria,2014,7.892829890000002,14.235176079999988,11.064002984999988
Austria,2015,7.428565979999988,15.865043639999996,11.646804809999992
Austria,2016,7.280136110000001,15.015945439999996,11.148040774999998
Austria,2017,7.518081659999993,14.869377139999997,11.193729399999995
Austria,2018,7.6999969400000055,15.900001520000004,11.799999229999997
Austria,2019,8.260093690000005,13.32148742999999,10.79079055999999
Austria,2020,8.007087709999993,13.77830505,10.892696380000004
Austria,2021,7.162216190000009,15.706909180000011,11.434562685000017
Austria,2022,6.772277839999987,14.429229739999997,10.600753789999985
Austria,2023,6.490005499999995,14.064544679999997,10.277275090000003
Austria,2024,5.957763669999991,13.132385249999999,9.545074459999995
Belgium,2000,15.776756279999994,27.690177919999996,21.7334671
Belgium,2001,16.468425759999995,29.85589600000001,23.162160879999995
Belgium,2002,15.980972290000004,25.32073975,20.650856019999992
Belgium,2003,15.481719969999993,24.42358017,19.95265006999999
Belgium,2004,13.682517999999995,23.654472350000006,18.668495175000004
Belgium,2005,13.031341550000008,23.660564430000008,18.345952990000008
Belgium,2006,12.436607360000004,22.473728179999995,17.455167770000003
Belgium,2007,11.924262999999996,22.19628143,17.060272214999998
Belgium,2008,10.748401640000004,23.36315155999999,17.0557766
Belgium,2009,10.170322420000005,21.614807130000003,15.892564775000011
Belgium,2010,10.17235565,19.500698090000007,14.836526870000014
Belgium,2011,9.35429001,20.467525489999993,14.910907749999993
Belgium,2012,9.311786649999995,19.81270598999999,14.562246319999986
Belgium,2013,8.411232000000012,20.081264490000002,14.246248245000018
Belgium,2014,7.353385919999994,19.657547,13.505466459999994
Belgium,2015,7.172340390000002,18.290122989999993,12.731231690000001
Belgium,2016,7.415168769999994,18.61695099,13.01605988
Belgium,2017,7.0899505600000055,19.90491104000001,13.497430800000004
Belgium,2018,6.3000030599999945,17.5,11.900001529999997
Belgium,2019,6.153869630000003,16.23561478,11.194742205000011
Belgium,2020,5.504234319999995,17.683517459999997,11.593875889999993
Belgium,2021,5.503852839999993,17.761589049999998,11.632720944999996
Belgium,2022,4.93399810999999,16.76708603,10.850542069999989
Belgium,2023,4.940002449999994,17.333778380000005,11.136890414999996
Belgium,2024,5.40183257999999,16.97887421,11.190353394999988
Canada,2008,6.8158340500000065,14.48168944999999,10.648761749999991
Canada,2009,6.103004460000008,12.498329159999997,9.30066681000001
Canada,2010,5.689910890000007,12.39685059,9.043380740000003
Canada,2011,5.872467049999997,12.339179999999999,9.105823524999991
Canada,2012,5.49362945,12.27708435000001,8.885356900000005
Canada,2013,5.221458440000006,12.019363400000003,8.620410919999998
Canada,2014,5.558975220000008,12.177619929999992,8.868297575
Canada,2015,5.648269659999997,14.098625179999999,9.87344741999999
Canada,2016,5.2494430499999964,14.01352691999999,9.631484985
Canada,2017,5.207672119999998,12.17979432,8.693733219999984
Canada,2018,4.5,12.0,8.25
Canada,2019,5.035476680000002,12.13063812,8.583057400000001
Canada,2020,5.594078069999995,12.049255369999997,8.821666719999996
Canada,2021,5.100616450000004,11.03640747,8.068511959999995
Canada,2022,4.358665469999991,10.509956360000004,7.4343109149999975
Canada,2023,4.1592788700000085,10.639556889999994,7.3994178800000014
Canada,2024,4.312324529999998,10.75468445,7.533504490000013
Chile,2006,30.211894989999998,21.5832634,25.897579195000006
Chile,2009,28.827232370000004,16.512268070000005,22.669750220000005
Chile,2011,26.82789612,17.84970091999999,22.338798519999997
Chile,2013,25.050739289999996,17.471389770000002,21.26106453
Chile,2015,23.087478640000008,18.406761169999996,20.747119905000005
Chile,2017,22.113525390000007,15.117675779999999,18.61560058500001
Chile,2020,18.299999230000005,16.3999939,17.349996565000012
Chile,2021,20.90999985,18.18999481,19.549997329999997
Chile,2022,18.7100029,16.980003359999998,17.845003129999995
Chile,2023,19.587726759999995,15.289937539999997,17.438832149999996
Chile,2024,19.537379030000004,15.391042420000005,17.464210725
Colombia,2017,21.500003810000003,22.900001529999997,22.20000266999999
Colombia,2018,22.099998470000003,23.0,22.549999235
Colombia,2019,22.10000229,25.599998479999996,23.850000385
Colombia,2020,24.299995420000002,28.79999924,26.54999733000001
Colombia,2021,28.999996189999997,36.0,32.49999809500001
Colombia,2023,25.771232470000008,33.149255090000004,29.460243780000013
Colombia,2024,25.804172229999992,27.642781299999996,26.723476764999994
Costa Rica,2019,24.900001529999997,24.5,24.700000765
Costa Rica,2020,24.70000076,27.699996940000005,26.19999885
Costa Rica,2021,23.60000229,26.89999771,25.250000000000007
Costa Rica,2022,23.84000015,28.05999756,25.949998855000004
Costa Rica,2023,24.75737772,32.78486015,28.771118935000004
Costa Rica,2024,25.207767280000006,27.844910560000002,26.52633892
Czechia,2000,,15.454807290000005,15.454807290000005
Czechia,2001,,15.441730500000006,15.441730500000006
Czechia,2002,15.933826450000005,15.154880520000006,15.544353485000002
Czechia,2003,15.180107110000002,14.929794309999998,15.05495071
Czechia,2004,15.46681976,15.888809199999997,15.677814479999995
Czechia,2005,15.908519750000004,17.593147280000004,16.750833515000004
Czechia,2006,15.899738309999996,16.716560369999996,16.30814934
Czechia,2007,16.621433249999995,18.316604619999993,17.469018934999994
Czechia,2008,17.046352380000002,19.487579349999997,18.266965865000003
Czechia,2009,16.993236540000005,17.654098509999997,17.323667525000005
Czechia,2010,16.960052490000002,21.739231110000006,19.3496418
Czechia,2011,16.36976242,25.232330319999996,20.801046369999995
Czechia,2012,15.724689490000003,24.275112150000005,19.999900820000008
Czechia,2013,15.212699889999996,22.24594879,18.72932433999999
Czechia,2014,15.348808289999994,23.90815735000001,19.628482819999988
Czechia,2015,14.628921509999998,22.544906609999998,18.586914059999998
Czechia,2016,14.339416509999992,20.361129759999997,17.35027313499998
Czechia,2017,14.050239560000009,18.255760190000004,16.152999875000006
Czechia,2018,13.5,17.30000305,15.400001524999993
Czechia,2019,13.540374749999998,16.281715390000002,14.91104507
Czechia,2020,14.0,17.099998479999996,15.549999240000005
Czechia,2021,13.43434142999999,19.696128850000008,16.56523514
Czechia,2022,13.020202639999994,17.352340690000005,15.186271664999992
Czechia,2023,12.761711120000001,17.621116639999997,15.191413879999999
Czechia,2024,11.013282779999997,16.070808409999998,13.542045595000005
Denmark,2000,7.558456419999999,16.502487180000003,12.030471799999987
Denmark,2001,7.968353270000009,11.11212158,9.540237425
Denmark,2002,7.213104239999993,15.419609070000007,11.316356654999993
Denmark,2003,7.991554260000001,22.70290756,15.347230909999993
Denmark,2004,7.693458559999996,12.554042809999999,10.123750685000005
Denmark,2005,6.9436187700000005,15.734931940000003,11.339275354999998
Denmark,2006,6.480094909999991,13.493587490000003,9.9868412
Denmark,2007,6.611961370000003,13.401371000000005,10.006666185
Denmark,2008,6.648124690000003,15.855491629999996,11.25180816000001
Denmark,2009,6.170089719999993,11.52232361,8.846206665000011
Denmark,2010,5.929901119999997,10.613388059999991,8.271644589999994
Denmark,2011,5.684448250000003,8.360183720000009,7.022315985000006
Denmark,2012,5.060981749999996,8.751586919999994,6.906284334999995
Denmark,2013,4.44029999,7.583580019999999,6.011940005
Denmark,2014,5.003555290000008,12.836555480000001,8.920055385000012
Denmark,2015,5.159011840000005,12.688713069999991,8.923862455000005
Denmark,2016,4.581298829999994,9.828918450000003,7.205108639999992
Denmark,2017,4.372047429999995,11.084030150000004,7.728038789999999
Denmark,2018,4.199996949999999,12.0,8.099998475000007
Denmark,2019,4.87454987000001,13.29031372,9.08243179499999
Denmark,2020,5.100006100000002,10.599998479999996,7.850002289999992
Denmark,2021,5.314796449999989,11.488464359999995,8.401630404999992
Denmark,2022,4.219238279999999,7.867874139999998,6.043556209999991
Denmark,2023,4.279739380000009,7.710868840000003,5.995304110000006
Denmark,2024,4.877784730000002,9.115425110000004,6.996604919999996
Estonia,2000,8.653976440000008,16.55357361,12.603775025000004
Estonia,2001,7.42397308000001,14.707527159999998,11.065750120000004
Estonia,2002,10.323226929999997,13.674110420000005,11.998668675000005
Estonia,2003,9.486473079999996,13.601684570000003,11.544078825000014
Estonia,2004,8.928985589999996,4.974700929999997,6.95184325999999
Estonia,2005,6.632698059999996,6.795715340000001,6.714206700000005
Estonia,2006,6.372749330000005,7.733863830000004,7.053306580000012
Estonia,2007,8.957733160000004,8.099655150000004,8.52869415500001
Estonia,2008,7.657524109999997,10.253936760000002,8.955730435000007
Estonia,2009,6.834114069999998,7.110488900000007,6.972301485000003
Estonia,2010,5.744789130000001,5.346893309999999,5.54584122
Estonia,2011,6.095870970000007,10.706863400000003,8.401367185000012
Estonia,2012,6.611785890000007,10.805435180000003,8.70861053500002
Estonia,2013,6.849655150000004,7.049369810000002,6.94951248000001
Estonia,2014,7.422698969999999,12.504348750000005,9.96352386000001
Estonia,2015,7.112304690000002,9.762313840000004,8.437309264999996
Estonia,2016,8.091613769999995,13.213958739999995,10.652786254999995
Estonia,2017,6.9968109200000015,12.64279938,9.819805149999993
Estonia,2018,6.800003050000001,8.200004579999998,7.500003814999985
Estonia,2019,6.187034610000012,7.346534730000002,6.766784670000007
Estonia,2020,4.506332389999997,3.3472366299999976,3.9267845099999903
Estonia,2021,3.8214187600000002,10.883193969999994,7.35230636499999
Estonia,2022,2.0119018599999947,12.052459720000002,7.032180790000012
Estonia,2023,0.028450010000000248,10.581382750000003,5.3049163799999945
Estonia,2024,-0.18817902000000686,8.73013306,4.270977020000004
European Union (27 countries from 01/02/2020),2022,8.806961049999998,16.77411651,12.790538779999991
European Union (27 countries from 01/02/2020),2023,8.359077450000001,16.21923065,12.289154049999993
Finland,2000,5.176849359999991,29.208251950000005,17.192550655000005
Finland,2001,4.556976309999996,19.36800384,11.962490074999991
Finland,2002,4.271575930000012,12.07619477,8.173885350000006
Finland,2003,4.271644590000008,15.095664979999995,9.683654785000002
Finland,2004,3.781044009999988,20.426467889999998,12.103755949999993
Finland,2005,3.5227050799999944,15.20862579,9.365665435000011
Finland,2006,3.4421234099999936,12.151809689999993,7.796966549999993
Finland,2007,3.2567672699999974,10.189987180000003,6.723377225000007
Finland,2008,3.701370240000003,10.040489189999988,6.870929715000003
Finland,2009,2.8116149899999954,7.317634589999997,5.064624789999996
Finland,2010,3.0083465599999926,15.716384879999993,9.36236572
Finland,2011,4.354492190000002,9.463226320000004,6.90885925500001
Finland,2012,3.2365798900000016,12.001129149999997,7.6188545200000135
Finland,2013,2.9253311199999956,11.903892509999991,7.414611815000001
Finland,2014,2.2971420300000034,12.622184750000002,7.459663390000003
Finland,2015,1.9946060100000125,12.832992559999994,7.41379928500001
Finland,2016,2.8903884900000065,13.608161929999994,8.249275209999993
Finland,2017,2.7246398899999917,15.74178314000001,9.233211514999994
Finland,2018,2.4000015299999973,13.69999695,8.049999240000005
Finland,2019,2.613929740000003,11.949729919999996,7.281829829999992
Finland,2020,3.309410099999994,10.888626099999996,7.099018099999995
Finland,2021,1.8575057900000047,13.161972039999995,7.509738915000014
Finland,2022,0.8727951099999984,7.681175240000002,4.276985174999993
Finland,2023,0.45474243000001024,5.631767279999991,3.0432548550000007
Finland,2024,0.4846801700000043,12.131919859999996,6.308300014999986
France,2000,11.650821690000008,19.165386200000007,15.408103945000008
France,2001,11.542137139999994,20.1922493,15.867193219999997
France,2002,11.553245540000006,20.760471340000002,16.156858440000008
France,2003,10.251502990000006,17.57757949999999,13.914541244999995
France,2004,10.214775079999995,18.629020689999997,14.421897885000007
France,2005,9.353759759999988,18.7188034,14.036281579999994
France,2006,8.83950806,19.801383970000003,14.320446015000002
France,2007,8.294410709999994,17.979076380000002,13.136743545000002
France,2008,7.672760010000005,19.571937559999995,13.622348785000007
France,2009,7.752899169999992,17.365676879999995,12.559288024999987
France,2010,7.592941279999991,17.57780455999999,12.585372919999983
France,2011,7.264289860000005,16.766407020000003,12.015348440000004
France,2012,7.402709959999996,19.150379189999995,13.276544574999988
France,2013,6.66921997,20.936336519999998,13.802778244999999
France,2014,6.760040289999992,17.020980840000007,11.890510565000007
France,2015,6.4651107699999955,17.93462753,12.199869150000005
France,2016,6.10370635999999,18.12904358000001,12.116374969999995
France,2017,6.32945251000001,18.93707275,12.633262630000004
France,2018,5.700004579999998,19.099998479999996,12.400001529999997
France,2019,5.243492130000007,18.526267999999995,11.88488006499999
France,2020,3.6628875700000094,18.025905610000002,10.844396590000017
France,2021,4.451507570000004,16.931861880000007,10.691684725000002
France,2022,4.216438289999999,16.372295379999997,10.294366835000005
France,2023,3.951332090000008,15.297988890000006,9.624660489999997
France,2024,4.19139100000001,15.848491669999994,10.019941334999999
Germany,2000,14.495986940000009,21.210453039999997,17.85321999
Germany,2001,13.782127380000006,20.21958542000001,17.000856400000004
Germany,2002,13.113922119999998,19.46811293999999,16.29101752999999
Germany,2003,12.469429020000007,19.64839935,16.058914185000006
Germany,2004,12.14334869999999,20.08314132000001,16.113245010000007
Germany,2005,11.85038757000001,20.982372279999993,16.416379925
Germany,2006,11.285041809999996,19.754844660000003,15.519943235
Germany,2007,9.81061554,21.268901820000004,15.539758680000006
Germany,2008,10.56889344000001,21.094112399999993,15.831502920000005
Germany,2009,9.591560369999996,19.509449000000004,14.550504684999993
Germany,2010,9.2976532,21.70848083,15.503067015
Germany,2011,8.257438660000005,19.397907259999997,13.827672960000001
Germany,2012,8.95858002,19.795158389999997,14.376869204999991
Germany,2013,8.185150149999998,19.285804740000003,13.735477445000015
Germany,2014,7.6813583399999885,19.04590607,13.363632205000002
Germany,2015,7.0308609000000075,18.67099762000001,12.850929260000001
Germany,2016,6.7170104999999865,16.694816590000002,11.705913545000001
Germany,2017,6.509857179999997,15.8898468,11.199851990000013
Germany,2018,6.599998470000003,16.900001520000004,11.749999994999996
Germany,2019,6.388717650000004,17.36538696000001,11.877052305000007
Germany,2020,5.838729860000001,16.940025329999997,11.389377595000013
Germany,2021,5.671165460000012,17.36486817000001,11.51801681500001
Germany,2022,5.208625789999999,18.037300110000004,11.622962950000002
Germany,2023,4.740211490000007,17.815956110000002,11.278083800000019
Germany,2024,4.503044119999998,16.37329100999999,10.438167564999986
Greece,2000,26.93984985,29.08182908,28.010839465000004
Greece,2001,27.123081210000002,30.784023289999993,28.95355225
Greece,2002,26.534866339999994,28.118347159999992,27.326606749999996
Greece,2003,25.77875519,32.36161041,29.070182800000005
Greece,2004,24.63627244,28.89794922,26.767110830000007
Greece,2005,24.296054839999996,29.101036070000006,26.698545454999994
Greece,2006,23.834331510000005,28.122444160000008,25.978387835000014
Greece,2007,23.49866867,31.43045807,27.464563369999993
Greece,2008,23.071357730000003,32.99440765,28.03288269
Greece,2009,21.69094085999999,29.90806961,25.799505234999998
Greece,2010,20.487987520000004,28.207073209999997,24.347530364999997
Greece,2011,19.375320430000002,28.021118169999994,23.698219300000005
Greece,2012,17.7016182,27.244636529999994,22.473127365000003
Greece,2013,17.934310910000008,25.116394049999997,21.525352480000002
Greece,2014,16.488113409999997,23.161132809999998,19.824623109999997
Greece,2015,15.401142120000003,22.888229370000005,19.144685745000004
Greece,2016,15.09680557,22.986969000000002,19.04188728500001
Greece,2017,15.652996060000007,23.473396300000005,19.563196180000013
Greece,2018,15.899997710000001,25.799999230000005,20.849998470000003
Greece,2019,15.555191040000004,25.736709589999997,20.645950315000007
Greece,2020,16.20555497,23.289585109999997,19.74757004
Greece,2021,15.019687649999995,22.243602749999994,18.631645199999987
Greece,2022,15.60187149,24.629081729999996,20.11547661
Greece,2023,14.680541990000002,27.846076959999998,21.263309475
Greece,2024,14.778160089999993,26.229423520000005,20.503791805000006
Hungary,2000,15.027103429999997,19.536556240000003,17.281829834999996
Hungary,2001,14.961093899999995,20.60386276,17.78247832999999
Hungary,2002,14.360908510000002,23.298946379999997,18.829927444999996
Hungary,2003,13.842376709999996,20.390941620000007,17.116659165
Hungary,2004,13.315887449999998,21.8563919,17.586139675
Hungary,2005,12.772697449999995,16.48133087,14.627014159999987
Hungary,2006,13.119853980000002,18.00997161,15.564912794999998
Hungary,2007,13.828990939999997,15.97806167000001,14.903526305000014
Hungary,2008,13.217655180000001,15.788745879999993,14.50320053
Hungary,2009,12.845951089999993,15.431503289999995,14.138727189999997
Hungary,2010,11.736148839999998,7.461540220000003,9.598844529999994
Hungary,2011,11.898189539999997,17.2423935,14.57029151999999
Hungary,2012,11.477012630000004,15.07513428,13.276073455000002
Hungary,2013,12.341579440000004,17.67015074999999,15.005865094999997
Hungary,2014,12.56510162,21.2040329,16.884567259999997
Hungary,2015,12.933719639999993,20.072433470000007,16.503076555000007
Hungary,2016,13.409252169999995,16.86705017,15.138151169999986
Hungary,2017,14.077545160000014,10.798873900000004,12.438209530000023
Hungary,2018,14.099998470000003,14.0,14.049999235000001
Hungary,2019,14.951042180000002,7.1929244999999895,11.071983339999989
Hungary,2020,10.713653559999997,10.99498749,10.854320524999991
Hungary,2021,9.935707089999994,9.510673530000005,9.723190310000007
Hungary,2022,9.501647950000006,9.649383549999996,9.575515750000008
Hungary,2023,8.724296570000007,15.431953430000007,12.078125
Hungary,2024,7.720581060000001,9.086959839999992,8.403770449999996
Iceland,2000,5.514793390000008,6.143219000000002,5.829006195000005
Iceland,2001,7.558677680000002,7.316497800000008,7.437587739999998
Iceland,2002,7.115432740000003,4.682243339999999,5.898838040000001
Iceland,2003,7.2629470800000036,6.725929260000001,6.994438170000009
Iceland,2004,9.252304080000002,4.615020749999999,6.933662415000015
Iceland,2005,6.671752929999997,5.102943420000003,5.887348175
Iceland,2006,6.83843232000001,11.303527830000007,9.070980075000023
Iceland,2007,8.331336969999995,8.428878789999999,8.380107879999997
Iceland,2008,8.393096920000005,11.067718510000006,9.730407714999998
Iceland,2009,6.5975494399999945,5.121704100000002,5.859626769999991
Iceland,2010,5.751441959999994,5.613227839999993,5.6823348999999865
Iceland,2011,5.6528854399999915,4.373291010000003,5.013088225000004
Iceland,2012,4.236755370000012,6.138504019999999,5.1876296950000125
Iceland,2013,4.815605160000004,6.6413497899999925,5.728477475000005
Iceland,2014,5.51791381000001,4.134361269999999,4.826137540000005
Iceland,2015,4.418601989999999,9.724639889999992,7.0716209400000025
Iceland,2016,5.963844300000005,5.97531128,5.969577790000002
Iceland,2017,5.844696040000002,2.5514602699999926,4.19807815499999
Iceland,2018,5.099998470000003,9.600006100000002,7.350002284999988
Iceland,2019,4.9000091500000025,8.02516937,6.4625892600000014
Iceland,2020,6.0,1.6999969400000055,3.8499984700000027
Iceland,2021,5.18509675,7.407104490000009,6.296100620000004
Iceland,2022,4.739402769999998,5.767585760000003,5.2534942650000005
Iceland,2023,5.209892280000005,8.304862979999996,6.757377630000008
Iceland,2024,6.87825011999999,6.059570320000006,6.468910219999998
Ireland,2000,23.909202570000005,20.95454788,22.431875225000013
Ireland,2001,23.382419589999998,21.62316894,22.50279426499999
Ireland,2002,21.364055629999996,20.580276489999996,20.972166059999992
Ireland,2003,20.95240021,20.76547241,20.858936310000004
Ireland,2004,20.96969986,22.565078740000004,21.76738929999999
Ireland,2005,19.25223923,22.41890335,20.83557128999999
Ireland,2006,19.313030239999996,22.513263699999996,20.91314697
Ireland,2007,17.709053039999993,20.60826111,19.158657074999994
Ireland,2008,17.36910248000001,18.66700745,18.018054965000005
Ireland,2009,15.195339209999993,19.202980049999994,17.199159629999997
Ireland,2010,14.284038539999997,18.46014786,16.372093199999995
Ireland,2011,14.223804469999997,16.58784865999999,15.405826564999998
Ireland,2012,14.163906099999998,16.42653275,15.295219424999999
Ireland,2013,13.454849240000001,17.615821840000002,15.535335539999991
Ireland,2014,13.68780899,17.63862990999999,15.66321945
Ireland,2015,13.589324949999998,18.46753693,16.028430940000007
Ireland,2016,12.430816649999997,18.503448489999997,15.467132570000004
Ireland,2017,11.238594059999997,15.39563751,13.317115784999999
Ireland,2018,10.700004579999998,14.799995420000002,12.75
Ireland,2019,10.803550720000004,14.887786860000006,12.845668790000019
Ireland,2020,10.616210940000002,15.856735220000004,13.236473079999996
Ireland,2021,8.506439209999996,12.465515139999994,10.485977174999988
Ireland,2022,9.293601989999999,12.460273739999991,10.876937864999988
Ireland,2023,7.7024002100000075,12.209922790000007,9.956161500000007
Ireland,2024,7.632644650000003,9.603302,8.617973324999994
Israel,2012,9.95360565,6.5315322800000075,8.242568965000004
Israel,2013,9.700691219999996,6.68764496,8.194168089999991
Israel,2014,8.966369629999988,5.017852790000006,6.9921112100000045
Israel,2015,9.301094059999997,4.240577700000003,6.770835879999993
Israel,2016,8.393569940000006,3.7372741700000063,6.065422055000013
Israel,2017,8.07607268999999,4.6740646299999895,6.375068659999997
Israel,2018,6.299995420000002,4.400001529999997,5.349998475000007
Israel,2019,5.8521499600000055,3.5635299700000047,4.707839965000005
Israel,2020,5.17147064000001,3.7471237200000047,4.459297180000021
Israel,2021,5.159996030000002,3.680000300000003,4.4199981649999955
Italy,2000,27.487712860000002,37.05861664,32.27316475000001
Italy,2001,26.489856720000006,36.926853179999995,31.708354949999993
Italy,2002,26.092006680000004,32.984027860000005,29.53801727000001
Italy,2003,25.860000609999993,34.912506109999995,30.386253359999998
Italy,2004,24.547050469999995,29.486061100000008,27.016555785
Italy,2005,23.856628420000007,30.090148930000005,26.973388674999995
Italy,2006,23.40524292,29.900646209999998,26.652944565000006
Italy,2007,23.339813229999997,29.406360629999995,26.373086929999985
Italy,2008,22.409378049999994,27.971733089999994,25.190555569999994
Italy,2009,22.151977530000003,27.619205480000005,24.885591504999994
Italy,2010,21.695377349999994,27.462043760000007,24.578710555
Italy,2011,21.174327850000005,26.13132858,23.652828215
Italy,2012,20.074966439999997,23.37561035000001,21.725288394999993
Italy,2013,19.597190849999997,21.676857,20.637023924999994
Italy,2014,19.070316309999995,21.26190948,20.166112894999998
Italy,2015,19.71392823,22.862861630000005,21.288394930000003
Italy,2016,19.067146310000005,23.96542358,21.516284945000002
Italy,2017,18.509937290000003,23.815166479999995,21.162551885
Italy,2018,18.300003059999995,24.200004579999998,21.25000381999999
Italy,2019,17.60208893,25.21253204,21.407310484999996
Italy,2020,17.510890960000005,27.92293548,22.716913220000002
Italy,2021,17.006748200000004,26.59489059,21.800819395000005
Italy,2022,16.883861550000006,26.89559174,21.889726645000003
Italy,2023,16.743495940000003,26.55383682,21.64866638000001
Italy,2024,16.556968689999998,27.546115879999995,22.05154228499999
Korea,2021,17.56227112,28.262096400000004,22.912183760000005
Korea,2022,16.56951141999999,27.197010040000002,21.88326072999999
Korea,2023,15.253539939999996,26.433720449999996,20.843630194999996
Korea,2024,14.376385189999993,26.687131049999998,20.531758119999992
Latvia,2017,4.6904067900000115,12.409599299999996,8.550003045000011
Latvia,2018,4.700004579999998,11.599998479999996,8.150001529999997
Latvia,2019,4.458564750000008,8.020759580000004,6.239662164999999
Latvia,2020,4.600631710000002,10.291198730000005,7.445915220000018
Latvia,2021,5.046829219999992,13.231849670000003,9.139339445000005
Latvia,2022,3.930351250000001,12.780319210000002,8.355335230000009
Latvia,2023,4.133285519999987,9.01456451,6.573925015
Latvia,2024,3.399276730000011,13.71389769999999,8.556587214999993
Lithuania,2017,5.317699429999998,10.050918580000001,7.684309005000003
Lithuania,2018,2.9000015200000036,6.0,4.450000759999995
Lithuania,2019,2.19010926,4.430511469999999,3.3103103649999923
Lithuania,2020,2.5999984799999964,7.400001529999997,5.000000005000004
Lithuania,2021,1.7126693700000004,7.1530609200000015,4.432865144999994
Lithuania,2022,0.9820709199999982,5.496482850000007,3.2392768850000095
Lithuania,2023,1.8090057400000035,7.184158329999988,4.496582034999989
Lithuania,2024,2.2839431700000006,10.486663820000004,6.385303495000002
Luxembourg,2000,26.19787979,22.908699030000008,24.553289410000012
Luxembourg,2001,23.238647459999996,25.105579380000002,24.172113420000002
Luxembourg,2002,24.13039398,22.830959319999998,23.480676650000007
Luxembourg,2003,21.013362879999995,23.689178469999995,22.351270674999995
Luxembourg,2004,19.874881740000006,19.717933659999993,19.796407700000003
Luxembourg,2005,18.07737351,20.54072189,19.309047699999994
Luxembourg,2006,15.880893709999995,18.839324950000005,17.360109330000007
Luxembourg,2007,15.71493147999999,16.612960819999998,16.163946149999987
Luxembourg,2008,16.708026890000006,14.87589263999999,15.791959765000001
Luxembourg,2009,14.537868500000002,17.655372619999994,16.09662055999999
Luxembourg,2010,15.153369899999994,16.834220889999997,15.993795394999992
Luxembourg,2011,12.683296200000008,15.394157410000005,14.038726804999996
Luxembourg,2012,11.699325559999998,14.944564819999997,13.321945189999994
Luxembourg,2013,11.012454990000002,15.487228390000013,13.24984169000001
Luxembourg,2014,11.456073759999995,14.685356139999996,13.070714949999996
Luxembourg,2015,8.692974090000007,11.74985504,10.221414565000003
Luxembourg,2016,8.663627619999993,11.752548220000008,10.208087919999997
Luxembourg,2017,5.317699429999998,10.050918580000001,7.684309005000003
Luxembourg,2018,6.700000760000002,7.899993899999998,7.299997330000011
Luxembourg,2019,7.874504090000002,10.160774230000001,9.017639160000002
Luxembourg,2020,3.7999992300000045,9.0,6.399999615000013
Luxembourg,2021,4.879341119999992,8.363067619999995,6.621204369999987
Luxembourg,2022,5.0780715900000075,6.844688409999989,5.9613800000000055
Luxembourg,2023,5.131782539999989,8.592910769999989,6.862346654999996
Luxembourg,2024,2.4862747199999973,7.73065948,5.108467099999999
Mexico,2005,40.09023666,33.68021393,36.885225295
Mexico,2006,39.23573304000001,35.884456629999995,37.560094834999994
Mexico,2007,38.180446620000005,40.397289279999995,39.28886795000001
Mexico,2008,37.92026138000001,40.31344223,39.11685180500001
Mexico,2009,36.619026180000006,35.39826584,36.00864601000001
Mexico,2010,36.464099880000006,38.28664779999999,37.375373839999995
Mexico,2011,36.258941660000005,29.218646999999997,32.738794330000005
Mexico,2012,35.518024450000006,24.290027619999996,29.904026034999994
Mexico,2013,35.06033707,31.40995408,33.23514557499999
Mexico,2014,35.65742874,30.475406640000003,33.06641769000001
Mexico,2015,35.13447952,31.55186844,33.34317398
Mexico,2016,34.87826919,32.135917660000004,33.507093424999994
Mexico,2017,35.14545822,28.08431626000001,31.614887240000016
Mexico,2018,34.50000381,31.39999771,32.95000076
Mexico,2019,33.05709457,27.774188990000006,30.41564178
Mexico,2020,31.67690659,18.91337204,25.295139315
Mexico,2021,32.50000381,26.799999230000005,29.650001519999996
Mexico,2023,30.540294259999996,23.204769549999995,26.872531904999995
Mexico,2024,30.26023046000001,25.61018938000001,27.935209920000005
Netherlands,2000,17.83969116,20.80187988000001,19.32078552
Netherlands,2001,17.26751709,17.10399246,17.185754774999992
Netherlands,2002,16.31394958,20.07571411,18.194831844999996
Netherlands,2003,15.229454039999993,18.604949950000005,16.917201995
Netherlands,2004,13.795906070000001,20.068424219999997,16.932165145
Netherlands,2005,12.769538879999999,19.017868040000003,15.893703459999998
Netherlands,2006,12.631622319999991,19.111843109999995,15.871732714999993
Netherlands,2007,11.555549619999994,17.509532929999992,14.532541275
Netherlands,2008,11.226547240000002,18.627353670000005,14.926950454999997
Netherlands,2009,10.11493682999999,18.01135636,14.063146594999992
Netherlands,2010,10.263854980000005,15.365432739999996,12.814643860000004
Netherlands,2011,9.567962649999998,15.24629212,12.40712738500001
Netherlands,2012,8.908889770000002,15.711872099999994,12.310380935000012
Netherlands,2013,8.719383239999999,16.00600815,12.362695695
Netherlands,2014,9.162460330000002,16.748550419999994,12.955505375000001
Netherlands,2015,8.433120729999999,18.25392533,13.34352303
Netherlands,2016,8.382972719999998,14.730289460000009,11.55663109000001
Netherlands,2017,7.7253570499999995,14.896022799999997,11.310689924999991
Netherlands,2018,7.5,15.80000305,11.650001524999993
Netherlands,2019,7.402870180000008,13.585395820000002,10.494133000000005
Netherlands,2020,6.152191160000001,11.539726260000009,8.84595871000002
Netherlands,2021,5.393218989999994,13.207092279999998,9.30015563500001
Netherlands,2022,5.878814699999992,12.477851869999995,9.178333284999994
Netherlands,2023,6.002906800000005,10.690856939999989,8.346881870000004
Netherlands,2024,5.602516170000001,11.207260129999995,8.40488814999999
New Zealand,2001,14.555557249999993,17.205089570000005,15.880323409999988
New Zealand,2002,14.398994439999996,17.12836837999999,15.763681410000004
New Zealand,2003,13.509468080000005,15.132270809999994,14.320869445
New Zealand,2004,13.532424919999997,17.64094162,15.586683269999995
New Zealand,2005,13.055564880000006,17.093212129999998,15.074388505000002
New Zealand,2006,13.121459959999996,16.639030450000007,14.880245205000008
New Zealand,2007,12.00675201,17.400588990000003,14.703670500000015
New Zealand,2008,11.222976689999996,16.797264100000007,14.010120395000001
New Zealand,2009,10.760246269999996,15.706069939999992,13.233158104999987
New Zealand,2010,10.527915960000001,15.627639769999988,13.077777864999987
New Zealand,2011,10.535438539999987,14.24767304000001,12.391555790000012
New Zealand,2012,10.02207184000001,12.503898620000001,11.262985229999998
New Zealand,2013,9.088493350000007,12.646179200000006,10.867336275000014
New Zealand,2014,8.915596010000002,12.684638980000003,10.800117494999995
New Zealand,2015,8.700004579999998,13.900001520000004,11.30000305
New Zealand,2016,8.542068479999998,13.605003350000004,11.073535914999994
New Zealand,2018,7.5,13.099998479999996,10.299999239999991
New Zealand,2019,6.684120179999994,12.02159881,9.352859495000004
New Zealand,2020,7.580131530000003,12.416580199999999,9.998355864999994
New Zealand,2021,6.595726010000007,11.360580439999993,8.978153225
New Zealand,2022,6.242355350000011,10.578880310000002,8.410617830000007
New Zealand,2023,6.41876984000001,9.391242980000001,7.905006409999999
New Zealand,2024,5.207122799999993,9.550025939999998,7.3785743699999955
Norway,2000,8.097740169999994,12.920989989999995,10.50936507999998
Norway,2001,7.546348570000006,10.136047360000006,8.84119796500002
Norway,2002,5.897270200000008,10.627044679999997,8.26215744000001
Norway,2003,5.96867370999999,16.520324700000003,11.244499204999997
Norway,2004,5.86494445999999,10.960609430000005,8.41277694499999
Norway,2005,6.246208190000004,11.226974490000003,8.73659133999999
Norway,2006,5.962646490000012,12.242530819999999,9.102588655000005
Norway,2007,5.463699339999991,8.767082220000006,7.115390780000013
Norway,2008,5.0508880600000055,9.231254570000004,7.141071315000005
Norway,2009,4.557113649999991,8.777755729999996,6.667434689999993
Norway,2010,4.722068790000009,9.671936029999998,7.19700241000001
Norway,2011,3.8913040199999926,6.784317020000003,5.337810519999991
Norway,2012,4.020240779999995,9.894493100000005,6.957366939999986
Norway,2013,3.347167970000001,9.720031730000002,6.533599850000002
Norway,2014,3.2022170999999986,10.306633000000005,6.754425049999995
Norway,2015,3.222496039999996,10.048736569999988,6.635616304999999
Norway,2016,3.0561065599999893,10.942359920000001,6.999233239999995
Norway,2017,3.076499939999991,8.826416019999996,5.951457980000001
Norway,2018,3.4000015299999973,9.099998470000003,6.25
Norway,2019,3.5585250900000034,9.895439150000001,6.726982120000002
Norway,2020,4.0,6.5,5.25
Norway,2021,3.185844430000003,9.071487419999997,6.128665924999993
Norway,2022,3.681831360000004,9.76282501,6.722328185000009
Norway,2023,3.166999820000001,8.491523740000005,5.82926178000001
Norway,2024,3.7777328499999925,6.375465390000002,5.076599119999997
Poland,2000,,11.298309330000002,11.298309330000002
Poland,2001,,10.993526460000005,10.993526460000005
Poland,2002,,11.780548099999997,11.780548099999997
Poland,2003,,11.573398590000004,11.573398590000004
Poland,2004,12.238227849999994,13.939609520000001,13.088918684999996
Poland,2005,12.690605170000005,11.72611809,12.208361630000006
Poland,2006,13.257038119999997,15.03502083,14.146029474999999
Poland,2007,13.498058319999991,23.07889175,18.288475034999998
Poland,2008,13.961723320000004,13.73880768,13.850265500000006
Poland,2009,13.943393710000002,16.956520079999997,15.449956895
Poland,2010,13.592628480000009,18.087284089999997,15.839956285
Poland,2011,13.758312230000008,13.399974829999998,13.579143530000003
Poland,2012,13.560398099999993,15.11240386,14.336400979999993
Poland,2013,13.724018100000002,13.204353329999996,13.464185714999992
Poland,2014,13.515747070000003,16.244701390000003,14.88022423000001
Poland,2015,13.391220099999998,22.431476590000003,17.911348344999993
Poland,2016,13.726737970000002,14.821487430000005,14.274112700000003
Poland,2017,14.032344819999992,9.591926579999992,11.812135699999985
Poland,2018,13.799999239999998,12.0,12.899999620000003
Poland,2019,14.270893090000001,16.90557099,15.588232039999994
Poland,2020,14.100616450000004,21.752677919999996,17.926647184999993
Poland,2021,13.416656500000002,11.63300323,12.524829865000001
Poland,2022,12.153175349999998,16.767082220000006,14.460128784999995
Poland,2023,11.03217316,21.53050232000001,16.281337739999998
Poland,2024,10.573493959999993,16.277732849999992,13.425613405000007
Portugal,2000,15.368244169999997,10.304199209999993,12.836221690000002
Portugal,2001,14.844558710000001,12.77406311,13.809310910000008
Portugal,2002,14.862831110000002,12.075675960000012,13.469253535000007
Portugal,2003,13.026206970000004,10.687736520000001,11.856971744999996
Portugal,2004,12.276100159999999,14.627090449999997,13.451595305000012
Portugal,2005,11.26847076,10.008949279999996,10.63871001999999
Portugal,2006,11.316856390000012,7.926979059999994,9.621917725000003
Portugal,2007,10.680305480000001,9.441734320000009,10.061019899999991
Portugal,2008,10.610473630000001,10.649566650000011,10.630020140000013
Portugal,2009,9.46321868999999,10.821075440000001,10.142147065000003
Portugal,2010,8.547409049999999,7.117835990000003,7.832622520000001
Portugal,2011,8.945243829999995,6.765449530000012,7.855346679999997
Portugal,2012,7.787979120000003,5.597953799999999,6.692966459999994
Portugal,2013,6.950233449999999,5.0720062299999995,6.011119840000006
Portugal,2014,6.817993169999994,6.701850889999989,6.759922029999984
Portugal,2015,6.324737549999995,7.5787200900000045,6.95172882
Portugal,2016,6.793968199999995,6.179077140000004,6.486522669999999
Portugal,2017,6.36925506,6.387298580000007,6.378276819999996
Portugal,2018,5.8000030599999945,6.4000015200000036,6.100002289999992
Portugal,2019,5.35303497999999,7.122581479999994,6.237808229999999
Portugal,2020,4.703117370000001,8.458969120000006,6.581043245000018
Portugal,2021,4.898757939999996,5.650619500000005,5.27468872
Portugal,2022,4.396278379999998,6.421051030000001,5.4086647049999925
Portugal,2023,4.096221920000005,7.30678558000001,5.701503750000015
Portugal,2024,4.46908569,6.9119033800000125,5.690494534999999
Slovak Republic,2000,,13.645706179999998,13.645706179999998
Slovak Republic,2001,,13.822029109999995,13.822029109999995
Slovak Republic,2002,,13.206176760000005,13.206176760000005
Slovak Republic,2003,13.268878939999993,20.426277160000005,16.84757805000001
Slovak Republic,2004,13.451797489999997,19.020465850000008,16.236131670000006
Slovak Republic,2005,14.844867699999995,28.511413570000002,21.678140635
Slovak Republic,2006,15.40223693,25.91877746000001,20.660507195000008
Slovak Republic,2007,15.159206390000008,17.876441949999993,16.517824169999997
Slovak Republic,2008,15.034999849999998,13.280242920000006,14.157621384999999
Slovak Republic,2009,15.627567290000002,23.426933289999994,19.527250289999998
Slovak Republic,2010,14.619976050000005,34.97507476999999,24.79752540999999
Slovak Republic,2011,15.693313600000003,23.284610750000006,19.48896217500001
Slovak Republic,2012,15.449672700000008,14.005348210000008,14.727510455000015
Slovak Republic,2013,14.75654221,15.356033319999995,15.056287764999993
Slovak Republic,2014,14.697845460000003,23.414245609999995,19.056045534999996
Slovak Republic,2015,13.274139410000004,6.068817139999993,9.671478274999998
Slovak Republic,2016,12.8992157,8.85671997,10.877967835000007
Slovak Republic,2017,12.31127930000001,18.188285829999998,15.249782565000004
Slovak Republic,2018,12.699996940000005,28.300003059999995,20.5
Slovak Republic,2019,12.465522770000007,12.670135489999993,12.567829130000007
Slovak Republic,2020,6.600006100000002,13.659614560000009,10.129810329999998
Slovak Republic,2021,8.007110600000004,10.82831573,9.417713164999995
Slovak Republic,2022,7.51967621,10.195526130000005,8.857601169999995
Slovak Republic,2023,7.39949799,10.123275759999999,8.761386875
Slovak Republic,2024,7.757446290000004,5.104980470000001,6.431213380000003
Slovenia,2000,8.77319336,7.518348689999996,8.145771025000002
Slovenia,2001,10.084106449999993,8.553985589999996,9.319046020000002
Slovenia,2002,9.362861629999998,5.49720001,7.430030819999999
Slovenia,2003,9.796428680000005,5.488395690000004,7.642412184999998
Slovenia,2004,8.829803459999994,6.276382440000006,7.553092949999993
Slovenia,2005,8.85623932,10.648475640000001,9.75235748
Slovenia,2006,8.235252380000006,7.053550720000004,7.644401549999998
Slovenia,2007,9.045890810000003,10.965316770000001,10.00560379000001
Slovenia,2008,7.94921875,11.569076539999998,9.759147645000013
Slovenia,2009,7.4433899,10.916938779999995,9.180164340000005
Slovenia,2010,7.634361269999999,11.21395874000001,9.424160005000005
Slovenia,2011,6.86188507,12.640502929999997,9.751193999999998
Slovenia,2012,6.15068054999999,13.189010620000005,9.66984558499999
Slovenia,2013,6.549545290000012,17.755134579999996,12.152339935
Slovenia,2014,5.966102599999999,16.892520910000002,11.429311755
Slovenia,2015,6.612014770000002,14.642684940000002,10.627349855000006
Slovenia,2016,5.091659540000009,13.021633140000006,9.05664634
Slovenia,2017,5.381187430000011,9.375762929999993,7.3784751800000095
Slovenia,2018,5.4000015200000036,15.600002289999999,10.50000190499999
Slovenia,2019,4.082809439999991,19.595920559999996,11.839365
Slovenia,2020,3.51596069,16.675048829999994,10.095504759999983
Slovenia,2021,4.883651739999991,13.23179626000001,9.057724000000007
Slovenia,2022,4.618255610000006,17.447837829999997,11.033046719999987
Slovenia,2023,4.173683159999996,18.892395019999995,11.533039089999988
Slovenia,2024,4.235801690000002,16.634262090000007,10.435031890000005
Spain,2000,26.688941959999994,28.285823820000005,27.487382889999992
Spain,2001,27.81773758,28.189785000000008,28.00376129
Spain,2002,26.365959170000004,22.40124512,24.38360214500001
Spain,2003,25.01951218,23.88579559,24.452653885000004
Spain,2004,23.615039820000007,23.691467279999998,23.653253550000002
Spain,2005,23.24297714,18.79498291,21.018980025000005
Spain,2006,21.631526940000008,20.495384209999997,21.063455574999992
Spain,2007,20.786682129999996,18.882423400000008,19.834552764999998
Spain,2008,19.166366580000002,16.880287170000003,18.023326874999995
Spain,2009,17.079017639999996,14.480850220000008,15.779933929999999
Spain,2010,15.297843929999999,13.461021419999994,14.37943267499999
Spain,2011,14.032600399999993,13.963066100000006,13.99783325
Spain,2012,11.813262930000008,11.87857056,11.845916745000011
Spain,2013,11.055763240000005,11.513832089999994,11.284797665000013
Spain,2014,10.57604981,12.086189270000006,11.331119540000003
Spain,2015,10.302825920000004,12.235801690000002,11.269313804999996
Spain,2016,9.675315859999998,12.474594120000006,11.074954989999995
Spain,2017,9.75409698,12.682281500000002,11.218189240000001
Spain,2018,9.799995420000002,13.0,11.399997710000008
Spain,2019,8.793655389999998,13.60011292,11.196884154999992
Spain,2020,8.900001529999997,11.30000305,10.100002289999992
Spain,2021,7.52218628,11.146827700000003,9.334506989999994
Spain,2022,7.760910029999991,12.712799070000003,10.236854550000004
Spain,2023,7.069992070000012,11.787269590000008,9.428630830000017
Spain,2024,6.819366450000004,12.45485687,9.637111660000002
Sweden,2000,3.3171386700000056,5.679019930000003,4.498079300000015
Sweden,2001,3.312469489999998,11.168739320000007,7.240604404999999
Sweden,2002,2.7933731100000045,8.614517219999996,5.7039451650000075
Sweden,2003,2.996910099999994,7.6470489499999985,5.321979524999989
Sweden,2004,3.794906619999992,6.4458694500000036,5.120388035000005
Sweden,2005,4.034378050000001,7.353485110000008,5.693931580000012
Sweden,2006,4.001739499999999,9.077239989999995,6.539489744999997
Sweden,2007,3.480125430000001,9.982170109999998,6.731147770000007
Sweden,2008,3.236335749999995,11.665336609999997,7.450836179999996
Sweden,2009,3.473793029999996,11.818939209999996,7.646366119999996
Sweden,2010,4.00139618,12.629348749999991,8.315372464999996
Sweden,2011,3.3633346499999988,12.22390747,7.793621059999992
Sweden,2012,2.823287960000002,12.421890259999998,7.622589109999993
Sweden,2013,2.775230409999992,11.654388429999997,7.214809419999995
Sweden,2014,2.4875259399999976,10.953994750000007,6.720760345000002
Sweden,2015,2.0211868299999907,8.919471740000006,5.470329285000005
Sweden,2016,1.6999969499999992,10.29562378,5.997810364999992
Sweden,2017,1.568702700000003,10.182640079999999,5.875671390000008
Sweden,2018,1.700004579999998,8.30000305,5.000003814999985
Sweden,2019,1.0186462400000096,11.11103057999999,6.064838410000007
Sweden,2020,2.3189544700000084,11.744400019999986,7.031677244999997
Sweden,2021,2.404769900000005,8.679519650000003,5.542144774999997
Sweden,2022,2.036460869999999,10.606979370000005,6.321720119999995
Sweden,2023,1.2378692599999965,9.87451935,5.556194304999991
Sweden,2024,1.3312911999999955,7.415481569999997,4.373386385000003
Switzerland,2000,,17.801147459999996,17.801147459999996
Switzerland,2001,14.400146480000004,20.986160279999993,17.69315338
Switzerland,2002,13.425865180000002,14.886383049999992,14.156124114999983
Switzerland,2003,13.073493959999993,18.049461359999995,15.561477659999994
Switzerland,2004,12.954833980000004,17.24306487999999,15.09894942999999
Switzerland,2005,11.547409049999999,17.549476620000007,14.548442835000003
Switzerland,2006,11.694374089999997,16.74759673999999,14.220985415000001
Switzerland,2007,11.521308899999994,17.820396419999994,14.670852660000008
Switzerland,2008,10.005500790000013,14.89231873,12.44890976000002
Switzerland,2009,8.478889460000005,16.304046639999996,12.39146805
Switzerland,2010,10.231529229999992,15.893585209999998,13.062557220000002
Switzerland,2011,9.624298089999996,17.378028869999994,13.501163479999988
Switzerland,2012,9.85591887999999,15.665588380000003,12.76075363000001
Switzerland,2013,8.56005859999999,15.163879399999999,11.861969000000002
Switzerland,2014,7.000587459999991,14.947212219999997,10.973899839999987
Switzerland,2015,5.681930539999996,15.052330010000006,10.367130275000008
Switzerland,2016,5.7065506,13.593063360000002,9.649806979999994
Switzerland,2017,6.236389160000002,15.104789730000007,10.670589445000019
Switzerland,2018,6.0,14.0,10.0
Switzerland,2019,5.621368410000002,13.04444122000001,9.332904815000006
Switzerland,2020,5.8000030599999945,12.699996940000005,9.25
Switzerland,2021,5.367317200000002,12.354454039999993,8.86088561999999
Switzerland,2022,5.266426080000002,12.471382140000003,8.868904110000003
Switzerland,2023,5.4455642700000055,11.043838500000007,8.244701384999999
Switzerland,2024,4.394287109999993,10.451034539999995,7.422660825000008
Türkiye,2008,47.85864258000001,39.261177059999994,43.55990982
Türkiye,2009,46.37064169999999,40.99503326,43.682837479999996
Türkiye,2010,45.03310967,41.221649170000006,43.127379420000004
Türkiye,2011,44.673658370000005,42.25389862,43.463778495
Türkiye,2012,43.35981559999999,35.426502230000004,39.393158915
Türkiye,2013,42.5022316,33.01894378,37.76058769
Türkiye,2014,43.09796905,38.04520797,40.57158851
Türkiye,2015,42.07794952,42.45382309,42.265886304999995
Türkiye,2016,41.26080704,45.47603226,43.36841964999999
Türkiye,2017,40.50645064999999,46.24891663,43.37768363999999
Türkiye,2018,40.199996940000005,44.5,42.34999847
Türkiye,2019,39.30800629000001,44.85195160000001,42.079978945000015
Türkiye,2020,39.39999771,41.700000769999995,40.54999924
Türkiye,2023,36.97109223,42.07077597999999,39.520934104999995
Türkiye,2024,36.643196110000005,41.48796272,39.065579415
United Kingdom,2000,14.204895019999995,20.938632969999993,17.571763994999998
United Kingdom,2001,13.704650880000003,20.726142890000006,17.215396885000004
United Kingdom,2002,12.911483759999996,19.98192978000001,16.446706770000006
United Kingdom,2003,13.10797882,20.058189390000003,16.583084104999998
United Kingdom,2004,12.371391299999999,19.27825928,15.824825290000007
United Kingdom,2005,12.137725829999994,18.042747499999997,15.090236664999992
United Kingdom,2006,11.51454163000001,20.94923019,16.231885910000003
United Kingdom,2007,11.92298889,21.19710922,16.560049055000007
United Kingdom,2008,11.718696589999993,21.003562929999994,16.361129759999983
United Kingdom,2009,11.20746613,19.603862769999992,15.405664450000003
United Kingdom,2010,10.966232299999987,19.130985260000003,15.048608779999995
United Kingdom,2011,10.7048111,17.870353699999995,14.287582399999991
United Kingdom,2012,10.240196229999995,19.83875656,15.039476394999994
United Kingdom,2013,9.917655949999997,18.051155089999995,13.984405519999996
United Kingdom,2014,9.435462950000002,18.039932249999993,13.73769759999999
United Kingdom,2015,9.231124879999996,16.523918159999994,12.877521519999988
United Kingdom,2016,8.618560790000004,17.57952881,13.099044800000001
United Kingdom,2017,7.6613617000000005,17.390747070000003,12.526054384999995
United Kingdom,2018,7.700004579999998,16.599998470000003,12.150001524999993
United Kingdom,2019,7.208152769999998,15.806480410000006,11.507316590000002
United Kingdom,2021,6.28512572999999,11.281333920000009,8.783229825000006
United Kingdom,2022,6.271736140000002,11.55001068,8.910873410000008
United Kingdom,2023,6.625953670000001,10.674575810000007,8.650264740000011
United Kingdom,2024,5.601051330000004,9.907524109999997,7.7542877199999936
United States,2000,10.774368280000004,24.138717650000004,17.456542964999997
United States,2001,10.401359560000003,23.77470779,17.08803367499999
United States,2002,10.187545780000008,24.004898069999996,17.09622192500001
United States,2003,9.987182619999999,24.66910553000001,17.32814407500001
United States,2004,9.895996090000011,24.882507320000002,17.389251705000007
United States,2005,9.766662589999996,25.258762360000006,17.512712475
United States,2006,9.88045502,24.603450780000003,17.2419529
United States,2007,9.648063659999991,25.25627136,17.452167509999995
United States,2008,9.084045410000002,24.29734802,16.690696715
United States,2009,8.67552185000001,22.904151910000003,15.78983688000001
United States,2010,8.45780945,22.462066649999997,15.459938049999991
United States,2011,8.216056820000006,23.000900269999995,15.608478544999997
United States,2012,8.556671139999992,22.309532170000004,15.433101654999987
United States,2013,8.473594660000003,23.017269130000003,15.745431894999996
United States,2014,8.216796880000004,23.650741579999995,15.933769229999996
United States,2015,8.162086490000007,24.31116104,16.23662376500001
United States,2016,8.246292120000007,23.30616377999999,15.776227950000006
United States,2017,7.9058609000000075,23.01425552,15.46005821
United States,2018,7.899993899999998,22.10000229,14.99999809500001
United States,2019,7.59403992,22.688385009999998,15.141212464999995
United States,2020,7.29576874,22.806537629999994,15.05115318499999
United States,2021,7.249366760000001,23.330734260000007,15.29005051
United States,2022,7.215713499999993,22.118499749999998,14.667106624999988
United States,2023,6.602684030000006,20.63394928000001,13.618316655000015
United States,2024,6.31581116000001,19.994354239999993,13.155082699999994
