country,year,part_time_gap
Argentina,2016,-33.711999999999996
Argentina,2017,-27.465999999999994
Argentina,2018,-33.37799999999999
Argentina,2019,-32.37200000000001
Argentina,2020,-23.563999999999993
Argentina,2021,-27.262
Argentina,2022,-30.858000000000004
Argentina,2023,-35.99
Australia,2001,-47.53956360000001
Australia,2002,-46.78653883999999
Australia,2003,-46.99380099999999
Australia,2004,-46.29520302
Australia,2005,-47.22859374000001
Australia,2006,-46.51192373999999
Australia,2007,-45.63676254000001
Australia,2008,-46.16407749999999
Australia,2009,-44.922
Australia,2010,-43.77199999999999
Australia,2011,-44.94200000000001
Australia,2012,-45.443999999999996
Australia,2013,-44.163999999999994
Australia,2014,-43.355999999999995
Australia,2015,-42.403999999999996
Australia,2016,-40.74199999999999
Australia,2017,-41.145999999999994
Australia,2018,-41.042
Australia,2019,-40.542
Australia,2020,-40.056000000000004
Australia,2021,-38.672
Australia,2022,-39.693999999999996
Australia,2023,-37.286
Australia,2024,-34.99
Austria,1995,-73.14558715999999
Austria,1996,-76.19281487999999
Austria,1997,-75.08449568
Austria,1998,-75.45972187999999
Austria,1999,-76.34128483999999
Austria,2000,-79.09598707999999
Austria,2001,-78.16743928
Austria,2002,-78.51421012
Austria,2003,-77.52211008
Austria,2004,-74.4219545
Austria,2005,-69.7710697
Austria,2006,-70.06039605999999
Austria,2007,-68.8118661
Austria,2008,-65.56327658000001
Austria,2009,-65.93799999999999
Austria,2010,-64.482
Austria,2011,-65.16399999999999
Austria,2012,-65.416
Austria,2013,-62.31999999999999
Austria,2014,-61.768
Austria,2015,-61.651999999999994
Austria,2016,-59.699999999999996
Austria,2017,-59.708
Austria,2018,-61.49199999999999
Austria,2019,-62.554
Austria,2020,-61.324000000000005
Austria,2021,-60.608000000000004
Austria,2022,-59.99199999999999
Austria,2023,-56.52799999999999
Austria,2024,-57.024
Belgium,1983,-58.88632870000001
Belgium,1984,-57.62985598
Belgium,1985,-56.63998839999999
Belgium,1986,-57.458554539999994
Belgium,1987,-57.170092579999995
Belgium,1988,-56.29780416
Belgium,1989,-62.46829697999999
Belgium,1990,-59.89381409999999
Belgium,1991,-61.05902562
Belgium,1992,-67.81430498
Belgium,1993,-65.2684619
Belgium,1994,-64.0230013
Belgium,1995,-65.14655472000001
Belgium,1996,-65.48721468
Belgium,1997,-66.09062478000001
Belgium,1998,-65.09105242000001
Belgium,1999,-58.99054744
Belgium,2000,-60.22538829999999
Belgium,2001,-65.22523566000001
Belgium,2002,-64.2843934
Belgium,2003,-63.81862038
Belgium,2004,-62.80804476
Belgium,2005,-62.29298435999999
Belgium,2006,-65.00776026
Belgium,2007,-63.237059259999995
Belgium,2008,-64.39213520000001
Belgium,2009,-62.99199999999999
Belgium,2010,-62.756
Belgium,2011,-61.99799999999999
Belgium,2012,-61.97999999999999
Belgium,2013,-63.94200000000001
Belgium,2014,-60.843999999999994
Belgium,2015,-60.879999999999995
Belgium,2016,-60.592000000000006
Belgium,2017,-59.20400000000001
Belgium,2018,-59.858000000000004
Belgium,2019,-58.614000000000004
Belgium,2020,-55.645999999999994
Belgium,2021,-52.135999999999996
Belgium,2022,-48.824000000000005
Belgium,2023,-48.114000000000004
Belgium,2024,-46.02600000000001
Brazil,2001,-40.752892419999995
Brazil,2002,-41.367976199999994
Brazil,2003,-40.05675282000001
Brazil,2004,-39.633971980000005
Brazil,2005,-39.99195602
Brazil,2006,-39.212105400000006
Brazil,2007,-37.78195488
Brazil,2008,-38.501533120000005
Brazil,2009,-38.5
Brazil,2011,-33.385999999999996
Brazil,2012,-29.626000000000005
Brazil,2013,-29.050000000000004
Brazil,2014,-27.915999999999997
Brazil,2015,-26.072000000000003
Brazil,2016,-25.067999999999998
Brazil,2017,-24.453999999999994
Brazil,2018,-24.165999999999997
Brazil,2019,-23.819999999999993
Brazil,2020,-24.146
Brazil,2021,-22.641999999999996
Brazil,2022,-23.994
Brazil,2023,-25.105999999999995
Brazil,2024,-23.727999999999994
Bulgaria,2000,-21.294898860000004
Bulgaria,2001,-20.175070340000005
Bulgaria,2002,-23.207134019999998
Bulgaria,2003,-21.5072435
Bulgaria,2004,-14.590333400000006
Bulgaria,2005,-26.144020620000006
Bulgaria,2006,-28.7535112
Bulgaria,2007,-30.66176306
Bulgaria,2008,-36.418283779999996
Bulgaria,2009,-33.722
Bulgaria,2010,-24.134
Bulgaria,2011,-22.120000000000005
Bulgaria,2012,-21.08
Bulgaria,2013,-25.372
Bulgaria,2014,-21.019999999999996
Bulgaria,2015,-24.004000000000005
Bulgaria,2016,-19.914
Bulgaria,2017,-17.441999999999993
Bulgaria,2018,-20.623999999999995
Bulgaria,2019,-21.104
Bulgaria,2020,-24.218000000000004
Bulgaria,2021,-34.012
Bulgaria,2022,-28.163999999999994
Bulgaria,2023,-15.941999999999993
Bulgaria,2024,-16.605999999999995
Canada,1976,-43.45064339999999
Canada,1977,-43.182369120000004
Canada,1978,-43.96977251999999
Canada,1979,-44.55951152
Canada,1980,-44.918511239999994
Canada,1981,-44.327979379999995
Canada,1982,-43.56530018000001
Canada,1983,-41.43856714
Canada,1984,-40.7062172
Canada,1985,-42.65289138
Canada,1986,-42.028690780000005
Canada,1987,-43.084516640000004
Canada,1988,-43.573849319999994
Canada,1989,-43.20311495999999
Canada,1990,-42.03373995999999
Canada,1991,-40.93255067999999
Canada,1992,-39.904416160000004
Canada,1993,-38.157341220000006
Canada,1994,-39.684663699999994
Canada,1995,-39.279800740000006
Canada,1996,-40.070305639999994
Canada,1997,-41.55417462
Canada,1998,-41.156182699999995
Canada,1999,-41.08920594
Canada,2000,-40.35114920000001
Canada,2001,-39.58899339999999
Canada,2002,-39.42418946000001
Canada,2003,-39.742959500000005
Canada,2004,-39.64887443999999
Canada,2005,-39.109591179999995
Canada,2006,-37.678007699999995
Canada,2007,-37.749931479999994
Canada,2008,-37.363300820000006
Canada,2009,-36.434
Canada,2010,-36.961999999999996
Canada,2011,-35.614000000000004
Canada,2012,-36.50800000000001
Canada,2013,-35.548
Canada,2014,-35.370000000000005
Canada,2015,-34.808
Canada,2016,-33.087999999999994
Canada,2017,-32.34
Canada,2018,-33.756
Canada,2019,-31.735999999999997
Canada,2020,-31.620000000000005
Canada,2021,-28.866000000000007
Canada,2022,-32.172
Canada,2023,-28.903999999999996
Canada,2024,-28.484
Chile,1996,-18.666738699999996
Chile,1997,-20.966975379999994
Chile,1998,-26.092234079999997
Chile,1999,-12.771516239999997
Chile,2000,-9.924132959999994
Chile,2001,-5.063583600000001
Chile,2002,-4.273183439999997
Chile,2003,-7.885758999999993
Chile,2004,-13.450231900000006
Chile,2005,-11.064684060000005
Chile,2006,-14.487052520000006
Chile,2007,-16.61026364
Chile,2008,-16.035949720000005
Chile,2009,-15.194000000000003
Chile,2010,-17.352000000000004
Chile,2011,-22.296000000000006
Chile,2012,-24.39
Chile,2013,-24.052000000000007
Chile,2014,-25.144000000000005
Chile,2015,-24.165999999999997
Chile,2016,-23.730000000000004
Chile,2017,-23.209999999999994
Chile,2018,-20.965999999999994
Chile,2019,-20.156000000000006
Chile,2020,-15.415999999999997
Chile,2021,-14.629999999999995
Chile,2022,-20.122
Chile,2023,-19.372
Chile,2024,-18.224000000000004
Colombia,2001,-24.445683340000002
Colombia,2002,-24.557637920000005
Colombia,2003,-25.675331479999997
Colombia,2004,-26.806381040000005
Colombia,2005,-23.790208519999993
Colombia,2007,-25.236215180000002
Colombia,2008,-31.931358859999996
Colombia,2009,-33.574000000000005
Colombia,2010,-33.452
Colombia,2011,-34.461999999999996
Colombia,2012,-34.01
Colombia,2013,-35.13399999999999
Colombia,2014,-36.635999999999996
Colombia,2015,-38.49000000000001
Colombia,2016,-40.135999999999996
Colombia,2017,-39.550000000000004
Colombia,2018,-39.238
Colombia,2019,-37.02000000000001
Colombia,2020,-32.602000000000004
Colombia,2021,-25.212000000000003
Colombia,2022,-29.195999999999998
Colombia,2023,-34.68000000000001
Colombia,2024,-32.828
Costa Rica,2010,-32.858000000000004
Costa Rica,2011,-31.360000000000007
Costa Rica,2012,-35.026
Costa Rica,2013,-33.318000000000005
Costa Rica,2014,-28.03
Costa Rica,2015,-30.038000000000004
Costa Rica,2016,-26.804000000000002
Costa Rica,2017,-29.747999999999998
Costa Rica,2018,-35.605999999999995
Costa Rica,2019,-33.123999999999995
Costa Rica,2020,-22.894000000000005
Costa Rica,2021,-26.840000000000003
Costa Rica,2022,-35.214
Costa Rica,2023,-27.945999999999998
Costa Rica,2024,-34.598000000000006
Croatia,2002,-15.111513720000005
Croatia,2003,-29.001932100000005
Croatia,2004,-20.300298319999996
Croatia,2005,-19.54607378
Croatia,2006,-21.120499859999995
Croatia,2007,-21.993135359999997
Croatia,2008,-20.014918840000007
Croatia,2009,-25.799999999999997
Croatia,2010,-31.590000000000003
Croatia,2011,-20.819999999999993
Croatia,2012,-16.915999999999997
Croatia,2013,-12.153999999999996
Croatia,2014,-23.116
Croatia,2015,-16.367999999999995
Croatia,2016,-19.286
Croatia,2017,-15.191999999999993
Croatia,2018,-24.183999999999997
Croatia,2019,-34.63999999999999
Croatia,2020,-30.247999999999998
Croatia,2021,-20.83
Croatia,2022,-22.256
Croatia,2023,-12.733999999999995
Croatia,2024,-29.784
Cyprus,2000,-42.83745324
Cyprus,2001,-45.44222307999999
Cyprus,2002,-51.056042420000004
Cyprus,2003,-43.2287173
Cyprus,2004,-54.00207186
Cyprus,2005,-58.486001640000005
Cyprus,2006,-57.52858698
Cyprus,2007,-51.26341624
Cyprus,2008,-48.88510683999999
Cyprus,2009,-47.300000000000004
Cyprus,2010,-37.599999999999994
Cyprus,2011,-32.766
Cyprus,2012,-35.593999999999994
Cyprus,2013,-33.716
Cyprus,2014,-28.705999999999996
Cyprus,2015,-27.348
Cyprus,2016,-22.447999999999993
Cyprus,2017,-27.769999999999996
Cyprus,2018,-31.376000000000005
Cyprus,2019,-39.331999999999994
Cyprus,2020,-33.922
Cyprus,2021,-17.489999999999995
Cyprus,2022,-20.965999999999994
Cyprus,2023,-28.566000000000003
Cyprus,2024,-29.849999999999994
Czechia,1993,-37.51075218
Czechia,1994,-35.40029622
Czechia,1995,-40.4235468
Czechia,1996,-34.695464320000006
Czechia,1997,-38.110248680000005
Czechia,1998,-39.98511658000001
Czechia,1999,-41.79722902
Czechia,2000,-44.907641180000006
Czechia,2001,-43.98155542000001
Czechia,2002,-46.703344060000006
Czechia,2003,-43.863933599999996
Czechia,2004,-56.666666660000004
Czechia,2005,-54.39397398
Czechia,2006,-55.795268560000004
Czechia,2007,-53.80561897999999
Czechia,2008,-53.81915996000001
Czechia,2009,-48.23599999999999
Czechia,2010,-47.330000000000005
Czechia,2011,-53.94800000000001
Czechia,2012,-47.370000000000005
Czechia,2013,-49.25
Czechia,2014,-48.74600000000001
Czechia,2015,-47.762
Czechia,2016,-51.21600000000001
Czechia,2017,-53.55799999999999
Czechia,2018,-51.861999999999995
Czechia,2019,-46.717999999999996
Czechia,2020,-48.268
Czechia,2021,-46.25999999999999
Czechia,2022,-41.946
Czechia,2023,-40.71600000000001
Czechia,2024,-43.156000000000006
Denmark,1983,-64.03357126
Denmark,1984,-61.15355206000001
Denmark,1985,-59.636829260000006
Denmark,1986,-54.956750940000006
Denmark,1987,-52.23708682
Denmark,1988,-53.83904713999999
Denmark,1989,-51.54137516
Denmark,1990,-45.52065044
Denmark,1991,-45.07773094000001
Denmark,1992,-46.390206559999996
Denmark,1993,-43.501673600000004
Denmark,1994,-40.33290790000001
Denmark,1995,-37.75184114000001
Denmark,1996,-33.73325392
Denmark,1997,-30.506071219999995
Denmark,1998,-39.33942944
Denmark,1999,-37.27643952
Denmark,2000,-37.557103399999995
Denmark,2001,-36.435616339999996
Denmark,2002,-31.746532159999994
Denmark,2003,-32.86704966
Denmark,2004,-33.402023979999996
Denmark,2005,-31.473106840000007
Denmark,2006,-32.133509419999996
Denmark,2007,-29.479271420000003
Denmark,2008,-25.625207579999994
Denmark,2009,-29.554000000000002
Denmark,2010,-32.536
Denmark,2011,-30.578000000000003
Denmark,2012,-26.982
Denmark,2013,-28.675999999999995
Denmark,2014,-26.536
Denmark,2015,-26.933999999999997
Denmark,2016,-23.424000000000007
Denmark,2017,-23.319999999999993
Denmark,2018,-26.686000000000007
Denmark,2019,-24.989999999999995
Denmark,2020,-24.400000000000006
Denmark,2021,-23.992000000000004
Denmark,2022,-24.022000000000006
Denmark,2023,-25.382000000000005
Denmark,2024,-21.912000000000006
Estonia,2000,-34.69671774
Estonia,2001,-29.617520579999997
Estonia,2002,-31.936597860000006
Estonia,2003,-25.718654040000004
Estonia,2004,-24.771157239999994
Estonia,2005,-38.27312902
Estonia,2006,-50.015366580000006
Estonia,2007,-44.877492960000005
Estonia,2008,-41.92442801999999
Estonia,2009,-37.52000000000001
Estonia,2010,-35.772
Estonia,2011,-41.062000000000005
Estonia,2012,-42.824000000000005
Estonia,2013,-37.49799999999999
Estonia,2014,-31.651999999999994
Estonia,2015,-38.19
Estonia,2016,-31.454
Estonia,2017,-35.27
Estonia,2018,-35.308
Estonia,2019,-35.5
Estonia,2020,-31.075999999999993
Estonia,2021,-36.22200000000001
Estonia,2022,-37.373999999999995
Estonia,2023,-33.668000000000006
Estonia,2024,-33.084
European Union (19 countries) in OECD,1983,-65.27148686000001
European Union (19 countries) in OECD,1984,-63.527500440000004
European Union (19 countries) in OECD,1985,-61.91354129999999
European Union (19 countries) in OECD,1986,-60.725220760000006
European Union (19 countries) in OECD,1987,-57.43539369999999
European Union (19 countries) in OECD,1988,-58.22537362
European Union (19 countries) in OECD,1989,-58.52468854
European Union (19 countries) in OECD,1990,-60.14388657999999
European Union (19 countries) in OECD,1991,-60.76640702
European Union (19 countries) in OECD,1992,-61.40286441999999
European Union (19 countries) in OECD,1993,-61.98446885999999
European Union (19 countries) in OECD,1994,-60.81434433999999
European Union (19 countries) in OECD,1995,-60.36752265999999
European Union (19 countries) in OECD,1996,-60.084550320000005
European Union (19 countries) in OECD,1997,-59.71338349999999
European Union (19 countries) in OECD,1998,-58.48207846
European Union (19 countries) in OECD,1999,-58.831720340000004
European Union (19 countries) in OECD,2000,-60.10240528
European Union (19 countries) in OECD,2001,-60.901765399999995
European Union (19 countries) in OECD,2002,-60.89529374
European Union (19 countries) in OECD,2003,-61.067609360000006
European Union (19 countries) in OECD,2004,-61.18378138
European Union (19 countries) in OECD,2005,-60.507887540000006
European Union (19 countries) in OECD,2006,-60.025474519999996
European Union (19 countries) in OECD,2007,-60.366781419999995
European Union (19 countries) in OECD,2008,-59.68023006000001
European Union (19 countries) in OECD,2009,-59.413999999999994
European Union (19 countries) in OECD,2010,-58.672
European Union (19 countries) in OECD,2011,-57.382000000000005
European Union (19 countries) in OECD,2012,-56.494
European Union (19 countries) in OECD,2013,-54.78
European Union (19 countries) in OECD,2014,-53.81399999999999
European Union (19 countries) in OECD,2015,-53.57599999999999
European Union (19 countries) in OECD,2016,-53.096000000000004
European Union (19 countries) in OECD,2017,-53.12200000000001
European Union (19 countries) in OECD,2018,-53.604000000000006
European Union (19 countries) in OECD,2019,-53.312000000000005
European Union (19 countries) in OECD,2020,-52.256
European Union (19 countries) in OECD,2021,-50.738
European Union (19 countries) in OECD,2022,-50.145999999999994
European Union (19 countries) in OECD,2023,-49.681999999999995
European Union (19 countries) in OECD,2024,-49.906000000000006
European Union (22 countries) in OECD,1983,-65.20624684
European Union (22 countries) in OECD,1984,-63.375918039999995
European Union (22 countries) in OECD,1985,-61.788612660000005
European Union (22 countries) in OECD,1986,-60.39580355999999
European Union (22 countries) in OECD,1987,-57.994630980000004
European Union (22 countries) in OECD,1988,-58.529297719999995
European Union (22 countries) in OECD,1989,-58.54666460000001
European Union (22 countries) in OECD,1990,-59.70531306000001
European Union (22 countries) in OECD,1991,-60.221793240000004
European Union (22 countries) in OECD,1992,-60.75657106
European Union (22 countries) in OECD,1993,-60.8592678
European Union (22 countries) in OECD,1994,-59.638262639999994
European Union (22 countries) in OECD,1995,-59.147467500000005
European Union (22 countries) in OECD,1996,-58.76866759999999
European Union (22 countries) in OECD,1997,-55.19198109999999
European Union (22 countries) in OECD,1998,-54.81143908000001
European Union (22 countries) in OECD,1999,-54.445009160000005
European Union (22 countries) in OECD,2000,-55.96398790000001
European Union (22 countries) in OECD,2001,-57.355684800000006
European Union (22 countries) in OECD,2002,-57.87191508000001
European Union (22 countries) in OECD,2003,-58.213022300000006
European Union (22 countries) in OECD,2004,-58.266683699999994
European Union (22 countries) in OECD,2005,-57.75610824
European Union (22 countries) in OECD,2006,-57.48632332
European Union (22 countries) in OECD,2007,-57.78647128
European Union (22 countries) in OECD,2008,-57.23598784000001
European Union (22 countries) in OECD,2009,-57.23400000000001
European Union (22 countries) in OECD,2010,-56.49600000000001
European Union (22 countries) in OECD,2011,-55.331999999999994
European Union (22 countries) in OECD,2012,-54.56399999999999
European Union (22 countries) in OECD,2013,-53.03399999999999
European Union (22 countries) in OECD,2014,-52.138000000000005
European Union (22 countries) in OECD,2015,-51.925999999999995
European Union (22 countries) in OECD,2016,-51.596000000000004
European Union (22 countries) in OECD,2017,-51.69
European Union (22 countries) in OECD,2018,-52.129999999999995
European Union (22 countries) in OECD,2019,-51.72399999999999
European Union (22 countries) in OECD,2020,-50.629999999999995
European Union (22 countries) in OECD,2021,-49.548
European Union (22 countries) in OECD,2022,-48.81399999999999
European Union (22 countries) in OECD,2023,-48.458
European Union (22 countries) in OECD,2024,-48.59
European Union (27 countries),1983,-65.20624684
European Union (27 countries),1984,-63.375918039999995
European Union (27 countries),1985,-61.788612660000005
European Union (27 countries),1986,-60.39580355999999
European Union (27 countries),1987,-57.994630980000004
European Union (27 countries),1988,-58.529297719999995
European Union (27 countries),1989,-58.54666460000001
European Union (27 countries),1990,-59.70531306000001
European Union (27 countries),1991,-60.221793240000004
European Union (27 countries),1992,-60.75657106
European Union (27 countries),1993,-60.8592678
European Union (27 countries),1994,-59.638262639999994
European Union (27 countries),1995,-59.147467500000005
European Union (27 countries),1996,-58.76866759999999
European Union (27 countries),1997,-55.19198109999999
European Union (27 countries),1998,-54.81143908000001
European Union (27 countries),1999,-54.445009160000005
European Union (27 countries),2000,-55.23820395999999
European Union (27 countries),2001,-56.56070700000001
European Union (27 countries),2002,-57.12267560000001
European Union (27 countries),2003,-57.493434500000006
European Union (27 countries),2004,-57.506009500000005
European Union (27 countries),2005,-57.103862359999994
European Union (27 countries),2006,-56.94191513999999
European Union (27 countries),2007,-57.289535840000006
European Union (27 countries),2008,-56.78359072000001
European Union (27 countries),2009,-56.708
European Union (27 countries),2010,-55.931999999999995
European Union (27 countries),2011,-54.855999999999995
European Union (27 countries),2012,-54.078
European Union (27 countries),2013,-52.580000000000005
European Union (27 countries),2014,-51.744
European Union (27 countries),2015,-51.407999999999994
European Union (27 countries),2016,-51.11600000000001
European Union (27 countries),2017,-51.22399999999999
European Union (27 countries),2018,-51.73599999999999
European Union (27 countries),2019,-51.361999999999995
European Union (27 countries),2020,-50.28999999999999
European Union (27 countries),2021,-49.166
European Union (27 countries),2022,-48.49199999999999
European Union (27 countries),2023,-48.093999999999994
European Union (27 countries),2024,-48.268
Finland,1989,-33.333333339999996
Finland,1990,-34.04255319999999
Finland,1991,-27.95698924
Finland,1992,-27.68361582
Finland,1993,-25.27472528
Finland,1994,-25.555555560000002
Finland,1995,-29.213483139999994
Finland,1996,-28.409090899999995
Finland,1997,-27.363184079999996
Finland,1998,-27.10280374
Finland,1999,-29.77777778
Finland,2000,-27.5
Finland,2001,-26.829268299999995
Finland,2002,-29.23076924
Finland,2003,-27.067669179999996
Finland,2004,-28.717948720000003
Finland,2005,-29.961089500000007
Finland,2006,-28.517110260000003
Finland,2007,-31.598513020000006
Finland,2008,-30.62730628
Finland,2009,-30.22
Finland,2010,-28.226
Finland,2011,-25.581999999999994
Finland,2012,-27.334000000000003
Finland,2013,-29.252000000000002
Finland,2014,-28.532000000000004
Finland,2015,-23.956000000000003
Finland,2016,-26.298000000000002
Finland,2017,-25.159999999999997
Finland,2018,-27.126000000000005
Finland,2019,-28.828000000000003
Finland,2020,-23.724000000000004
Finland,2021,-23.738
Finland,2022,-24.421999999999997
Finland,2023,-24.83
Finland,2024,-21.224000000000004
France,1983,-62.87376499999999
France,1984,-59.851771979999995
France,1985,-56.64054632
France,1986,-55.19934782000001
France,1987,-54.54013888
France,1988,-56.60356723999999
France,1989,-55.81833348000001
France,1990,-58.574401980000005
France,1991,-59.11871094
France,1992,-59.100461179999996
France,1993,-59.42923759999999
France,1994,-58.327947099999996
France,1995,-56.93924788000001
France,1996,-56.00288689999999
France,1997,-56.89486120000001
France,1998,-56.66516089999999
France,1999,-57.17641118
France,2000,-60.822383419999994
France,2001,-61.34042195999999
France,2002,-61.664544580000005
France,2003,-62.35461862
France,2004,-61.947020280000004
France,2005,-59.83082374
France,2006,-60.419241160000006
France,2007,-61.98063633999999
France,2008,-60.74450873999999
France,2009,-60.762
France,2010,-57.449999999999996
France,2011,-56.367999999999995
France,2012,-56.786
France,2013,-55.592000000000006
France,2014,-53.166
France,2015,-52.568000000000005
France,2016,-51.786
France,2017,-51.048
France,2018,-49.72800000000001
France,2019,-49.413999999999994
France,2020,-48.602000000000004
France,2021,-47.988
France,2022,-46.156000000000006
France,2023,-45.69
France,2024,-46.830000000000005
G7,1976,-43.45064339999999
G7,1977,-43.182369120000004
G7,1978,-43.96977251999999
G7,1979,-40.560573680000005
G7,1980,-40.53238886
G7,1981,-41.02359641999999
G7,1982,-40.12432034
G7,1983,-54.01263281999999
G7,1984,-53.850795180000006
G7,1985,-52.94400855999999
G7,1986,-52.66285524
G7,1987,-52.172642059999994
G7,1988,-52.36637160000001
G7,1989,-53.335982599999994
G7,1990,-53.059085839999995
G7,1991,-52.621967600000005
G7,1992,-51.459868779999994
G7,1993,-51.111119720000005
G7,1994,-52.009864840000006
G7,1995,-51.78350864000001
G7,1996,-51.82409582
G7,1997,-51.18433924000001
G7,1998,-50.803214059999995
G7,1999,-50.892243199999996
G7,2000,-51.4844459
G7,2001,-51.174736499999995
G7,2002,-51.387989860000005
G7,2003,-51.320803680000004
G7,2004,-51.41950177999999
G7,2005,-51.517627299999994
G7,2006,-51.3442915
G7,2007,-51.35552139999999
G7,2008,-49.897490299999994
G7,2009,-48.614000000000004
G7,2010,-48.20400000000001
G7,2011,-47.592000000000006
G7,2012,-47.77600000000001
G7,2013,-46.68600000000001
G7,2014,-46.78999999999999
G7,2015,-46.581999999999994
G7,2016,-46.56
G7,2017,-47.093999999999994
G7,2018,-46.870000000000005
G7,2019,-45.669999999999995
G7,2020,-44.298
G7,2021,-43.693999999999996
G7,2022,-43.846000000000004
G7,2023,-43.52600000000001
G7,2024,-42.337999999999994
Germany,1983,-84.491622818
Germany,1984,-83.760095636
Germany,1985,-83.73777616400001
Germany,1986,-83.159371982
Germany,1987,-84.408170543
Germany,1988,-83.652875881
Germany,1989,-81.55394982300001
Germany,1990,-81.581056597
Germany,1991,-81.144295822
Germany,1992,-79.86436402000001
Germany,1993,-79.29082416
Germany,1994,-76.1999218
Germany,1995,-74.9629348
Germany,1996,-73.83449680000001
Germany,1997,-72.55599233999999
Germany,1998,-70.62339671999999
Germany,1999,-70.6185634
Germany,2000,-71.61844368000001
Germany,2001,-71.64971048000001
Germany,2002,-70.17010306
Germany,2003,-69.28696303999999
Germany,2004,-68.38992704
Germany,2005,-66.08587698
Germany,2006,-64.91717922000001
Germany,2007,-64.73017654
Germany,2008,-64.26279973999999
Germany,2009,-64.382
Germany,2010,-65.362
Germany,2011,-63.852000000000004
Germany,2012,-63.349999999999994
Germany,2013,-62.361999999999995
Germany,2014,-61.846000000000004
Germany,2015,-61.78399999999999
Germany,2016,-61.062000000000005
Germany,2017,-60.169999999999995
Germany,2018,-60.337999999999994
Germany,2019,-59.548
Germany,2020,-57.97
Germany,2021,-56.50399999999999
Germany,2022,-55.635999999999996
Germany,2023,-54.644000000000005
Germany,2024,-55.162000000000006
Greece,1983,-20.28735114
Greece,1984,-18.64305014
Greece,1985,-28.0770603
Greece,1986,-20.703738619999996
Greece,1987,-28.961748639999996
Greece,1988,-27.435209999999998
Greece,1989,-25.88926694
Greece,1990,-23.755868539999994
Greece,1991,-20.21243362
Greece,1992,-21.68638156
Greece,1993,-23.942915740000004
Greece,1994,-20.829376420000003
Greece,1995,-25.569537139999994
Greece,1996,-28.358333060000007
Greece,1997,-28.521481120000004
Greece,1998,-28.668791459999994
Greece,1999,-30.040970259999995
Greece,2000,-31.59372044
Greece,2001,-34.909937140000004
Greece,2002,-38.11445294000001
Greece,2003,-38.85706475999999
Greece,2004,-38.15211456
Greece,2005,-39.026184519999994
Greece,2006,-36.380698880000004
Greece,2007,-37.946693780000004
Greece,2008,-38.16412295999999
Greece,2009,-38.105999999999995
Greece,2010,-34.774
Greece,2011,-28.617999999999995
Greece,2012,-29.111999999999995
Greece,2013,-26.604
Greece,2014,-23.123999999999995
Greece,2015,-24.47
Greece,2016,-23.92
Greece,2017,-25.524
Greece,2018,-24.506
Greece,2019,-27.418000000000006
Greece,2020,-29.744
Greece,2021,-36.482
Greece,2022,-35.198
Greece,2023,-40.226
Greece,2024,-38.867999999999995
Hungary,1995,-35.440612859999995
Hungary,1996,-38.86671944
Hungary,1997,-42.695571
Hungary,1998,-42.46604912000001
Hungary,1999,-39.3261579
Hungary,2000,-44.468743960000005
Hungary,2001,-38.092280859999995
Hungary,2002,-42.443142599999995
Hungary,2003,-40.555411459999995
Hungary,2004,-38.171104899999996
Hungary,2005,-44.082505080000004
Hungary,2006,-43.40604741999999
Hungary,2007,-39.65191709999999
Hungary,2008,-31.1407077
Hungary,2009,-31.746000000000002
Hungary,2010,-32.93600000000001
Hungary,2011,-23.986000000000004
Hungary,2012,-31.484
Hungary,2013,-26.379999999999995
Hungary,2014,-27.323999999999998
Hungary,2015,-30.104000000000006
Hungary,2016,-33.388000000000005
Hungary,2017,-32.798
Hungary,2018,-37.37200000000001
Hungary,2019,-39.12799999999999
Hungary,2020,-36.961999999999996
Hungary,2021,-35.111999999999995
Hungary,2022,-28.78
Hungary,2023,-32.175999999999995
Hungary,2024,-27.233999999999995
Iceland,1991,-63.21059217999999
Iceland,1992,-63.107501320000004
Iceland,1993,-59.36275789999999
Iceland,1994,-56.55139134000001
Iceland,1995,-59.642472940000005
Iceland,1996,-61.934565899999996
Iceland,1997,-54.86161748000001
Iceland,1998,-58.49576454000001
Iceland,1999,-55.20514403999999
Iceland,2000,-54.78377330000001
Iceland,2001,-54.52183262
Iceland,2002,-47.804441
Iceland,2003,-51.00137835999999
Iceland,2004,-52.96381199999999
Iceland,2005,-55.386042360000005
Iceland,2006,-51.627885340000006
Iceland,2007,-47.13971563999999
Iceland,2008,-44.434683820000004
Iceland,2009,-41.331999999999994
Iceland,2010,-38.72800000000001
Iceland,2011,-38.798
Iceland,2012,-33.43600000000001
Iceland,2013,-36.792
Iceland,2014,-34.554
Iceland,2015,-33.244
Iceland,2016,-31.180000000000007
Iceland,2017,-33.17400000000001
Iceland,2018,-33.504
Iceland,2019,-35.175999999999995
Iceland,2020,-33.34
Iceland,2021,-36.26599999999999
Iceland,2022,-32.464
Iceland,2023,-32.578
Iceland,2024,-28.842000000000006
Indonesia,2000,-16.409392299999993
Indonesia,2001,-10.875325919999995
Indonesia,2002,-8.045224180000005
Indonesia,2003,-7.839064539999995
Indonesia,2005,-4.283305780000006
Indonesia,2006,-1.2162144600000033
Indonesia,2007,-3.9488429999999966
Indonesia,2008,-2.3063977200000068
Indonesia,2009,-3.4099999999999966
Indonesia,2010,-3.969999999999999
Indonesia,2011,-0.7180000000000035
Indonesia,2012,-1.4200000000000017
Indonesia,2013,6.323999999999998
Indonesia,2014,-2.4599999999999937
Indonesia,2015,-3.524000000000001
Indonesia,2016,-5.739999999999995
Indonesia,2017,-4.569999999999993
Ireland,1983,-43.306158399999994
Ireland,1984,-40.75350698
Ireland,1985,-45.704865299999994
Ireland,1986,-40.15696937999999
Ireland,1987,-40.70410587999999
Ireland,1988,-38.50841688
Ireland,1989,-43.49072319999999
Ireland,1990,-43.069929779999995
Ireland,1991,-42.4412135
Ireland,1992,-46.99026386
Ireland,1993,-44.21563748
Ireland,1994,-42.759439619999995
Ireland,1995,-43.944289919999996
Ireland,1996,-45.99071658
Ireland,1997,-45.12242384000001
Ireland,1998,-46.37271428
Ireland,1999,-50.32545665999999
Ireland,2000,-56.04815747999999
Ireland,2001,-59.167732660000006
Ireland,2002,-60.222850099999995
Ireland,2003,-59.893377560000005
Ireland,2004,-62.822867839999994
Ireland,2005,-62.71943818
Ireland,2006,-60.71518764000001
Ireland,2007,-61.406059279999994
Ireland,2008,-59.19255749999999
Ireland,2009,-58.169999999999995
Ireland,2010,-55.397999999999996
Ireland,2011,-53.580000000000005
Ireland,2012,-51.322
Ireland,2013,-47.93000000000001
Ireland,2014,-47.09
Ireland,2015,-48.818000000000005
Ireland,2016,-47.744
Ireland,2017,-51.036
Ireland,2018,-49.849999999999994
Ireland,2019,-52.476
Ireland,2020,-54.062000000000005
Ireland,2021,-53.04599999999999
Ireland,2022,-54.01599999999999
Ireland,2023,-52.11600000000001
Ireland,2024,-49.01400000000001
Israel,1995,-54.995181099999996
Israel,1996,-52.389554860000004
Israel,1997,-54.612368720000006
Israel,1998,-55.54281824
Israel,1999,-52.97501546000001
Israel,2000,-54.38266962
Israel,2001,-52.69996140000001
Israel,2002,-52.34445263999999
Israel,2003,-51.580689080000006
Israel,2004,-49.89007332
Israel,2005,-53.75854960000001
Israel,2006,-52.0293011
Israel,2007,-49.922725680000006
Israel,2008,-48.52548719999999
Israel,2009,-48.852000000000004
Israel,2010,-49.708
Israel,2011,-48.717999999999996
Israel,2012,-39.355999999999995
Israel,2013,-39.958
Israel,2014,-40.467999999999996
Israel,2015,-39.467999999999996
Israel,2016,-40.49799999999999
Israel,2017,-41.382000000000005
Israel,2018,-42.925999999999995
Israel,2019,-41.151999999999994
Israel,2020,-41.93600000000001
Israel,2021,-42.22800000000001
Israel,2022,-42.934
Israel,2023,-40.98599999999999
Israel,2024,-43.166
Italy,1983,-38.968216979999994
Italy,1984,-41.014599260000004
Italy,1985,-38.438578879999994
Italy,1986,-38.95142354000001
Italy,1987,-40.35799531999999
Italy,1988,-41.19881942000001
Italy,1989,-44.496625599999994
Italy,1990,-43.78969726
Italy,1991,-45.204886179999995
Italy,1992,-40.80257728000001
Italy,1993,-44.725610399999994
Italy,1994,-47.354330000000004
Italy,1995,-43.66130874000001
Italy,1996,-44.846556920000005
Italy,1997,-44.348354879999995
Italy,1998,-45.77222499999999
Italy,1999,-44.616913780000004
Italy,2000,-43.69581170000001
Italy,2001,-46.07303256
Italy,2002,-49.93751162000001
Italy,2003,-51.29086662
Italy,2004,-57.682829559999995
Italy,2005,-58.806337799999994
Italy,2006,-58.20590526000001
Italy,2007,-59.015861599999994
Italy,2008,-56.95961564000001
Italy,2009,-57.867999999999995
Italy,2010,-57.068000000000005
Italy,2011,-56.635999999999996
Italy,2012,-53.47399999999999
Italy,2013,-50.93000000000001
Italy,2014,-49.726
Italy,2015,-49.891999999999996
Italy,2016,-49.072
Italy,2017,-50.123999999999995
Italy,2018,-52.316
Italy,2019,-52.30799999999999
Italy,2020,-50.608000000000004
Italy,2021,-48.732
Italy,2022,-51.663999999999994
Italy,2023,-52.988
Italy,2024,-53.038000000000004
Japan,2002,-51.39784946
Japan,2003,-50.526315780000004
Japan,2004,-51.374207180000006
Japan,2005,-53.31230284
Japan,2006,-54.88721803999999
Japan,2007,-53.48360656
Japan,2008,-50.99601594000001
Japan,2009,-49.75399999999999
Japan,2010,-50.696
Japan,2011,-52.050000000000004
Japan,2012,-52.22200000000001
Japan,2013,-51.672
Japan,2014,-50.53999999999999
Japan,2015,-51.24199999999999
Japan,2016,-52.897999999999996
Japan,2017,-54.76599999999999
Japan,2018,-52.635999999999996
Japan,2019,-48.93600000000001
Japan,2020,-45.544000000000004
Japan,2021,-45.693999999999996
Japan,2022,-48.28399999999999
Japan,2023,-48.06
Japan,2024,-44.56999999999999
Korea,1989,-14.300466799999995
Korea,1990,-17.34069128
Korea,1991,-24.343771899999993
Korea,1992,-27.601126980000004
Korea,1993,-27.497692580000006
Korea,1994,-27.284351720000004
Korea,1995,-27.811404080000003
Korea,1996,-32.229151419999994
Korea,1997,-29.17686906
Korea,1998,-13.336053579999998
Korea,1999,-13.782165320000004
Korea,2000,-17.94953468
Korea,2001,-20.923953979999993
Korea,2002,-20.017244579999996
Korea,2003,-22.285314099999994
Korea,2004,-21.99658386
Korea,2005,-19.8256298
Korea,2006,-21.0038519
Korea,2007,-22.15929258
Korea,2008,-22.773943900000006
Korea,2009,-24.055999999999997
Korea,2010,-26.206000000000003
Korea,2011,-15.525999999999996
Korea,2012,-25.92
Korea,2013,-24.894000000000005
Korea,2014,-29.383999999999993
Korea,2015,-30.687999999999995
Korea,2016,-32.422
Korea,2017,-29.711999999999996
Korea,2018,-30.611999999999995
Korea,2019,-29.951999999999998
Korea,2020,-24.054000000000002
Korea,2021,-26.248000000000005
Korea,2022,-25.623999999999995
Korea,2023,-27.989999999999995
Korea,2024,-28.247999999999998
Latvia,2000,-29.141284320000004
Latvia,2001,-27.448632700000005
Latvia,2002,-36.53639844
Latvia,2003,-37.93373123999999
Latvia,2004,-35.2842054
Latvia,2005,-40.88931016000001
Latvia,2006,-32.97220786
Latvia,2007,-36.35541666
Latvia,2008,-39.491874120000006
Latvia,2009,-29.544000000000004
Latvia,2010,-30.108000000000004
Latvia,2011,-26.724000000000004
Latvia,2012,-31.677999999999997
Latvia,2013,-31.895999999999994
Latvia,2014,-39.77600000000001
Latvia,2015,-40.24199999999999
Latvia,2016,-32.126000000000005
Latvia,2017,-35.56999999999999
Latvia,2018,-37.828
Latvia,2019,-30.635999999999996
Latvia,2020,-30.195999999999998
Latvia,2021,-32.63999999999999
Latvia,2022,-38.50200000000001
Latvia,2023,-33.138000000000005
Latvia,2024,-32.828
Lithuania,1998,-17.34944344
Lithuania,1999,-18.969792159999997
Lithuania,2000,-29.483283599999993
Lithuania,2001,-35.013768199999994
Lithuania,2002,-26.361142619999995
Lithuania,2003,-40.604880699999995
Lithuania,2004,-39.47906033999999
Lithuania,2005,-47.967798859999995
Lithuania,2006,-41.619498459999996
Lithuania,2007,-41.72511362
Lithuania,2008,-46.998341100000005
Lithuania,2009,-43.812000000000005
Lithuania,2010,-39.38399999999999
Lithuania,2011,-32.391999999999996
Lithuania,2012,-35.298
Lithuania,2013,-40.26400000000001
Lithuania,2014,-38.400000000000006
Lithuania,2015,-42.00200000000001
Lithuania,2016,-38.300000000000004
Lithuania,2017,-36.087999999999994
Lithuania,2018,-36.52799999999999
Lithuania,2019,-32.452
Lithuania,2020,-28.949999999999996
Lithuania,2021,-37.59
Lithuania,2022,-47.0
Lithuania,2023,-40.650000000000006
Lithuania,2024,-29.622000000000007
Luxembourg,1983,-78.9548399
Luxembourg,1984,-75.86213405999999
Luxembourg,1985,-77.73465691999999
Luxembourg,1986,-73.88995327999999
Luxembourg,1987,-77.45270524
Luxembourg,1988,-79.01937668
Luxembourg,1989,-74.13094215999999
Luxembourg,1990,-74.76585664000001
Luxembourg,1991,-80.944112105
Luxembourg,1992,-73.42820542000001
Luxembourg,1993,-76.21612017999999
Luxembourg,1994,-76.87761688
Luxembourg,1995,-78.73163216
Luxembourg,1996,-74.64431153999999
Luxembourg,1997,-77.92173756
Luxembourg,1998,-74.14286582
Luxembourg,1999,-83.810899783
Luxembourg,2000,-81.519491355
Luxembourg,2001,-83.525074398
Luxembourg,2002,-80.61425976000001
Luxembourg,2003,-84.913498275
Luxembourg,2004,-84.394869039
Luxembourg,2005,-86.32074073599999
Luxembourg,2006,-86.157460559
Luxembourg,2007,-87.831210825
Luxembourg,2008,-85.635859341
Luxembourg,2009,-65.96799999999999
Luxembourg,2010,-70.858
Luxembourg,2011,-66.68799999999999
Luxembourg,2012,-64.59800000000001
Luxembourg,2013,-66.076
Luxembourg,2014,-63.894000000000005
Luxembourg,2015,-63.675999999999995
Luxembourg,2016,-60.50800000000001
Luxembourg,2017,-67.982
Luxembourg,2018,-63.262
Luxembourg,2019,-60.419999999999995
Luxembourg,2020,-57.163999999999994
Luxembourg,2021,-48.99600000000001
Luxembourg,2022,-53.48599999999999
Luxembourg,2023,-42.586000000000006
Luxembourg,2024,-49.647999999999996
Malta,2000,-26.538991980000006
Malta,2001,-31.688088920000006
Malta,2002,-42.06676415999999
Malta,2003,-45.00368702
Malta,2004,-31.802738559999995
Malta,2005,-34.431923579999996
Malta,2006,-36.742668540000004
Malta,2007,-50.73897066000001
Malta,2008,-53.14855118
Malta,2009,-47.25200000000001
Malta,2010,-48.096000000000004
Malta,2011,-40.77199999999999
Malta,2012,-44.53
Malta,2013,-40.786
Malta,2014,-46.831999999999994
Malta,2015,-49.24799999999999
Malta,2016,-44.018
Malta,2017,-47.318000000000005
Malta,2018,-43.653999999999996
Malta,2019,-39.925999999999995
Malta,2020,-44.370000000000005
Malta,2021,-40.379999999999995
Malta,2022,-48.51599999999999
Malta,2023,-39.47800000000001
Malta,2024,-38.45400000000001
Mexico,1995,-24.984782460000005
Mexico,1996,-27.002325979999995
Mexico,1997,-30.281574080000006
Mexico,1998,-30.058098699999995
Mexico,1999,-32.94769674
Mexico,2000,-32.61400922000001
Mexico,2001,-30.8284151
Mexico,2002,-34.248954440000006
Mexico,2003,-34.12573242
Mexico,2004,-33.03946268000001
Mexico,2005,-24.75932734
Mexico,2006,-24.228173440000006
Mexico,2007,-22.886983279999995
Mexico,2008,-20.639415119999995
Mexico,2009,-18.988
Mexico,2010,-18.573999999999998
Mexico,2011,-17.790000000000006
Mexico,2012,-17.427999999999997
Mexico,2013,-17.415999999999997
Mexico,2014,-17.861999999999995
Mexico,2015,-18.848
Mexico,2016,-19.53
Mexico,2017,-20.224000000000004
Mexico,2018,-21.073999999999998
Mexico,2019,-22.739999999999995
Mexico,2020,-17.715999999999994
Mexico,2021,-18.762
Mexico,2022,-22.227999999999994
Mexico,2023,-24.214
Mexico,2024,-23.805999999999997
Netherlands,1983,-60.792804460000006
Netherlands,1985,-59.966820180000006
Netherlands,1987,-40.926065740000006
Netherlands,1988,-41.220140060000006
Netherlands,1989,-42.933749479999996
Netherlands,1990,-42.79690972
Netherlands,1991,-42.66089636000001
Netherlands,1992,-53.206987940000005
Netherlands,1993,-55.109577900000005
Netherlands,1994,-55.688462560000005
Netherlands,1995,-54.53499388
Netherlands,1996,-56.76467761999999
Netherlands,1997,-57.09460279999999
Netherlands,1998,-54.13720581999999
Netherlands,1999,-56.510110739999995
Netherlands,2000,-54.49896912
Netherlands,2001,-54.597505299999995
Netherlands,2002,-54.35806253999999
Netherlands,2003,-54.078685379999996
Netherlands,2004,-54.455466599999994
Netherlands,2005,-54.93011161999999
Netherlands,2006,-54.42663311999999
Netherlands,2007,-53.8469494
Netherlands,2008,-53.89423708000001
Netherlands,2009,-52.388000000000005
Netherlands,2010,-53.208
Netherlands,2011,-53.861999999999995
Netherlands,2012,-52.885999999999996
Netherlands,2013,-50.87200000000001
Netherlands,2014,-49.949999999999996
Netherlands,2015,-49.51400000000001
Netherlands,2016,-50.54599999999999
Netherlands,2017,-49.61000000000001
Netherlands,2018,-48.72
Netherlands,2019,-48.120000000000005
Netherlands,2020,-47.635999999999996
Netherlands,2021,-46.705999999999996
Netherlands,2022,-44.03
Netherlands,2023,-43.831999999999994
Netherlands,2024,-44.458
New Zealand,1986,-63.779527099999996
New Zealand,1987,-62.635716800000004
New Zealand,1988,-61.890802320000006
New Zealand,1989,-59.13658336
New Zealand,1990,-57.953358460000004
New Zealand,1991,-52.675866979999995
New Zealand,1992,-51.40310352
New Zealand,1993,-52.052117460000005
New Zealand,1994,-54.368632420000004
New Zealand,1995,-52.37529662
New Zealand,1996,-53.52811517999999
New Zealand,1997,-51.08724871999999
New Zealand,1998,-50.820539880000005
New Zealand,1999,-49.595617000000004
New Zealand,2000,-49.14984138
New Zealand,2001,-50.297080599999994
New Zealand,2002,-48.61248752
New Zealand,2003,-50.39254181999999
New Zealand,2004,-50.698122579999996
New Zealand,2005,-53.26215930000001
New Zealand,2006,-52.896122319999996
New Zealand,2007,-50.00000041999999
New Zealand,2008,-50.08096187999999
New Zealand,2009,-48.418000000000006
New Zealand,2010,-48.288000000000004
New Zealand,2011,-50.614000000000004
New Zealand,2012,-52.06399999999999
New Zealand,2013,-51.668000000000006
New Zealand,2014,-49.21000000000001
New Zealand,2015,-49.988
New Zealand,2016,-47.43000000000001
New Zealand,2017,-47.931999999999995
New Zealand,2018,-48.126000000000005
New Zealand,2019,-47.891999999999996
New Zealand,2020,-45.132000000000005
New Zealand,2021,-45.581999999999994
New Zealand,2022,-46.330000000000005
New Zealand,2023,-45.172
New Zealand,2024,-43.05199999999999
North Macedonia,2006,-0.5652761199999929
North Macedonia,2007,3.665037479999995
North Macedonia,2008,-12.287313400000002
North Macedonia,2009,-11.304000000000002
North Macedonia,2010,-12.430000000000007
North Macedonia,2011,9.191999999999993
North Macedonia,2012,6.834000000000003
North Macedonia,2013,12.724000000000004
North Macedonia,2014,29.337999999999994
North Macedonia,2015,10.825999999999993
North Macedonia,2016,4.9680000000000035
North Macedonia,2017,5.3160000000000025
North Macedonia,2018,15.854
North Macedonia,2019,12.391999999999996
North Macedonia,2020,4.8799999999999955
Norway,1989,-67.74193548
Norway,1990,-65.35796766000001
Norway,1991,-64.22018348
Norway,1992,-62.013729979999994
Norway,1993,-61.55606408
Norway,1994,-61.29032258000001
Norway,1995,-61.45124716000001
Norway,1996,-59.477124180000004
Norway,1997,-60.26200874
Norway,1998,-59.13978494
Norway,1999,-57.510729620000006
Norway,2000,-54.04814003999999
Norway,2001,-52.087912079999995
Norway,2002,-54.85327314
Norway,2003,-52.91479820000001
Norway,2004,-50.55187638000001
Norway,2005,-51.38083678000001
Norway,2006,-49.172321159999996
Norway,2007,-48.012723300000005
Norway,2008,-45.899389140000004
Norway,2009,-44.696
Norway,2010,-44.02000000000001
Norway,2011,-44.756
Norway,2012,-41.30799999999999
Norway,2013,-41.358000000000004
Norway,2014,-42.312000000000005
Norway,2015,-38.816
Norway,2016,-38.036
Norway,2017,-37.97399999999999
Norway,2018,-39.06999999999999
Norway,2019,-36.37200000000001
Norway,2020,-33.512
Norway,2021,-32.943999999999996
Norway,2022,-30.391999999999996
Norway,2023,-29.056000000000004
Norway,2024,-27.903999999999996
OECD,1976,-43.45064339999999
OECD,1977,-43.182369120000004
OECD,1978,-43.96977251999999
OECD,1979,-40.560573680000005
OECD,1980,-40.53238886
OECD,1981,-41.02359641999999
OECD,1982,-40.12432034
OECD,1983,-54.158781919999996
OECD,1984,-53.70644134
OECD,1985,-53.17599544000001
OECD,1986,-52.551659040000004
OECD,1987,-51.915275619999996
OECD,1988,-51.01879532000001
OECD,1989,-51.166734700000006
OECD,1990,-50.82241432000001
OECD,1991,-51.41144471999999
OECD,1992,-50.46707581999999
OECD,1993,-49.66771036
OECD,1994,-50.675388819999995
OECD,1995,-48.16332358
OECD,1996,-48.76167928000001
OECD,1997,-47.33250846000001
OECD,1998,-46.84310833999999
OECD,1999,-46.946307219999994
OECD,2000,-46.951611500000006
OECD,2001,-46.60690944000001
OECD,2002,-47.566259360000004
OECD,2003,-47.824927
OECD,2004,-47.66115948000001
OECD,2005,-46.965679419999994
OECD,2006,-46.472367420000005
OECD,2007,-46.379101600000006
OECD,2008,-45.42201005999999
OECD,2009,-44.108000000000004
OECD,2010,-43.343999999999994
OECD,2011,-42.370000000000005
OECD,2012,-42.693999999999996
OECD,2013,-41.794000000000004
OECD,2014,-41.99000000000001
OECD,2015,-41.946
OECD,2016,-42.00800000000001
OECD,2017,-42.38999999999999
OECD,2018,-42.226
OECD,2019,-41.28399999999999
OECD,2020,-38.854000000000006
OECD,2021,-38.69800000000001
OECD,2022,-39.166
OECD,2023,-39.02600000000001
OECD,2024,-37.71600000000001
Poland,1997,-22.224196120000002
Poland,1998,-24.32273954
Poland,1999,-22.455473999999995
Poland,2000,-23.45958168
Poland,2001,-29.473939980000004
Poland,2002,-33.766233760000006
Poland,2003,-36.2360151
Poland,2004,-35.25701247999999
Poland,2005,-36.712749620000004
Poland,2006,-37.600660739999995
Poland,2007,-37.04044768
Poland,2008,-39.48113910000001
Poland,2009,-41.428
Poland,2010,-38.25399999999999
Poland,2011,-38.51400000000001
Poland,2012,-39.852000000000004
Poland,2013,-39.97
Poland,2014,-38.524
Poland,2015,-38.494
Poland,2016,-39.94
Poland,2017,-43.06999999999999
Poland,2018,-41.59
Poland,2019,-41.331999999999994
Poland,2020,-41.151999999999994
Poland,2021,-41.13999999999999
Poland,2022,-42.108000000000004
Poland,2023,-44.157999999999994
Poland,2024,-45.018
Portugal,1986,-48.18093578
Portugal,1987,-49.432138159999994
Portugal,1988,-50.44595691999999
Portugal,1989,-53.290966520000005
Portugal,1990,-49.16518919999999
Portugal,1991,-51.16167806000001
Portugal,1992,-53.6829759
Portugal,1993,-53.46813331999999
Portugal,1994,-49.47532853999999
Portugal,1995,-60.06560035999999
Portugal,1996,-54.707526040000005
Portugal,1997,-56.1517537
Portugal,1998,-52.933045840000005
Portugal,1999,-50.449835439999994
Portugal,2000,-56.605043679999994
Portugal,2001,-54.832553600000004
Portugal,2002,-50.01993347999999
Portugal,2003,-50.91038108000001
Portugal,2004,-51.2085362
Portugal,2005,-52.62471292000001
Portugal,2006,-48.43922864000001
Portugal,2007,-46.62927632
Portugal,2008,-52.9018365
Portugal,2009,-69.46199999999999
Portugal,2010,-58.82599999999999
Portugal,2011,-42.56
Portugal,2012,-37.22999999999999
Portugal,2013,-40.452
Portugal,2014,-41.199999999999996
Portugal,2015,-45.23599999999999
Portugal,2016,-50.864000000000004
Portugal,2017,-63.834
Portugal,2018,-65.874
Portugal,2019,-62.56399999999999
Portugal,2020,-62.794000000000004
Portugal,2021,-61.354000000000006
Portugal,2022,-56.334
Portugal,2023,-57.458
Portugal,2024,-51.669999999999995
Romania,2000,-24.435604679999997
Romania,2001,-22.557931999999994
Romania,2002,-22.721383959999997
Romania,2003,-21.06844076
Romania,2004,-18.669201639999997
Romania,2005,-18.348336759999995
Romania,2006,-21.662129699999994
Romania,2007,-24.280192819999996
Romania,2008,-23.793470139999997
Romania,2009,-19.534000000000006
Romania,2010,-18.226
Romania,2011,-23.203999999999994
Romania,2012,-19.25
Romania,2013,-21.510000000000005
Romania,2014,-23.138000000000005
Romania,2015,-13.909999999999997
Romania,2016,-13.093999999999994
Romania,2017,-17.092
Romania,2018,-23.726
Romania,2019,-19.587999999999994
Romania,2020,-19.763999999999996
Romania,2021,-1.808000000000007
Romania,2022,-1.0019999999999953
Romania,2023,8.668000000000006
Romania,2024,10.433999999999997
Russia,1992,-39.47263788000001
Russia,1993,-40.257586440000004
Russia,1994,-43.36261569999999
Russia,1995,-50.91562590000001
Russia,1996,-50.35702405999999
Russia,1997,-47.94079206000001
Russia,1998,-48.37291841999999
Russia,1999,-33.315967279999995
Russia,2000,-33.35625224
Russia,2001,-37.240618299999994
Russia,2002,-38.57116148
Russia,2003,-34.92089586
Russia,2004,-32.90887902
Russia,2005,-31.636668920000005
Russia,2006,-30.092214079999998
Russia,2007,-30.19155712
Russia,2008,-29.735580340000006
Russia,2009,-31.442
Russia,2010,-29.370000000000005
Russia,2011,-31.298000000000002
Russia,2012,-29.415999999999997
Russia,2013,-31.418000000000006
Russia,2014,-30.569999999999993
Russia,2015,-30.093999999999994
Russia,2016,-25.941999999999993
Russia,2017,-28.699999999999996
Russia,2018,-28.509999999999998
Russia,2019,-23.799999999999997
Russia,2020,-22.691999999999993
Slovak Republic,1994,-48.46153846000001
Slovak Republic,1995,-48.27586206000001
Slovak Republic,1996,-49.32126696
Slovak Republic,1997,-50.12345680000001
Slovak Republic,1998,-46.43734644
Slovak Republic,1999,-49.717514120000004
Slovak Republic,2000,-44.021739139999994
Slovak Republic,2001,-37.984496119999996
Slovak Republic,2002,-35.625
Slovak Republic,2003,-42.10526315999999
Slovak Republic,2004,-39.19694071999999
Slovak Republic,2005,-40.080971659999996
Slovak Republic,2006,-42.35976790000001
Slovak Republic,2007,-49.248120300000004
Slovak Republic,2008,-36.13445378
Slovak Republic,2009,-18.418000000000006
Slovak Republic,2010,-18.647999999999996
Slovak Republic,2011,-23.732
Slovak Republic,2012,-19.042
Slovak Republic,2013,-16.209999999999994
Slovak Republic,2014,-17.498000000000005
Slovak Republic,2015,-22.078000000000003
Slovak Republic,2016,-18.549999999999997
Slovak Republic,2017,-22.849999999999994
Slovak Republic,2018,-25.126000000000005
Slovak Republic,2019,-28.842000000000006
Slovak Republic,2020,-33.711999999999996
Slovak Republic,2021,-38.105999999999995
Slovak Republic,2022,-30.186000000000007
Slovak Republic,2023,-39.68000000000001
Slovak Republic,2024,-37.786
Slovenia,2000,-15.132069860000001
Slovenia,2001,-14.115070459999998
Slovenia,2002,-14.600512879999997
Slovenia,2003,-13.799611920000004
Slovenia,2004,-10.760798100000002
Slovenia,2005,-16.522628780000005
Slovenia,2006,-16.88009948
Slovenia,2007,-14.862314799999993
Slovenia,2008,-18.195539819999993
Slovenia,2009,-16.486000000000004
Slovenia,2010,-20.159999999999997
Slovenia,2011,-17.418000000000006
Slovenia,2012,-20.286
Slovenia,2013,-20.784000000000006
Slovenia,2014,-23.052000000000007
Slovenia,2015,-22.451999999999998
Slovenia,2016,-31.099999999999994
Slovenia,2017,-27.620000000000005
Slovenia,2018,-32.516
Slovenia,2019,-35.388000000000005
Slovenia,2020,-28.354000000000006
Slovenia,2021,-24.046000000000006
Slovenia,2022,-29.389999999999993
Slovenia,2023,-27.049999999999997
Slovenia,2024,-26.135999999999996
South Africa,2008,-30.70159598
South Africa,2009,-31.704
South Africa,2010,-28.518
South Africa,2011,-26.518
South Africa,2012,-31.876000000000005
South Africa,2013,-29.810000000000002
South Africa,2014,-29.313999999999993
South Africa,2015,-29.114000000000004
South Africa,2016,-29.852000000000004
South Africa,2017,-26.146
South Africa,2018,-25.188000000000002
South Africa,2019,-23.587999999999994
South Africa,2020,-18.061999999999998
South Africa,2021,-17.733999999999995
South Africa,2022,-14.355999999999995
South Africa,2023,-17.867999999999995
South Africa,2024,-16.090000000000003
Spain,1987,-47.704302799999994
Spain,1988,-52.100953440000005
Spain,1989,-58.471188579999996
Spain,1990,-61.21377136000001
Spain,1991,-59.579064179999996
Spain,1992,-58.471697500000005
Spain,1993,-55.59178498
Spain,1994,-52.45592814
Spain,1995,-56.58041678000001
Spain,1996,-50.98145674
Spain,1997,-51.23391219999999
Spain,1998,-52.69347854
Spain,1999,-54.46831345999999
Spain,2000,-58.10609506
Spain,2001,-58.478923079999994
Spain,2002,-59.97749564
Spain,2003,-61.34006876000001
Spain,2004,-61.31165573999999
Spain,2005,-58.826739
Spain,2006,-59.358023339999995
Spain,2007,-61.438858159999995
Spain,2008,-61.520601080000006
Spain,2009,-58.672
Spain,2010,-56.72
Spain,2011,-53.656000000000006
Spain,2012,-52.693999999999996
Spain,2013,-47.38999999999999
Spain,2014,-48.46600000000001
Spain,2015,-46.937999999999995
Spain,2016,-46.262
Spain,2017,-48.358000000000004
Spain,2018,-50.77600000000001
Spain,2019,-50.512
Spain,2020,-50.437999999999995
Spain,2021,-47.06399999999999
Spain,2022,-46.11600000000001
Spain,2023,-44.602000000000004
Spain,2024,-45.054
Sweden,1987,-69.65194661999999
Sweden,1988,-66.34230108
Sweden,1989,-63.83073496
Sweden,1990,-62.278675899999996
Sweden,1991,-60.78676242
Sweden,1992,-58.248730959999996
Sweden,1993,-56.024885399999995
Sweden,1994,-53.52522640000001
Sweden,1995,-53.62655602000001
Sweden,1996,-52.943189600000004
Sweden,1997,-52.61549524
Sweden,1998,-56.27598420000001
Sweden,1999,-47.49961845999999
Sweden,2000,-45.79759862
Sweden,2001,-45.466964880000006
Sweden,2002,-43.68699812
Sweden,2003,-41.69754126000001
Sweden,2004,-38.93280632
Sweden,2005,-34.26403432
Sweden,2006,-34.524832440000004
Sweden,2007,-34.91599062
Sweden,2008,-34.0488533
Sweden,2009,-33.566
Sweden,2010,-32.96
Sweden,2011,-31.629999999999995
Sweden,2012,-30.645999999999994
Sweden,2013,-28.973999999999997
Sweden,2014,-30.168000000000006
Sweden,2015,-28.217999999999996
Sweden,2016,-29.512
Sweden,2017,-27.951999999999998
Sweden,2018,-27.616
Sweden,2019,-24.947999999999993
Sweden,2020,-20.298000000000002
Sweden,2021,-27.248000000000005
Sweden,2022,-21.959999999999994
Sweden,2023,-22.006
Sweden,2024,-21.870000000000005
Switzerland,1991,-61.60309354
Switzerland,1992,-62.69909292
Switzerland,1993,-62.45503274000001
Switzerland,1994,-64.75442976
Switzerland,1995,-65.73919810000001
Switzerland,1996,-66.65481452
Switzerland,1997,-68.52961801999999
Switzerland,1998,-67.77621294
Switzerland,1999,-67.35210346
Switzerland,2000,-62.54331583999999
Switzerland,2001,-62.37729682
Switzerland,2002,-65.66551852
Switzerland,2003,-66.72720554
Switzerland,2004,-65.80564702000001
Switzerland,2005,-66.52570004
Switzerland,2006,-63.513608379999994
Switzerland,2007,-63.79694889999999
Switzerland,2008,-63.704419879999996
Switzerland,2009,-64.83600000000001
Switzerland,2010,-66.49600000000001
Switzerland,2011,-66.40799999999999
Switzerland,2012,-66.244
Switzerland,2013,-66.042
Switzerland,2014,-64.00399999999999
Switzerland,2015,-63.798
Switzerland,2016,-62.95400000000001
Switzerland,2017,-61.00399999999999
Switzerland,2018,-61.77199999999999
Switzerland,2019,-62.256
Switzerland,2020,-61.74600000000001
Switzerland,2021,-60.044000000000004
Switzerland,2022,-58.141999999999996
Switzerland,2023,-57.24600000000001
Switzerland,2024,-56.93600000000001
Türkiye,1988,-26.53958944
Türkiye,1989,-31.707317079999996
Türkiye,1990,-28.198757760000007
Türkiye,1991,-43.89183969999999
Türkiye,1992,-30.959164299999998
Türkiye,1993,-12.119248220000003
Türkiye,1994,-25.29087568
Türkiye,1995,-20.098039220000004
Türkiye,1996,-28.5198556
Türkiye,1997,-19.2371476
Türkiye,1998,-25.37562604
Türkiye,1999,-26.329442279999995
Türkiye,2000,-13.867822320000002
Türkiye,2001,-27.433628319999997
Türkiye,2002,-19.412219640000004
Türkiye,2003,-16.335350039999994
Türkiye,2004,-20.332717200000005
Türkiye,2005,-22.5
Türkiye,2006,-20.0
Türkiye,2007,-22.682445759999993
Türkiye,2008,-21.237864079999994
Türkiye,2009,-20.147999999999996
Türkiye,2010,-19.647999999999996
Türkiye,2011,-23.33
Türkiye,2012,-23.319999999999993
Türkiye,2013,-23.165999999999997
Türkiye,2014,-18.977999999999994
Türkiye,2015,-19.867999999999995
Türkiye,2016,-17.799999999999997
Türkiye,2017,-18.914
Türkiye,2018,-14.445999999999998
Türkiye,2019,-10.986000000000004
Türkiye,2020,-1.3020000000000067
Türkiye,2021,-9.182000000000002
Türkiye,2022,-11.456000000000003
Türkiye,2023,-7.7039999999999935
Türkiye,2024,-4.518000000000001
United Kingdom,1983,-84.246310879
United Kingdom,1984,-81.02045254000001
United Kingdom,1985,-79.6493863
United Kingdom,1986,-78.51998968000001
United Kingdom,1987,-75.63277948000001
United Kingdom,1988,-74.45674964
United Kingdom,1989,-77.86215756000001
United Kingdom,1990,-75.68061534
United Kingdom,1991,-75.44331779999999
United Kingdom,1992,-72.97784730000001
United Kingdom,1993,-71.10706822
United Kingdom,1994,-69.17237648
United Kingdom,1995,-67.76426784
United Kingdom,1996,-66.43190967999999
United Kingdom,1997,-64.15449784
United Kingdom,1998,-64.0342771
United Kingdom,1999,-62.500987699999996
United Kingdom,2000,-63.882557840000004
United Kingdom,2001,-64.28873866
United Kingdom,2002,-62.09621867999999
United Kingdom,2003,-60.724054560000006
United Kingdom,2004,-60.515715099999994
United Kingdom,2005,-59.39162102
United Kingdom,2006,-59.1482331
United Kingdom,2007,-58.41309088
United Kingdom,2008,-56.86376078000001
United Kingdom,2009,-55.672
United Kingdom,2010,-53.922
United Kingdom,2011,-53.822
United Kingdom,2012,-52.144000000000005
United Kingdom,2013,-52.056000000000004
United Kingdom,2014,-52.586000000000006
United Kingdom,2015,-52.367999999999995
United Kingdom,2016,-51.907999999999994
United Kingdom,2017,-53.018
United Kingdom,2018,-53.03999999999999
United Kingdom,2019,-52.093999999999994
United Kingdom,2020,-51.554
United Kingdom,2021,-50.693999999999996
United Kingdom,2022,-48.87799999999999
United Kingdom,2023,-47.928
United Kingdom,2024,-46.092000000000006
