country,year,Gender gap in representation in parliament,Gender gap in professional judges representation,Gender gap in public sector employment ,Gender gap in senior management positions in national administrations
Australia,2002,49.4,,,
Australia,2011,,,-22.239999999999995,
Australia,2012,50.6,,,
Australia,2015,46.6,,,
Australia,2017,42.6,,,
Australia,2019,40.0,,,
Australia,2020,,,-27.519999999999996,
Australia,2021,37.8,,,
Australia,2023,23.200000000000003,,,
Austria,2002,46.4,,,
Austria,2007,,,,47.8
Austria,2008,,,,46.2
Austria,2009,,,,43.4
Austria,2010,,,,40.2
Austria,2011,,,22.14,37.6
Austria,2012,44.2,,,37.2
Austria,2013,,,,34.2
Austria,2014,,-2.0,,31.599999999999994
Austria,2015,38.8,,,29.200000000000003
Austria,2016,,,,26.599999999999994
Austria,2017,38.8,,,25.400000000000006
Austria,2018,,,,24.599999999999994
Austria,2019,25.599999999999994,,,20.599999999999994
Austria,2020,,-2.0,16.459999999999994,22.0
Austria,2021,20.200000000000003,,,19.0
Austria,2022,,,,16.400000000000006
Austria,2023,19.200000000000003,,,
Belgium,2002,53.4,,,
Belgium,2007,,,,76.6
Belgium,2008,,,,75.4
Belgium,2009,,,,70.6
Belgium,2010,,,,75.0
Belgium,2011,,,-10.519999999999996,76.2
Belgium,2012,24.0,,,78.4
Belgium,2013,,,,77.4
Belgium,2014,,-4.0,,74.0
Belgium,2015,21.400000000000006,,,74.6
Belgium,2016,,,,66.2
Belgium,2017,24.0,,,62.8
Belgium,2018,,,,61.2
Belgium,2019,24.0,,,57.2
Belgium,2020,,-16.0,-14.459999999999994,55.2
Belgium,2021,16.0,,,49.4
Belgium,2022,,,,48.6
Belgium,2023,14.599999999999994,,,
Brazil,2011,,,-14.239999999999995,
Brazil,2012,82.8,,,
Brazil,2017,78.6,,,
Brazil,2020,,,-12.060000000000002,
Brazil,2021,69.6,,,
Brazil,2023,64.6,,,
Bulgaria,2007,,,,-3.0
Bulgaria,2008,,,,-4.799999999999997
Bulgaria,2009,,,,-2.200000000000003
Bulgaria,2010,,,,4.0
Bulgaria,2011,,,-14.840000000000003,8.0
Bulgaria,2012,54.2,,,-3.4000000000000057
Bulgaria,2013,,,,-2.200000000000003
Bulgaria,2014,,,,-2.5999999999999943
Bulgaria,2015,,,,-4.799999999999997
Bulgaria,2016,,,,-1.5999999999999943
Bulgaria,2017,61.6,,,0.4000000000000057
Bulgaria,2018,,,,-3.4000000000000057
Bulgaria,2019,,,,-8.200000000000003
Bulgaria,2020,,,-16.180000000000007,-8.799999999999997
Bulgaria,2021,45.8,,,-19.0
Bulgaria,2022,,,,-11.0
Bulgaria,2023,51.6,,,
Canada,2002,58.8,,,
Canada,2011,,,-25.060000000000002,
Canada,2012,50.6,,,
Canada,2015,48.0,,,
Canada,2017,47.4,,,
Canada,2019,46.2,,,
Canada,2020,,,-26.060000000000002,
Canada,2021,40.8,,,
Canada,2023,38.6,,,
Chile,2002,75.0,,,
Chile,2011,,,-6.939999999999998,
Chile,2012,71.6,,,
Chile,2015,68.4,,,
Chile,2017,68.4,,,
Chile,2019,54.8,,,
Chile,2020,,,-8.680000000000007,
Chile,2021,54.8,,,
Chile,2023,29.0,,,
Colombia,2002,76.0,,,
Colombia,2011,,,1.5400000000000063,
Colombia,2012,75.8,,,
Colombia,2015,60.2,,,
Colombia,2017,62.6,,,
Colombia,2019,63.8,,,
Colombia,2020,,,2.780000000000001,
Colombia,2021,62.4,,,
Colombia,2023,42.2,,,
Costa Rica,2002,29.799999999999997,,,
Costa Rica,2011,,,3.9200000000000017,
Costa Rica,2012,22.799999999999997,,,
Costa Rica,2015,33.400000000000006,,,
Costa Rica,2017,29.799999999999997,,,
Costa Rica,2019,8.799999999999997,,,
Costa Rica,2020,,,-5.340000000000003,
Costa Rica,2021,8.799999999999997,,,
Costa Rica,2023,5.200000000000003,,,
Croatia,2007,,,,50.0
Croatia,2008,,,,46.8
Croatia,2009,,,,32.2
Croatia,2010,,,,32.0
Croatia,2011,,,-0.980000000000004,32.599999999999994
Croatia,2012,52.4,,,27.0
Croatia,2013,,,,17.799999999999997
Croatia,2014,,,,11.599999999999994
Croatia,2015,,,,8.200000000000003
Croatia,2016,,,,38.2
Croatia,2017,60.2,,,-12.799999999999997
Croatia,2018,,,,-8.0
Croatia,2019,,,,-9.400000000000006
Croatia,2020,,,-10.799999999999997,-14.200000000000003
Croatia,2021,37.8,,,-15.200000000000003
Croatia,2022,,,,-18.400000000000006
Croatia,2023,36.4,,,
Czechia,2002,66.0,,,
Czechia,2007,,,,54.2
Czechia,2008,,,,49.0
Czechia,2009,,,,37.4
Czechia,2010,,,,44.0
Czechia,2011,,,,44.4
Czechia,2012,56.0,,,44.4
Czechia,2013,,,,44.4
Czechia,2014,,-22.0,,41.2
Czechia,2015,60.0,,,38.4
Czechia,2016,,,,39.4
Czechia,2017,60.0,,,38.2
Czechia,2018,,,,36.8
Czechia,2019,55.0,,,40.6
Czechia,2020,,-20.0,,36.6
Czechia,2021,54.0,,,43.4
Czechia,2022,,,,42.0
Czechia,2023,48.0,,,
Denmark,2002,24.0,,,
Denmark,2007,,,,58.2
Denmark,2008,,,,65.6
Denmark,2009,,,,58.4
Denmark,2010,,,,53.8
Denmark,2011,,,-35.900000000000006,55.6
Denmark,2012,21.799999999999997,,,53.8
Denmark,2013,,,,61.6
Denmark,2014,,,,53.4
Denmark,2015,25.200000000000003,,,50.4
Denmark,2016,,,,53.0
Denmark,2017,25.200000000000003,,,50.6
Denmark,2018,,,,52.6
Denmark,2019,25.200000000000003,,,39.6
Denmark,2020,,,-38.97999999999999,40.0
Denmark,2021,20.599999999999994,,,47.2
Denmark,2022,,,,39.4
Denmark,2023,12.799999999999997,,,
Estonia,2002,64.4,,,
Estonia,2007,,,,46.2
Estonia,2008,,,,54.8
Estonia,2009,,,,23.799999999999997
Estonia,2010,,,,14.200000000000003
Estonia,2011,,,-37.72,16.200000000000003
Estonia,2012,60.4,,,8.599999999999994
Estonia,2013,,,,8.0
Estonia,2014,,-26.0,,3.200000000000003
Estonia,2015,52.4,,,2.4000000000000057
Estonia,2016,,,,8.599999999999994
Estonia,2017,46.6,,,8.0
Estonia,2018,,,,9.400000000000006
Estonia,2019,42.6,,,4.400000000000006
Estonia,2020,,-28.0,-33.16,1.0
Estonia,2021,44.6,,,3.0
Estonia,2022,,,,-3.4000000000000057
Estonia,2023,44.6,,,
European Union countries in OECD,2007,,,,40.84
European Union countries in OECD,2008,,,,39.86
European Union countries in OECD,2009,,,,39.66
European Union countries in OECD,2010,,,,34.7
European Union countries in OECD,2011,,,,33.099999999999994
European Union countries in OECD,2012,,,,31.480000000000004
European Union countries in OECD,2013,,,,29.700000000000003
European Union countries in OECD,2014,,,,29.5
European Union countries in OECD,2015,,,,27.700000000000003
European Union countries in OECD,2016,,,,24.760000000000005
European Union countries in OECD,2017,,,,22.459999999999994
European Union countries in OECD,2018,,,,21.760000000000005
European Union countries in OECD,2019,,,,20.400000000000006
European Union countries in OECD,2020,,,,18.900000000000006
European Union countries in OECD,2021,,,,18.439999999999998
European Union countries in OECD,2022,,,,16.200000000000003
Finland,2002,27.0,,,
Finland,2007,,,,27.799999999999997
Finland,2008,,,,52.4
Finland,2009,,,,49.4
Finland,2010,,,,48.2
Finland,2011,,,-42.72,51.2
Finland,2012,15.0,,,17.599999999999994
Finland,2013,,,,11.200000000000003
Finland,2014,,-4.0,,12.799999999999997
Finland,2015,17.0,,,12.400000000000006
Finland,2016,,,,2.200000000000003
Finland,2017,16.0,,,-0.20000000000000284
Finland,2018,,,,-1.4000000000000057
Finland,2019,8.0,,,-2.4000000000000057
Finland,2020,,-20.0,-44.379999999999995,-11.0
Finland,2021,8.0,,,-12.599999999999994
Finland,2022,,,,-4.599999999999994
Finland,2023,9.0,,,
France,2002,75.8,,,
France,2007,,,,51.6
France,2008,,,,53.4
France,2009,,,,40.2
France,2010,,,,40.2
France,2011,,,-23.0,39.8
France,2012,46.2,,,43.4
France,2013,,,,45.2
France,2014,,-24.0,,44.6
France,2015,47.6,,,40.4
France,2016,,,,36.0
France,2017,48.4,,,37.0
France,2018,,,,40.4
France,2019,20.599999999999994,,,42.8
France,2020,,-34.0,-29.24000000000001,38.6
France,2021,21.0,,,37.8
France,2022,,,,37.8
France,2023,24.400000000000006,,,
Germany,2002,35.599999999999994,,,
Germany,2007,,,,72.4
Germany,2008,,,,77.4
Germany,2009,,,,73.8
Germany,2010,,,,68.6
Germany,2011,,,-5.680000000000007,68.8
Germany,2012,34.2,,,65.8
Germany,2013,,,,59.4
Germany,2014,,,,58.2
Germany,2015,27.0,,,55.6
Germany,2016,,,,47.2
Germany,2017,26.0,,,47.2
Germany,2018,,,,45.0
Germany,2019,38.2,,,36.6
Germany,2020,,,-10.920000000000002,39.0
Germany,2021,37.0,,,39.6
Germany,2022,,,,38.2
Germany,2023,29.799999999999997,,,
Greece,2002,82.6,,,
Greece,2007,,,,32.400000000000006
Greece,2008,,,,24.400000000000006
Greece,2009,,,,31.599999999999994
Greece,2010,,,,14.0
Greece,2011,,,7.6200000000000045,16.599999999999994
Greece,2012,58.0,,,10.599999999999994
Greece,2013,,,,2.5999999999999943
Greece,2014,,,,2.5999999999999943
Greece,2015,60.6,,,2.5999999999999943
Greece,2016,,,,-2.799999999999997
Greece,2017,63.4,,,-2.799999999999997
Greece,2018,,,,-4.799999999999997
Greece,2019,62.6,,,-4.799999999999997
Greece,2020,,,2.0600000000000023,-7.599999999999994
Greece,2021,56.6,,,-12.799999999999997
Greece,2022,,,,-15.799999999999997
Greece,2023,58.0,,,
Hungary,2002,81.8,,,
Hungary,2007,,,,12.0
Hungary,2008,,,,12.0
Hungary,2009,,,,46.6
Hungary,2010,,,,46.6
Hungary,2011,,,-23.36,48.0
Hungary,2012,82.4,,,54.8
Hungary,2013,,,,51.4
Hungary,2014,,-38.0,,55.6
Hungary,2015,79.8,,,62.0
Hungary,2016,,,,59.4
Hungary,2017,79.8,,,51.0
Hungary,2018,,,,63.2
Hungary,2019,74.8,,,64.2
Hungary,2020,,-38.0,-20.060000000000002,63.4
Hungary,2021,74.8,,,62.6
Hungary,2022,,,,57.4
Hungary,2023,73.8,,,
Iceland,2002,30.200000000000003,,,
Iceland,2007,,,,49.2
Iceland,2008,,,,27.0
Iceland,2009,,,,24.0
Iceland,2010,,,,21.799999999999997
Iceland,2011,,,,21.0
Iceland,2012,20.599999999999994,,,15.799999999999997
Iceland,2013,,,,0.0
Iceland,2014,,26.0,,14.200000000000003
Iceland,2015,17.400000000000006,,,17.599999999999994
Iceland,2016,,,,18.200000000000003
Iceland,2017,4.799999999999997,,,22.200000000000003
Iceland,2018,,,,11.200000000000003
Iceland,2019,23.799999999999997,,,15.799999999999997
Iceland,2020,,18.0,-28.400000000000006,15.799999999999997
Iceland,2021,20.599999999999994,,,0.0
Iceland,2022,,,,4.799999999999997
Iceland,2023,4.799999999999997,,,
Indonesia,2020,,,11.920000000000002,
Ireland,2002,73.4,,,
Ireland,2007,,,,72.8
Ireland,2008,,,,68.0
Ireland,2009,,,,72.4
Ireland,2010,,,,67.2
Ireland,2011,,,,55.8
Ireland,2012,69.8,,,52.0
Ireland,2013,,,,58.4
Ireland,2014,,34.0,,57.0
Ireland,2015,67.4,,,47.6
Ireland,2016,,,,46.2
Ireland,2017,55.6,,,40.0
Ireland,2018,,,,37.4
Ireland,2019,55.6,,,35.400000000000006
Ireland,2020,,22.0,,33.8
Ireland,2021,55.0,,,33.400000000000006
Ireland,2022,,,,20.599999999999994
Ireland,2023,53.8,,,
Israel,2002,71.6,,,
Israel,2012,60.0,,,
Israel,2014,,-2.0,,
Israel,2015,46.6,,,
Israel,2017,45.0,,,
Israel,2019,41.6,,,
Israel,2020,,-4.0,-18.14,
Israel,2021,46.6,,,
Israel,2023,51.6,,,
Italy,2002,80.4,,,
Italy,2007,,,,31.400000000000006
Italy,2008,,,,31.0
Italy,2009,,,,45.4
Italy,2010,,,,45.4
Italy,2011,,,-10.040000000000006,37.0
Italy,2012,56.8,,,36.2
Italy,2013,,,,39.0
Italy,2014,,-4.0,,35.2
Italy,2015,38.0,,,37.0
Italy,2016,,,,39.4
Italy,2017,38.0,,,38.4
Italy,2018,,,,27.599999999999994
Italy,2019,28.599999999999994,,,24.200000000000003
Italy,2020,,-12.0,-17.64,24.200000000000003
Italy,2021,28.599999999999994,,,35.8
Italy,2022,,,,29.0
Italy,2023,35.400000000000006,,,
Japan,2002,85.4,,,
Japan,2011,,,16.760000000000005,
Japan,2012,78.8,,,
Japan,2015,81.0,,,
Japan,2017,81.4,,,
Japan,2019,79.6,,,
Japan,2020,,,9.719999999999999,
Japan,2021,80.2,,,
Japan,2023,80.0,,,
Korea,2002,88.2,,,
Korea,2012,68.6,,,
Korea,2015,67.4,,,
Korea,2017,66.0,,,
Korea,2019,65.8,,,
Korea,2020,,,5.480000000000004,
Korea,2021,62.0,,,
Korea,2023,61.8,,,
Latvia,2002,64.0,,,
Latvia,2007,,,,7.200000000000003
Latvia,2008,,,,5.200000000000003
Latvia,2009,,,,11.400000000000006
Latvia,2010,,,,6.599999999999994
Latvia,2011,,,-30.139999999999986,0.0
Latvia,2012,54.0,,,-6.400000000000006
Latvia,2013,,,,-11.599999999999994
Latvia,2014,,-54.0,,-3.5999999999999943
Latvia,2015,64.0,,,1.7999999999999972
Latvia,2016,,,,-6.599999999999994
Latvia,2017,68.0,,,-6.599999999999994
Latvia,2018,,,,-4.799999999999997
Latvia,2019,38.0,,,-3.4000000000000057
Latvia,2020,,-62.0,-34.72,-8.200000000000003
Latvia,2021,42.0,,,-10.0
Latvia,2022,,,,-3.200000000000003
Latvia,2023,42.0,,,
Lithuania,2002,78.8,,,
Lithuania,2007,,,,50.0
Lithuania,2008,,,,51.6
Lithuania,2009,,,,28.0
Lithuania,2010,,,,3.4000000000000057
Lithuania,2011,,,-34.599999999999994,9.200000000000003
Lithuania,2012,51.0,,,12.200000000000003
Lithuania,2013,,,,8.799999999999997
Lithuania,2014,,-22.0,,0.0
Lithuania,2015,53.2,,,3.200000000000003
Lithuania,2016,,,,3.200000000000003
Lithuania,2017,57.4,,,-1.0
Lithuania,2018,,,,5.599999999999994
Lithuania,2019,57.4,,,-0.7999999999999972
Lithuania,2020,,-30.0,-32.46000000000001,2.4000000000000057
Lithuania,2021,44.6,,,-4.400000000000006
Lithuania,2022,,,,-7.400000000000006
Lithuania,2023,43.2,,,
Luxembourg,2002,66.6,,,
Luxembourg,2007,,,,88.2
Luxembourg,2008,,,,86.2
Luxembourg,2009,,,,87.0
Luxembourg,2010,,,,71.4
Luxembourg,2011,,,,70.0
Luxembourg,2012,50.0,,,73.6
Luxembourg,2013,,,,59.0
Luxembourg,2014,,-30.0,,53.4
Luxembourg,2015,43.4,,,40.0
Luxembourg,2016,,,,34.599999999999994
Luxembourg,2017,43.4,,,29.799999999999997
Luxembourg,2018,,,,37.2
Luxembourg,2019,50.0,,,42.8
Luxembourg,2020,,-38.0,20.879999999999995,48.4
Luxembourg,2021,36.6,,,43.8
Luxembourg,2022,,,,53.4
Luxembourg,2023,30.0,,,
Mexico,2002,68.0,,,
Mexico,2011,,,0.8199999999999932,
Mexico,2012,26.400000000000006,,,
Mexico,2015,15.200000000000003,,,
Mexico,2017,14.799999999999997,,,
Mexico,2019,3.5999999999999943,,,
Mexico,2020,,,-5.060000000000002,
Mexico,2021,3.5999999999999943,,,
Mexico,2023,0.0,,,
Netherlands,2002,32.0,,,
Netherlands,2007,,,,64.8
Netherlands,2008,,,,49.0
Netherlands,2009,,,,56.0
Netherlands,2010,,,,48.6
Netherlands,2011,,,,47.8
Netherlands,2012,22.599999999999994,,,47.4
Netherlands,2013,,,,45.2
Netherlands,2014,,-12.0,,40.6
Netherlands,2015,25.400000000000006,,,38.4
Netherlands,2016,,,,36.6
Netherlands,2017,24.0,,,32.8
Netherlands,2018,,,,31.200000000000003
Netherlands,2019,37.4,,,25.400000000000006
Netherlands,2020,,-20.0,-1.7600000000000051,23.400000000000006
Netherlands,2021,33.400000000000006,,,20.200000000000003
Netherlands,2022,,,,17.200000000000003
Netherlands,2023,18.599999999999994,,,
New Zealand,2002,41.6,,,
New Zealand,2012,35.599999999999994,,,
New Zealand,2015,37.2,,,
New Zealand,2017,31.599999999999994,,,
New Zealand,2019,20.0,,,
New Zealand,2021,3.4000000000000057,,,
New Zealand,2023,0.0,,,
Norway,2002,27.200000000000003,,,
Norway,2007,,,,30.0
Norway,2008,,,,34.8
Norway,2009,,,,30.799999999999997
Norway,2010,,,,29.400000000000006
Norway,2011,,,-38.5,30.0
Norway,2012,20.799999999999997,,,22.599999999999994
Norway,2013,,,,21.200000000000003
Norway,2014,,20.0,,21.0
Norway,2015,20.799999999999997,,,32.8
Norway,2016,,,,32.8
Norway,2017,20.799999999999997,,,32.8
Norway,2018,,,,28.0
Norway,2019,18.400000000000006,,,28.400000000000006
Norway,2020,,10.0,-39.97999999999999,30.599999999999994
Norway,2021,11.200000000000003,,,20.599999999999994
Norway,2022,,,,17.200000000000003
Norway,2023,7.599999999999994,,,
OECD average country,2002,59.08,,,
OECD average country,2011,,,-14.260000000000005,
OECD average country,2012,47.36,,,
OECD average country,2014,,-6.5,,
OECD average country,2015,43.88,,,
OECD average country,2017,42.96,,,
OECD average country,2019,39.58,,,
OECD average country,2020,,-14.379999999999995,-17.819999999999993,
OECD average country,2021,35.959999999999994,,,
OECD average country,2023,32.34,,,
Poland,2002,59.6,,,
Poland,2007,,,,13.400000000000006
Poland,2008,,,,20.799999999999997
Poland,2009,,,,19.200000000000003
Poland,2010,,,,22.400000000000006
Poland,2011,,,-16.840000000000003,18.400000000000006
Poland,2012,52.6,,,17.799999999999997
Poland,2013,,,,17.599999999999994
Poland,2014,,,,23.400000000000006
Poland,2015,45.2,,,19.200000000000003
Poland,2016,,,,7.400000000000006
Poland,2017,44.0,,,1.7999999999999972
Poland,2018,,,,4.799999999999997
Poland,2019,41.8,,,9.599999999999994
Poland,2020,,,-21.239999999999995,9.599999999999994
Poland,2021,43.4,,,9.599999999999994
Poland,2022,,,,12.0
Poland,2023,43.4,,,
Portugal,2002,61.8,,,
Portugal,2007,,,,27.400000000000006
Portugal,2008,,,,39.0
Portugal,2009,,,,25.0
Portugal,2010,,,,23.799999999999997
Portugal,2011,,,-17.739999999999995,22.0
Portugal,2012,42.6,,,22.599999999999994
Portugal,2013,,,,21.0
Portugal,2014,,-16.0,,20.0
Portugal,2015,30.400000000000006,,,14.799999999999997
Portugal,2016,,,,16.400000000000006
Portugal,2017,30.400000000000006,,,15.599999999999994
Portugal,2018,,,,5.0
Portugal,2019,28.599999999999994,,,7.799999999999997
Portugal,2020,,-24.0,-22.439999999999998,-1.0
Portugal,2021,20.0,,,-1.5999999999999943
Portugal,2022,,,,-6.599999999999994
Portugal,2023,27.799999999999997,,,
Romania,2007,,,,29.599999999999994
Romania,2008,,,,15.200000000000003
Romania,2009,,,,20.799999999999997
Romania,2010,,,,38.4
Romania,2011,,,-4.480000000000004,-18.200000000000003
Romania,2012,77.6,,,-3.200000000000003
Romania,2013,,,,-0.4000000000000057
Romania,2014,,,,-4.799999999999997
Romania,2015,,,,-3.4000000000000057
Romania,2016,,,,-6.799999999999997
Romania,2017,58.6,,,-3.799999999999997
Romania,2018,,,,0.7999999999999972
Romania,2019,58.6,,,-7.0
Romania,2020,,,-6.719999999999999,-8.599999999999994
Romania,2021,63.0,,,-7.799999999999997
Romania,2022,,,,-0.4000000000000057
Romania,2023,61.8,,,
Slovak Republic,2007,,,,12.400000000000006
Slovak Republic,2008,,,,2.799999999999997
Slovak Republic,2009,,,,11.799999999999997
Slovak Republic,2010,,,,-6.599999999999994
Slovak Republic,2011,,,-19.659999999999997,-6.200000000000003
Slovak Republic,2012,65.4,,,-14.200000000000003
Slovak Republic,2013,,,,-15.400000000000006
Slovak Republic,2014,,-24.0,,18.0
Slovak Republic,2015,62.6,,,16.0
Slovak Republic,2016,,,,5.200000000000003
Slovak Republic,2017,60.0,,,3.4000000000000057
Slovak Republic,2018,,,,7.0
Slovak Republic,2019,60.0,,,5.599999999999994
Slovak Republic,2020,,-24.0,-20.64,5.599999999999994
Slovak Republic,2021,54.6,,,0.4000000000000057
Slovak Republic,2022,,,,6.0
Slovak Republic,2023,56.0,,,
Slovenia,2002,75.6,,,
Slovenia,2007,,,,3.4000000000000057
Slovenia,2008,,,,-1.5999999999999943
Slovenia,2009,,,,-5.400000000000006
Slovenia,2010,,,,-8.0
Slovenia,2011,,,,-10.599999999999994
Slovenia,2012,35.599999999999994,,,-6.799999999999997
Slovenia,2013,,,,-8.200000000000003
Slovenia,2014,,-56.0,,-12.0
Slovenia,2015,26.599999999999994,,,-16.200000000000003
Slovenia,2016,,,,-13.799999999999997
Slovenia,2017,26.599999999999994,,,-14.0
Slovenia,2018,,,,-12.200000000000003
Slovenia,2019,51.2,,,-14.799999999999997
Slovenia,2020,,-60.0,,-14.599999999999994
Slovenia,2021,46.6,,,-14.200000000000003
Slovenia,2022,,,,-20.200000000000003
Slovenia,2023,24.400000000000006,,,
South Africa,2011,,,-3.1599999999999966,
South Africa,2020,,,-10.579999999999998,
Spain,2002,43.4,,,
Spain,2007,,,,33.400000000000006
Spain,2008,,,,0.0
Spain,2009,,,,34.400000000000006
Spain,2010,,,,31.599999999999994
Spain,2011,,,-8.239999999999995,20.200000000000003
Spain,2012,28.0,,,35.2
Spain,2013,,,,36.4
Spain,2014,,-4.0,,36.0
Spain,2015,17.799999999999997,,,39.8
Spain,2016,,,,39.6
Spain,2017,21.799999999999997,,,42.6
Spain,2018,,,,21.599999999999994
Spain,2019,17.799999999999997,,,17.599999999999994
Spain,2020,,-10.0,-12.219999999999999,14.200000000000003
Spain,2021,12.0,,,13.799999999999997
Spain,2022,,,,3.0
Spain,2023,15.200000000000003,,,
Sweden,2002,10.0,,,
Sweden,2007,,,,15.0
Sweden,2008,,,,14.200000000000003
Sweden,2009,,,,12.200000000000003
Sweden,2010,,,,12.799999999999997
Sweden,2011,,,-44.84,10.400000000000006
Sweden,2012,10.599999999999994,,,8.400000000000006
Sweden,2013,,,,7.799999999999997
Sweden,2014,,2.0,,3.799999999999997
Sweden,2015,12.799999999999997,,,0.0
Sweden,2016,,,,0.5999999999999943
Sweden,2017,12.799999999999997,,,-6.0
Sweden,2018,,,,-8.599999999999994
Sweden,2019,5.400000000000006,,,0.5999999999999943
Sweden,2020,,-10.0,-55.02000000000001,0.5999999999999943
Sweden,2021,6.0,,,2.200000000000003
Sweden,2022,,,,-3.4000000000000057
Sweden,2023,7.200000000000003,,,
Switzerland,2002,54.0,,,
Switzerland,2011,,,-13.239999999999995,
Switzerland,2012,43.0,,,
Switzerland,2014,,20.0,,
Switzerland,2015,36.0,,,
Switzerland,2017,35.0,,,
Switzerland,2019,35.0,,,
Switzerland,2020,,12.0,-12.64,
Switzerland,2021,16.0,,,
Switzerland,2023,16.599999999999994,,,
Türkiye,2002,91.6,,,
Türkiye,2007,,,,100.0
Türkiye,2008,,,,100.0
Türkiye,2009,,,,94.8
Türkiye,2010,,,,94.0
Türkiye,2011,,,42.38,89.4
Türkiye,2012,71.6,,,92.4
Türkiye,2013,,,,95.4
Türkiye,2014,,32.0,,97.6
Türkiye,2015,70.2,,,93.2
Türkiye,2016,,,,90.4
Türkiye,2017,70.2,,,94.8
Türkiye,2018,,,,84.4
Türkiye,2019,65.2,,,64.6
Türkiye,2020,,6.0,30.400000000000006,64.6
Türkiye,2021,65.4,,,64.6
Türkiye,2022,,,,64.8
Türkiye,2023,65.2,,,
United Kingdom,2002,64.2,,,
United Kingdom,2007,,,,55.6
United Kingdom,2008,,,,58.8
United Kingdom,2009,,,,49.6
United Kingdom,2010,,,,50.0
United Kingdom,2011,,,-28.78,44.4
United Kingdom,2012,55.4,,,41.8
United Kingdom,2013,,,,44.2
United Kingdom,2014,,54.0,,41.2
United Kingdom,2015,41.2,,,33.8
United Kingdom,2016,,,,29.799999999999997
United Kingdom,2017,40.0,,,27.200000000000003
United Kingdom,2018,,,,26.200000000000003
United Kingdom,2019,36.0,,,27.200000000000003
United Kingdom,2020,,39.0,-31.28,30.400000000000006
United Kingdom,2021,32.2,,,30.400000000000006
United Kingdom,2022,,,,30.400000000000006
United Kingdom,2023,31.0,,,
United States,2002,72.0,,,
United States,2011,,,-13.0,
United States,2012,66.0,,,
United States,2015,61.2,,,
United States,2017,61.8,,,
United States,2019,53.0,,,
United States,2020,,,-14.260000000000005,
United States,2021,45.4,,,
United States,2023,41.2,,,
