country,year,wage_gap
Argentina,2017,11.12474313
Argentina,2018,9.953740842
Argentina,2019,9.036431868
Argentina,2020,6.757103788
Argentina,2021,7.935946485
Argentina,2022,9.346530528
Argentina,2023,7.897972593
Argentina,2024,11.55910732
Australia,1975,25.65789474
Australia,1976,24.71264368
Australia,1977,23.56020942
Australia,1978,22.48803828
Australia,1979,22.76785714
Australia,1980,22.05645161
Australia,1981,21.37681159
Australia,1982,23.91304348
Australia,1983,21.76470588
Australia,1984,22.13114754
Australia,1985,23.0964467
Australia,1986,20.71428571
Australia,1987,20.4954955
Australia,1988,20.79831933
Australia,1989,21.19460501
Australia,1990,20.73394495
Australia,1991,19.12280702
Australia,1992,17.62711864
Australia,1993,18.53035144
Australia,1994,20.0
Australia,1995,18.15476191
Australia,1996,0.0
Australia,1997,19.44074567
Australia,1998,18.16993464
Australia,1999,18.6407815
Australia,2000,20.33371519
Australia,2001,19.68854283
Australia,2002,17.39593383
Australia,2003,18.35189069
Australia,2004,17.72406848
Australia,2005,18.43361987
Australia,2006,19.07308378
Australia,2007,19.88448845
Australia,2008,19.34189406
Australia,2009,19.72581874
Australia,2010,20.38123167
Australia,2011,19.45830364
Australia,2012,20.37659718
Australia,2013,21.38690862
Australia,2014,19.94496811
Australia,2015,18.83669352
Australia,2016,18.41601994
Australia,2017,15.31138461
Australia,2018,16.34133128
Australia,2019,17.77653193
Australia,2020,14.29781268
Australia,2021,15.77333185
Australia,2022,15.23969964
Australia,2023,13.00002495
Australia,2024,11.35703128
Austria,2000,28.29763882
Austria,2001,28.04396689
Austria,2002,27.39245884
Austria,2003,27.2818896
Austria,2004,27.91124234
Austria,2005,27.32388745
Austria,2006,27.14676332
Austria,2007,27.01663638
Austria,2008,26.00535704
Austria,2009,24.54597803
Austria,2010,24.14373323
Austria,2011,23.55489666
Austria,2012,22.97117524
Austria,2013,22.74180543
Austria,2014,22.37372994
Austria,2015,21.76276734
Austria,2016,19.83322424
Austria,2017,19.6190795
Austria,2018,19.21299348
Austria,2019,18.39321854
Austria,2020,16.9025604
Austria,2021,16.81950144
Austria,2022,16.58532495
Austria,2023,16.16614083
Belgium,1999,18.53908586
Belgium,2000,17.47491639
Belgium,2001,16.10711431
Belgium,2002,14.98616054
Belgium,2003,16.56716418
Belgium,2004,15.01632209
Belgium,2005,14.47979979
Belgium,2006,12.47364722
Belgium,2007,11.68608636
Belgium,2008,11.25082727
Belgium,2009,10.30595813
Belgium,2010,10.02514142
Belgium,2011,8.072437078
Belgium,2012,7.259036145
Belgium,2013,6.525625745
Belgium,2014,6.309420916
Belgium,2015,6.082238721
Belgium,2016,5.254237288
Belgium,2017,5.099778271
Belgium,2018,5.082454718
Belgium,2019,4.098791382
Belgium,2020,0.416992442
Belgium,2021,0.642013354
Belgium,2022,0.783162017
Belgium,2023,1.189691351
Brazil,2012,11.64845192
Brazil,2013,11.79939343
Brazil,2014,12.83887062
Brazil,2015,11.63160295
Brazil,2016,8.815691445
Brazil,2017,9.482170541
Brazil,2018,9.505130601
Brazil,2019,8.974902007
Brazil,2020,8.358559657
Brazil,2021,7.387457195
Brazil,2022,9.011560557
Brazil,2023,8.788449246
Brazil,2024,5.314373434
Bulgaria,2002,18.18957531
Bulgaria,2006,11.5588562
Bulgaria,2010,14.31998628
Bulgaria,2014,14.62438816
Bulgaria,2018,14.51468555
Bulgaria,2022,14.52622702
Bulgaria,2023,14.88625789
Canada,1997,22.76449574
Canada,1998,23.15120815
Canada,1999,23.00278942
Canada,2000,23.39336881
Canada,2001,23.30641766
Canada,2002,22.1238294
Canada,2003,21.40184466
Canada,2004,20.68925275
Canada,2005,20.13391643
Canada,2006,20.75155372
Canada,2007,20.89448296
Canada,2008,21.20306664
Canada,2009,19.62402129
Canada,2010,19.29934989
Canada,2011,18.74217081
Canada,2012,18.5265915
Canada,2013,18.47757423
Canada,2014,18.3583841
Canada,2015,17.99712911
Canada,2016,17.69040345
Canada,2017,18.03417481
Canada,2018,17.3550548
Canada,2019,16.97332896
Canada,2020,15.90400787
Canada,2021,15.84975038
Canada,2022,16.26509369
Canada,2023,16.20368533
Canada,2024,15.65695904
Chile,1998,18.30393238
Chile,2000,12.82599321
Chile,2003,11.84948434
Chile,2006,8.566773198
Chile,2009,13.35250484
Chile,2011,13.08551538
Chile,2013,15.96968668
Chile,2015,14.59520155
Chile,2017,10.65840922
Chile,2020,14.83171859
Chile,2021,16.06367699
Chile,2022,19.72992693
Chile,2023,18.8593827
Colombia,2007,10.62042764
Colombia,2008,11.03785067
Colombia,2009,10.22112901
Colombia,2010,13.96253308
Colombia,2011,10.60217166
Colombia,2012,12.91111885
Colombia,2013,9.749305064
Colombia,2014,14.91505387
Colombia,2015,11.44422481
Colombia,2016,9.850291028
Colombia,2017,8.871017801
Colombia,2018,6.510817966
Colombia,2019,7.930337471
Colombia,2020,2.461095933
Colombia,2021,2.092951817
Colombia,2022,0.100390482
Colombia,2023,1.656794958
Colombia,2024,0.325865819
Costa Rica,2010,11.94730418
Costa Rica,2011,12.3461108
Costa Rica,2012,13.81799727
Costa Rica,2013,11.87705239
Costa Rica,2014,16.10180941
Costa Rica,2015,12.61810824
Costa Rica,2016,11.64236152
Costa Rica,2017,11.69663626
Costa Rica,2018,11.27038396
Costa Rica,2019,11.9388829
Costa Rica,2020,5.774613713
Costa Rica,2021,3.737903721
Costa Rica,2022,0.479212529
Costa Rica,2023,4.106446023
Costa Rica,2024,6.928988597
Croatia,2010,6.443275959
Croatia,2014,8.733275185
Croatia,2018,11.42497247
Croatia,2022,7.646547241
Croatia,2023,11.27624386
Cyprus,2002,32.65956141
Cyprus,2006,24.95357694
Cyprus,2010,20.76439116
Cyprus,2014,17.05336008
Cyprus,2018,16.12885436
Cyprus,2022,17.80542772
Cyprus,2023,17.66395805
Czechia,1996,19.05414047
Czechia,1997,20.54521369
Czechia,1998,0.0
Czechia,1999,23.20670605
Czechia,2000,0.0
Czechia,2001,21.92666932
Czechia,2002,21.76856344
Czechia,2003,21.72368357
Czechia,2004,21.44758461
Czechia,2005,21.25030322
Czechia,2006,20.87413545
Czechia,2007,21.07096022
Czechia,2008,22.32653889
Czechia,2009,21.50323884
Czechia,2010,21.2487647
Czechia,2011,22.67867912
Czechia,2012,22.08637828
Czechia,2013,21.694343
Czechia,2014,21.93062145
Czechia,2015,21.87925556
Czechia,2016,21.06970217
Czechia,2017,20.72143003
Czechia,2018,19.94433636
Czechia,2019,18.79644324
Czechia,2020,16.4840446
Czechia,2021,15.21068859
Czechia,2022,17.7353458
Czechia,2023,17.73845231
Czechia,2024,18.12328024
Denmark,2002,14.59940588
Denmark,2003,13.75002848
Denmark,2004,14.15321932
Denmark,2005,15.02070759
Denmark,2006,14.95184061
Denmark,2007,14.60486237
Denmark,2008,14.58924173
Denmark,2009,13.99224343
Denmark,2010,11.983277
Denmark,2011,12.78885185
Denmark,2012,12.62362386
Denmark,2013,12.18378486
Denmark,2014,11.35600655
Denmark,2015,10.75408941
Denmark,2016,10.47011959
Denmark,2017,10.01975998
Denmark,2018,12.74981083
Denmark,2019,9.45677519
Denmark,2020,9.096764476
Denmark,2021,9.234754363
Denmark,2022,8.961374028
Denmark,2023,8.42383165
Estonia,2002,27.19633936
Estonia,2006,29.44421092
Estonia,2010,28.84017498
Estonia,2014,29.83578732
Estonia,2018,24.01634462
Estonia,2022,23.08254919
Estonia,2023,25.60711012
European Union (19 countries) in OECD,1995,21.0908980181765
European Union (19 countries) in OECD,1996,20.9934595904118
European Union (19 countries) in OECD,1997,21.0446315897059
European Union (19 countries) in OECD,1998,21.1163294071176
European Union (19 countries) in OECD,1999,20.949428739
European Union (19 countries) in OECD,2000,21.0165002158235
European Union (19 countries) in OECD,2001,20.9361397681176
European Union (19 countries) in OECD,2002,21.0245015212982
European Union (19 countries) in OECD,2003,20.6059078074671
European Union (19 countries) in OECD,2004,20.0643123479945
European Union (19 countries) in OECD,2005,19.5049322881409
European Union (19 countries) in OECD,2006,18.9236383167316
European Union (19 countries) in OECD,2007,18.4780635363749
European Union (19 countries) in OECD,2008,18.0736495761695
European Union (19 countries) in OECD,2009,17.5219489437114
European Union (19 countries) in OECD,2010,16.9248678854895
European Union (19 countries) in OECD,2011,17.0580262645476
European Union (19 countries) in OECD,2012,16.7319599275883
European Union (19 countries) in OECD,2013,16.6253255377289
European Union (19 countries) in OECD,2014,16.6621007646684
European Union (19 countries) in OECD,2015,16.1197341360517
European Union (19 countries) in OECD,2016,15.6728012835824
European Union (19 countries) in OECD,2017,15.3031467499468
European Union (19 countries) in OECD,2018,15.2769468956737
European Union (19 countries) in OECD,2019,14.4830080459423
European Union (19 countries) in OECD,2020,13.5193709233044
European Union (19 countries) in OECD,2021,13.1991100593068
European Union (19 countries) in OECD,2022,12.8911567230316
European Union (19 countries) in OECD,2023,13.1063219364947
European Union (27 countries),1995,20.4619000091364
European Union (27 countries),1996,20.4142065498182
European Union (27 countries),1997,20.521390205299
European Union (27 countries),1998,20.5992912729509
European Union (27 countries),1999,20.5461704998636
European Union (27 countries),2000,20.5496858501737
European Union (27 countries),2001,20.4048154294091
European Union (27 countries),2002,19.9990190455641
European Union (27 countries),2003,18.7900073853443
European Union (27 countries),2004,18.2361584796117
European Union (27 countries),2005,17.8305360785942
European Union (27 countries),2006,17.2477738204778
European Union (27 countries),2007,17.2651524349325
European Union (27 countries),2008,17.0460672285898
European Union (27 countries),2009,16.526823962376
European Union (27 countries),2010,15.9519809403148
European Union (27 countries),2011,16.1132355587587
European Union (27 countries),2012,16.0019344383449
European Union (27 countries),2013,15.8194257232667
European Union (27 countries),2014,15.6811386640778
European Union (27 countries),2015,15.2994723974582
European Union (27 countries),2016,14.9033637244805
European Union (27 countries),2017,14.6703348362084
European Union (27 countries),2018,14.8438325555667
European Union (27 countries),2019,14.4072557419653
European Union (27 countries),2020,13.326011338168
European Union (27 countries),2021,13.0747439792664
European Union (27 countries),2022,12.5913333887852
European Union (27 countries),2023,13.0255641815222
Finland,1977,0.0
Finland,1978,32.07126949
Finland,1979,31.4
Finland,1980,30.52031821
Finland,1982,31.23209169
Finland,1983,29.50483896
Finland,1984,28.09123649
Finland,1986,26.57178813
Finland,1987,26.71102662
Finland,1988,26.07174103
Finland,1989,26.14803578
Finland,1990,25.50154546
Finland,1991,24.72910965
Finland,1992,23.40214371
Finland,1993,24.099157
Finland,1994,25.37554347
Finland,1995,23.87035872
Finland,1996,21.61250427
Finland,1997,23.10996206
Finland,1998,24.29358381
Finland,1999,22.6874298
Finland,2000,23.32688588
Finland,2001,24.43527498
Finland,2002,23.68939461
Finland,2003,23.26887265
Finland,2004,22.32711367
Finland,2005,22.05298895
Finland,2006,22.44986922
Finland,2007,23.21945427
Finland,2008,24.58989578
Finland,2009,23.14183955
Finland,2010,20.60851285
Finland,2011,22.14216374
Finland,2012,21.08223102
Finland,2013,21.83030478
Finland,2014,21.62710078
Finland,2015,20.56484892
Finland,2016,19.13298896
Finland,2017,19.42833015
Finland,2018,21.48266935
Finland,2019,20.46000687
Finland,2020,18.41404903
Finland,2021,18.8823117
Finland,2022,18.74048835
Finland,2023,18.78865167
France,2002,17.16363879
France,2006,17.07865188
France,2010,16.29466364
France,2014,16.32689328
France,2018,17.38152012
France,2022,13.02726273
France,2023,10.21883723
Germany,1992,28.10854355
Germany,1993,26.36393266
Germany,1994,24.79712815
Germany,1995,24.14456264
Germany,1996,24.74596381
Germany,1997,24.11843001
Germany,1998,24.15367115
Germany,1999,22.92251381
Germany,2000,24.22984466
Germany,2001,23.29224464
Germany,2002,22.54637674
Germany,2003,24.10006933
Germany,2004,23.9407044
Germany,2005,21.4894744
Germany,2006,20.9587304
Germany,2007,20.75576901
Germany,2008,21.39172928
Germany,2009,19.27251993
Germany,2010,17.16324637
Germany,2011,22.05899117
Germany,2012,19.05897491
Germany,2013,18.90548746
Germany,2014,19.40975
Germany,2015,17.9959007
Germany,2016,19.16267032
Germany,2017,16.84782112
Germany,2018,18.58741694
Germany,2019,17.328814
Germany,2020,16.79650079
Germany,2021,18.74655433
Germany,2022,18.51478393
Germany,2023,17.33614406
Greece,2002,27.53857646
Greece,2006,22.62413959
Greece,2010,17.08334338
Greece,2014,13.84178589
Greece,2018,14.80508214
Greece,2022,14.74222892
Greece,2023,15.01991997
Hungary,1986,0.0
Hungary,1989,26.38775842
Hungary,1992,18.47071716
Hungary,1993,9.474946225
Hungary,1994,19.00836959
Hungary,1995,19.26054278
Hungary,1996,21.12239725
Hungary,1997,0.0
Hungary,1998,20.28389167
Hungary,1999,21.04683074
Hungary,2000,21.01301752
Hungary,2001,20.71374088
Hungary,2002,16.63164992
Hungary,2003,12.16853092
Hungary,2004,12.03005621
Hungary,2005,13.90878078
Hungary,2006,12.3076018
Hungary,2007,14.43914139
Hungary,2008,14.1561576
Hungary,2009,15.09070541
Hungary,2010,16.51276848
Hungary,2011,16.31912167
Hungary,2012,20.01431435
Hungary,2013,18.41246031
Hungary,2014,15.09044194
Hungary,2015,17.35471095
Hungary,2016,17.19342849
Hungary,2017,15.34988187
Hungary,2018,13.73229971
Hungary,2019,18.57943254
Hungary,2020,17.61490601
Hungary,2021,17.92277183
Hungary,2022,18.95054372
Hungary,2023,19.03270009
Iceland,2002,27.0308213
Iceland,2006,23.92902039
Iceland,2010,19.20892767
Iceland,2014,18.58401252
Iceland,2018,15.99547176
Iceland,2022,0.0
India,2018,19.420271
India,2019,19.83811139
India,2020,18.6105097
India,2021,22.52270987
India,2022,18.21747141
India,2023,19.68441637
India,2024,20.34439675
Ireland,2002,19.1250251
Ireland,2006,22.0467702
Ireland,2010,18.29269585
Ireland,2014,15.92283381
Ireland,2018,15.41674986
Ireland,2022,15.90389568
Ireland,2023,16.80041843
Israel,2001,31.5952158
Israel,2002,29.72402098
Israel,2003,28.46957064
Israel,2004,27.25224218
Israel,2005,26.25195763
Israel,2006,25.12456295
Israel,2007,25.49303835
Israel,2008,28.26305419
Israel,2009,24.69878958
Israel,2010,25.48797382
Israel,2011,24.89500479
Israel,2012,24.32988529
Israel,2013,25.71408681
Israel,2014,25.88653955
Israel,2015,24.22555619
Israel,2016,26.96285447
Israel,2017,25.91035096
Israel,2018,24.23386145
Israel,2019,23.7663108
Israel,2020,23.31949138
Israel,2021,25.57830236
Israel,2022,25.83703571
Italy,2002,18.22199476
Italy,2006,16.23536499
Italy,2010,11.47453352
Italy,2014,15.31130095
Italy,2018,13.83130118
Italy,2022,11.97711016
Italy,2023,7.126864177
Japan,1975,41.07856192
Japan,1976,41.18811881
Japan,1977,41.02409639
Japan,1978,41.02999434
Japan,1979,41.00912507
Japan,1980,41.13796576
Japan,1981,41.05960265
Japan,1982,41.3963964
Japan,1983,41.25599651
Japan,1984,41.38947368
Japan,1985,40.39247751
Japan,1986,40.29318542
Japan,1987,39.50329841
Japan,1988,39.48562784
Japan,1989,39.76819993
Japan,1990,39.75903615
Japan,1991,39.30217248
Japan,1992,38.50079745
Japan,1993,38.41825571
Japan,1994,37.99633476
Japan,1995,37.51515152
Japan,1996,37.24550898
Japan,1997,36.884273
Japan,1998,36.117717
Japan,1999,35.4024354
Japan,2000,34.50118765
Japan,2001,34.72262988
Japan,2002,33.49196907
Japan,2003,33.17436662
Japan,2004,32.43486074
Japan,2005,34.13262285
Japan,2006,34.13262285
Japan,2007,33.11553312
Japan,2008,32.24453102
Japan,2009,30.23255814
Japan,2010,30.67316479
Japan,2011,29.36338715
Japan,2012,29.14893617
Japan,2013,28.65030675
Japan,2014,27.79126214
Japan,2015,27.78275142
Japan,2016,27.02863962
Japan,2017,26.64679583
Japan,2018,26.68838863
Japan,2019,25.73964497
Japan,2020,25.67886659
Japan,2021,24.79240807
Japan,2022,23.22064057
Japan,2023,25.16386435
Japan,2024,24.18066648
Korea,1984,0.0
Korea,1985,55.36041861
Korea,1986,0.0
Korea,1987,0.0
Korea,1988,0.0
Korea,1989,0.0
Korea,1990,0.0
Korea,1991,0.0
Korea,1992,48.51516212
Korea,1993,47.78481417
Korea,1994,45.6759166
Korea,1995,44.44842889
Korea,1996,43.1320717
Korea,1997,41.69785038
Korea,1998,40.96181115
Korea,1999,39.69163648
Korea,2000,39.43315537
Korea,2001,39.13613966
Korea,2002,39.53462065
Korea,2003,39.52987746
Korea,2004,39.1887118
Korea,2005,38.74667542
Korea,2006,38.45570807
Korea,2007,37.24212636
Korea,2008,38.043023
Korea,2009,37.24470649
Korea,2010,37.04384676
Korea,2011,35.88762252
Korea,2012,34.97627684
Korea,2013,35.39093895
Korea,2014,35.69306487
Korea,2015,36.13976438
Korea,2016,35.15272012
Korea,2017,34.1281258
Korea,2018,32.32500058
Korea,2019,31.6135838
Korea,2020,30.45038121
Korea,2021,30.33347869
Korea,2022,30.08554971
Korea,2023,29.33355374
Korea,2024,28.96650065
Latvia,2002,19.20555423
Latvia,2006,15.21496155
Latvia,2010,19.53017164
Latvia,2014,21.54361115
Latvia,2018,23.15873094
Latvia,2022,22.68432828
Latvia,2023,23.62953667
Lithuania,2002,18.94218686
Lithuania,2006,20.52158024
Lithuania,2010,16.44867264
Lithuania,2014,17.63493668
Lithuania,2018,16.73906321
Lithuania,2022,13.59680657
Lithuania,2023,0.0
Luxembourg,2002,18.493816135
Luxembourg,2006,13.705054581
Luxembourg,2010,12.989724375
Luxembourg,2014,8.9511924682
Luxembourg,2018,3.2017430351
Luxembourg,2022,-0.297029197
Malta,2002,13.93863218
Malta,2006,12.59732971
Malta,2010,13.8620023
Malta,2014,16.16735459
Malta,2018,16.47227562
Malta,2022,8.747367957
Malta,2023,14.6514623
Mexico,2005,17.19667911
Mexico,2006,12.62196336
Mexico,2007,11.66608383
Mexico,2008,15.99391835
Mexico,2009,7.454217419
Mexico,2010,12.64193058
Mexico,2011,11.87089114
Mexico,2012,11.33222725
Mexico,2013,12.01276857
Mexico,2014,11.65073354
Mexico,2015,11.95265257
Mexico,2016,11.78612838
Mexico,2017,11.20675933
Mexico,2018,11.3371818
Mexico,2019,11.68756766
Mexico,2020,7.423936046
Mexico,2021,9.935138875
Mexico,2022,10.36108059
Mexico,2023,11.89279029
Mexico,2024,12.49419477
Netherlands,2002,21.24396438
Netherlands,2006,20.52515912
Netherlands,2010,20.0003367
Netherlands,2014,17.54622162
Netherlands,2018,13.17621138
Netherlands,2022,9.200373171
Netherlands,2023,10.12519213
New Zealand,1984,0.0
New Zealand,1985,0.0
New Zealand,1986,0.0
New Zealand,1987,0.0
New Zealand,1988,0.0
New Zealand,1989,0.0
New Zealand,1990,0.0
New Zealand,1991,0.0
New Zealand,1992,0.0
New Zealand,1993,0.0
New Zealand,1994,0.0
New Zealand,1995,0.0
New Zealand,1996,0.0
New Zealand,1997,17.21637314
New Zealand,1998,15.4956683
New Zealand,1999,13.94190543
New Zealand,2000,11.91762833
New Zealand,2001,13.74680266
New Zealand,2002,12.63624866
New Zealand,2003,13.24231646
New Zealand,2004,13.87901527
New Zealand,2005,15.73653731
New Zealand,2006,12.61164262
New Zealand,2007,13.99990901
New Zealand,2008,13.53097262
New Zealand,2009,13.96139056
New Zealand,2010,12.62333688
New Zealand,2011,11.8145974
New Zealand,2012,11.80540387
New Zealand,2013,12.02213977
New Zealand,2014,12.75637653
New Zealand,2015,13.14092896
New Zealand,2016,12.47871852
New Zealand,2017,11.12164297
New Zealand,2018,11.85687881
New Zealand,2019,10.35003018
New Zealand,2020,8.105947243
New Zealand,2021,8.165548098
New Zealand,2022,8.254219409
New Zealand,2023,7.336287543
New Zealand,2024,8.909002354
Norway,1997,14.58812701
Norway,1998,14.6883006
Norway,1999,14.7601476
Norway,2000,14.52492212
Norway,2001,14.47711202
Norway,2002,13.92582225
Norway,2003,13.82582176
Norway,2004,13.33551769
Norway,2005,13.24041812
Norway,2006,13.21839081
Norway,2007,13.49885845
Norway,2008,13.8292159
Norway,2009,13.3975026
Norway,2010,12.82243927
Norway,2011,12.69573597
Norway,2012,11.70014012
Norway,2013,12.05035971
Norway,2014,11.52920586
Norway,2015,13.04806071
Norway,2016,12.28033473
Norway,2017,11.44739551
Norway,2018,10.91091091
Norway,2019,10.61895551
Norway,2020,10.71023801
Norway,2021,10.36044195
Norway,2022,10.53086633
Norway,2023,9.772466852
Norway,2024,9.959602237
OECD,1995,21.6182460433735
OECD,1996,21.5282104018597
OECD,1997,21.4330731564902
OECD,1998,21.3428587570748
OECD,1999,21.1667427651198
OECD,2000,21.0310919486435
OECD,2001,21.2692604832356
OECD,2002,20.6967126360751
OECD,2003,20.2479623688052
OECD,2004,19.8107894188586
OECD,2005,19.611257375172
OECD,2006,19.06671342225
OECD,2007,19.1272192209449
OECD,2008,19.233913965945
OECD,2009,18.3643847486736
OECD,2010,17.9192453893639
OECD,2011,17.7986949311872
OECD,2012,17.8142253158374
OECD,2013,17.6560960746688
OECD,2014,17.2222126164496
OECD,2015,16.7491662952014
OECD,2016,16.2032416021357
OECD,2017,15.7827994267344
OECD,2018,15.8460815852246
OECD,2019,15.288246455215
OECD,2020,13.8696789953009
OECD,2021,13.8096906247288
OECD,2022,13.7692370960105
OECD,2023,13.7362741767237
Peru,2010,21.1202138
Peru,2011,22.68999147
Peru,2012,21.1081095
Peru,2013,18.55386014
Peru,2014,18.13587827
Peru,2015,16.68759257
Peru,2016,16.28083826
Peru,2017,17.09254866
Peru,2018,17.79234032
Peru,2020,7.973324626
Peru,2021,10.87830826
Peru,2022,15.6534879
Poland,1980,0.0
Poland,1981,0.0
Poland,1982,0.0
Poland,1983,0.0
Poland,1984,0.0
Poland,1985,0.0
Poland,1986,0.0
Poland,1987,0.0
Poland,1988,0.0
Poland,1989,0.0
Poland,1990,0.0
Poland,1991,0.0
Poland,1992,0.0
Poland,1993,0.0
Poland,1994,0.0
Poland,1995,23.67354303
Poland,1996,20.78112079
Poland,1997,0.0
Poland,1998,19.35080889
Poland,1999,20.04138769
Poland,2000,0.0
Poland,2001,18.15518079
Poland,2002,16.87463918
Poland,2003,0.0
Poland,2004,16.37865331
Poland,2005,0.0
Poland,2006,17.83943134
Poland,2007,0.0
Poland,2008,18.67627711
Poland,2009,0.0
Poland,2010,15.02376211
Poland,2011,0.0
Poland,2012,16.68722081
Poland,2013,0.0
Poland,2014,17.05092877
Poland,2016,15.60896203
Poland,2018,24.73436089
Poland,2020,12.78280174
Poland,2022,14.92986741
Poland,2023,17.3603569
Portugal,2002,21.38754866
Portugal,2006,11.48833251
Portugal,2010,13.73516094
Portugal,2014,15.11411798
Portugal,2018,10.9078357
Portugal,2022,8.390569453
Portugal,2023,9.347191552
Romania,2002,15.43268443
Romania,2006,6.298465104
Romania,2010,9.220076062
Romania,2014,4.929929257
Romania,2018,2.736090659
Romania,2022,2.333869788
Romania,2023,3.952273407
Slovak Republic,2002,27.17937898
Slovak Republic,2003,25.84141088
Slovak Republic,2004,26.14048225
Slovak Republic,2005,26.90618763
Slovak Republic,2006,24.98694722
Slovak Republic,2007,23.99636346
Slovak Republic,2008,22.18931592
Slovak Republic,2009,23.47068979
Slovak Republic,2010,22.63759086
Slovak Republic,2011,22.36842105
Slovak Republic,2012,22.25275694
Slovak Republic,2013,20.7427836
Slovak Republic,2014,21.38524961
Slovak Republic,2015,20.64511416
Slovak Republic,2016,20.57530081
Slovak Republic,2017,20.61024894
Slovak Republic,2018,20.78017548
Slovak Republic,2019,18.91264205
Slovak Republic,2020,16.6986841
Slovak Republic,2021,15.6923869
Slovak Republic,2022,17.31406119
Slovak Republic,2023,15.99106148
Slovenia,2002,8.679087541
Slovenia,2006,8.035219813
Slovenia,2010,4.470873111
Slovenia,2014,8.025727609
Slovenia,2018,10.66355695
Slovenia,2022,7.914861179
Slovenia,2023,9.339293146
Spain,2002,19.70290551
Spain,2006,17.0628186
Spain,2010,13.20752086
Spain,2014,12.19953988
Spain,2018,9.217011964
Spain,2022,6.2184055
Spain,2023,6.718866264
Sweden,1992,16.25
Sweden,1993,16.46341463
Sweden,1994,15.88235294
Sweden,1995,15.02890173
Sweden,1996,16.66666667
Sweden,1997,17.34693878
Sweden,1998,18.1372549
Sweden,1999,16.98113208
Sweden,2000,17.56756757
Sweden,2001,17.59656652
Sweden,2002,17.01244813
Sweden,2003,16.53225807
Sweden,2004,16.34241245
Sweden,2005,16.28787879
Sweden,2006,15.86715867
Sweden,2007,16.07142857
Sweden,2008,15.98639456
Sweden,2009,14.6179402
Sweden,2010,14.37908497
Sweden,2011,14.1025641
Sweden,2012,14.01869159
Sweden,2013,13.67781155
Sweden,2014,13.0952381
Sweden,2015,12.31671554
Sweden,2016,12.03438395
Sweden,2017,11.20448179
Sweden,2018,10.68493151
Sweden,2019,9.946236559
Sweden,2020,9.762532982
Sweden,2021,10.0
Sweden,2022,9.950248756
Sweden,2023,10.0
Sweden,2024,10.2739726
Switzerland,1996,27.49726425
Switzerland,1998,26.4995044
Switzerland,2000,26.84933379
Switzerland,2002,25.57410763
Switzerland,2004,24.80708844
Switzerland,2006,24.49472211
Switzerland,2008,25.04444653
Switzerland,2010,23.68804242
Switzerland,2012,24.78163868
Switzerland,2014,20.7800286
Switzerland,2016,18.4929469
Switzerland,2018,18.39330941
Switzerland,2020,17.79303742
Switzerland,2022,15.42550091
Switzerland,2023,0.0
Türkiye,2006,1.375234902
Türkiye,2010,0.0
Türkiye,2014,1.197095568
Türkiye,2018,7.016422478
United Kingdom,1970,46.21326819
United Kingdom,1971,45.7204564
United Kingdom,1972,45.40677292
United Kingdom,1973,46.08065245
United Kingdom,1974,43.75379646
United Kingdom,1975,38.75753689
United Kingdom,1976,35.77712531
United Kingdom,1977,35.4022282
United Kingdom,1978,36.74291271
United Kingdom,1979,37.71498004
United Kingdom,1980,36.48054022
United Kingdom,1981,34.74231819
United Kingdom,1982,35.5515435
United Kingdom,1983,34.71464555
United Kingdom,1984,35.57340382
United Kingdom,1985,35.40676751
United Kingdom,1986,34.95001168
United Kingdom,1987,35.00194641
United Kingdom,1988,34.23393955
United Kingdom,1989,33.34817981
United Kingdom,1990,32.73492835
United Kingdom,1991,31.15476274
United Kingdom,1992,30.05762392
United Kingdom,1993,29.62817341
United Kingdom,1994,28.83145664
United Kingdom,1995,28.95024928
United Kingdom,1996,28.69959218
United Kingdom,1997,28.27995563
United Kingdom,1998,28.82483656
United Kingdom,1999,27.70040443
United Kingdom,2000,27.62896275
United Kingdom,2001,27.12394959
United Kingdom,2002,26.7976336
United Kingdom,2003,26.41686074
United Kingdom,2004,25.00405572
United Kingdom,2005,24.35353569
United Kingdom,2006,24.5210945
United Kingdom,2007,24.1608917
United Kingdom,2008,24.4155034
United Kingdom,2009,22.92288434
United Kingdom,2010,22.30786268
United Kingdom,2011,21.70413123
United Kingdom,2012,20.523687
United Kingdom,2013,21.25018472
United Kingdom,2014,19.98516321
United Kingdom,2015,19.71189181
United Kingdom,2016,19.59101959
United Kingdom,2017,19.30437212
United Kingdom,2018,19.48034464
United Kingdom,2019,18.39473684
United Kingdom,2020,15.17360191
United Kingdom,2021,16.82254965
United Kingdom,2022,16.01133983
United Kingdom,2023,15.05488157
United Kingdom,2024,16.10406364
United States,1973,38.42364532
United States,1974,38.0733945
United States,1975,37.28813559
United States,1976,36.65338645
United States,1977,37.26937269
United States,1978,37.24137931
United States,1979,36.67711599
United States,1980,35.65217391
United States,1981,34.31635389
United States,1982,32.99748111
United States,1983,32.22512582
United States,1984,31.08667349
United States,1985,30.41261322
United States,1986,29.57460592
United States,1987,28.54845783
United States,1988,27.37160366
United States,1989,28.70675453
United States,1990,27.89302092
United States,1991,26.38864826
United States,1992,24.94487975
United States,1993,23.9601872
United States,1994,27.12369598
United States,1995,26.64670659
United States,1996,25.83941606
United States,1997,25.87412587
United States,1998,26.0
United States,1999,26.62420382
United States,2000,26.98412698
United States,2001,27.08333333
United States,2002,25.59456399
United States,2003,24.49888641
United States,2004,24.45887446
United States,2005,22.99465241
United States,2006,23.6869207
United States,2007,21.86588921
United States,2008,23.36103416
United States,2009,24.03508772
United States,2010,21.61204606
United States,2011,21.15384615
United States,2012,21.99661591
United States,2013,22.04658902
United States,2014,22.12096106
United States,2015,23.77622378
United States,2016,20.48286604
United States,2017,20.89665654
United States,2018,21.02973169
United States,2019,21.11498258
United States,2020,19.40199336
United States,2021,17.73879142
United States,2022,21.6152019
United States,2023,17.90697674
United States,2024,19.44444444
